Solvent,SMILES_1,comp_1,Temperature,MWt (g/mol),x_solute_non_iter,x_solute,LogS_non_iter,LogS
(1-Thiapropyl)-Benzene,C1=CC=CC=C1SCC,100.0,278.15,138.2,0.0003790052999338336,0.000426223706413577,-1.0477787276845485,-0.996814382276961
(1-Thiapropyl)-Benzene,C1=CC=CC=C1SCC,100.0,333.15,138.2,0.013378865547302811,0.01699471140825299,0.49236122006944016,0.5941559875686747
(1-Thiapropyl)-Benzene,C1=CC=CC=C1SCC,100.0,328.15,138.2,0.010320523197006437,0.012929526012570827,0.3814275969793113,0.4777861790635106
(1-Thiapropyl)-Benzene,C1=CC=CC=C1SCC,100.0,323.15,138.2,0.007875924511286799,0.00973444416474237,0.26545866701180953,0.35637974322112836
(1-Thiapropyl)-Benzene,C1=CC=CC=C1SCC,100.0,313.15,138.2,0.004429661890697652,0.005336894241193141,0.017553429784830515,0.0979372556296427
(1-Thiapropyl)-Benzene,C1=CC=CC=C1SCC,100.0,308.15,138.2,0.003260270463858943,0.003881701779416685,-0.11487399272495635,-0.0394720160813771
(1-Thiapropyl)-Benzene,C1=CC=CC=C1SCC,100.0,318.15,138.2,0.005942270439169531,0.0072492567839373455,0.14424498242176043,0.22981826180610085
(1-Thiapropyl)-Benzene,C1=CC=CC=C1SCC,100.0,298.15,138.2,0.0016947313012949051,0.001974462295061587,-0.39810194107020286,-0.3319193407204125
(1-Thiapropyl)-Benzene,C1=CC=CC=C1SCC,100.0,293.15,138.2,0.0011949660132982735,0.0013785972490977189,-0.5495515907505103,-0.48757839134230446
(1-Thiapropyl)-Benzene,C1=CC=CC=C1SCC,100.0,288.15,138.2,0.0008291800189196247,0.0009478856305333228,-0.7080417992106554,-0.6500049640627444
(1-Thiapropyl)-Benzene,C1=CC=CC=C1SCC,100.0,283.15,138.2,0.0005656675611509512,0.0006411741760731603,-0.8739733072885637,-0.8196032781782584
(1-Thiapropyl)-Benzene,C1=CC=CC=C1SCC,100.0,303.15,138.2,0.0023674298234223567,0.0027873272051635927,-0.25332331050261103,-0.1826604885256717
(E)-Citral,CC(=CCC/C(=C/C=O)/C)C,100.0,313.15,152.2,0.03190282364202018,0.031966630627768916,0.8201109254619178,0.8209479958418743
(E)-Citral,CC(=CCC/C(=C/C=O)/C)C,100.0,333.15,152.2,0.06370907215999644,0.061681206142580096,1.1054575629150747,1.092351759773484
(E)-Citral,CC(=CCC/C(=C/C=O)/C)C,100.0,328.15,152.2,0.05401521398036264,0.052812833590419335,1.0382970124948627,1.0290848950903007
(E)-Citral,CC(=CCC/C(=C/C=O)/C)C,100.0,323.15,152.2,0.04556492889084302,0.044955040762849945,0.9683946233278341,0.9628312094206836
(E)-Citral,CC(=CCC/C(=C/C=O)/C)C,100.0,308.15,152.2,0.026465565454915303,0.0266883429435502,0.7415844292551663,0.7451171429638234
(E)-Citral,CC(=CCC/C(=C/C=O)/C)C,100.0,318.15,152.2,0.03823306742006045,0.038031213505657024,0.895688765300132,0.8934861675614139
(E)-Citral,CC(=CCC/C(=C/C=O)/C)C,100.0,298.15,152.2,0.017875379659770964,0.018208302712598202,0.5753326072511679,0.5831842764531798
(E)-Citral,CC(=CCC/C(=C/C=O)/C)C,100.0,293.15,152.2,0.014544486959963451,0.014870897264130946,0.4874051180717607,0.49688394359037563
(E)-Citral,CC(=CCC/C(=C/C=O)/C)C,100.0,288.15,152.2,0.011750188578959314,0.012049231927496337,0.3961231712207801,0.4068907013975726
(E)-Citral,CC(=CCC/C(=C/C=O)/C)C,100.0,283.15,152.2,0.009421744407848098,0.009682763472634715,0.3013559229006878,0.3130952797715046
(E)-Citral,CC(=CCC/C(=C/C=O)/C)C,100.0,278.15,152.2,0.007495223380331569,0.007714594844816691,0.20295988455784345,0.21538006612498667
(E)-Citral,CC(=CCC/C(=C/C=O)/C)C,100.0,303.15,152.2,0.02182067954940209,0.022125244827919038,0.6600235497975346,0.6658953397193909
(Z)-3-Hexen-1-Yl Formate,CC\C=C/CCOC=O,100.0,333.15,128.2,0.022777190542065093,0.025767324890135567,0.7488593004083881,0.8004894751167795
(Z)-3-Hexen-1-Yl Formate,CC\C=C/CCOC=O,100.0,328.15,128.2,0.018351175459409848,0.020617239526918085,0.6579091436312717,0.706995724280513
(Z)-3-Hexen-1-Yl Formate,CC\C=C/CCOC=O,100.0,323.15,128.2,0.014668422901121532,0.01636796952945543,0.5630448289567819,0.6095395190593985
(Z)-3-Hexen-1-Yl Formate,CC\C=C/CCOC=O,100.0,318.15,128.2,0.011627461607738346,0.01288843669448518,0.46415159231429776,0.5080342842858898
(Z)-3-Hexen-1-Yl Formate,CC\C=C/CCOC=O,100.0,313.15,128.2,0.009136590395023425,0.010061730735139725,0.3611002908015545,0.402375465939975
(Z)-3-Hexen-1-Yl Formate,CC\C=C/CCOC=O,100.0,308.15,128.2,0.007113539316265101,0.007784407572488803,0.2537461636266951,0.2924397490696225
(Z)-3-Hexen-1-Yl Formate,CC\C=C/CCOC=O,100.0,303.15,128.2,0.005485070861248043,0.0059656703609509846,0.14192779781621928,0.17808427861635745
(Z)-3-Hexen-1-Yl Formate,CC\C=C/CCOC=O,100.0,293.15,128.2,0.0031612745249002226,0.0033986005101830203,-0.09583906445076498,-0.06456003557421534
(Z)-3-Hexen-1-Yl Formate,CC\C=C/CCOC=O,100.0,288.15,128.2,0.002360261339622202,0.002523679409285445,-0.2222045156276398,-0.19323996580954475
(Z)-3-Hexen-1-Yl Formate,CC\C=C/CCOC=O,100.0,283.15,128.2,0.0017413202586620258,0.0018522507574482228,-0.35387081929514747,-0.32712412346758596
(Z)-3-Hexen-1-Yl Formate,CC\C=C/CCOC=O,100.0,278.15,128.2,0.0012686202855832316,0.0013428111944752176,-0.4911005033018058,-0.466467020465126
(Z)-3-Hexen-1-Yl Formate,CC\C=C/CCOC=O,100.0,298.15,128.2,0.004186515560093071,0.004526476350759263,0.025465502777352433,0.05914583915750021
(Z)-3-Hexen-1-ol,CC\C=C/CCO,100.0,313.15,100.2,0.035581740611598,0.03350515340116633,1.0310536153301073,1.0068299276725337
(Z)-3-Hexen-1-ol,CC\C=C/CCO,100.0,333.15,100.2,0.07001705343869628,0.06332635727387323,1.2948027062754563,1.2568941752769232
(Z)-3-Hexen-1-ol,CC\C=C/CCO,100.0,328.15,100.2,0.059530617150087416,0.0544492247726192,1.233323579360776,1.1989961813561916
(Z)-3-Hexen-1-ol,CC\C=C/CCO,100.0,323.15,100.2,0.050386170147402834,0.04657070683259178,1.1688837386484503,1.138062609146606
(Z)-3-Hexen-1-ol,CC\C=C/CCO,100.0,318.15,100.2,0.042445893051402006,0.03961422388347121,1.1014664672415004,1.074027127546347
(Z)-3-Hexen-1-ol,CC\C=C/CCO,100.0,308.15,100.2,0.029675260626740436,0.02817087680757222,0.9576238778982977,0.936416632526102
(Z)-3-Hexen-1-ol,CC\C=C/CCO,100.0,288.15,100.2,0.01357515564192051,0.013210746729539959,0.633052344849058,0.6215823052822262
(Z)-3-Hexen-1-ol,CC\C=C/CCO,100.0,298.15,100.2,0.020307491369881026,0.019547286509627768,0.801594985544062,0.7857396838774346
(Z)-3-Hexen-1-ol,CC\C=C/CCO,100.0,293.15,100.2,0.016654519130716274,0.016124605524622394,0.7189149390587513,0.705373834967358
(Z)-3-Hexen-1-ol,CC\C=C/CCO,100.0,303.15,100.2,0.024617239134981792,0.023540945548513856,0.8811495036641819,0.8627366350234275
(Z)-3-Hexen-1-ol,CC\C=C/CCO,100.0,283.15,100.2,0.010994179937904438,0.010747077221836442,0.5439369642373678,0.5343013815758606
(Z)-3-Hexen-1-ol,CC\C=C/CCO,100.0,278.15,100.2,0.008843904949805791,0.008678762676235205,0.4514839244524785,0.4434567272661769
(Z)-4-Hepten-1-ol,CC\C=C/CCCO,100.0,333.15,114.2,0.02946121560370641,0.030279262465016093,0.9027018508191514,0.9139698731218584
(Z)-4-Hepten-1-ol,CC\C=C/CCCO,100.0,328.15,114.2,0.02439171359414738,0.024956319532349523,0.8245969316922938,0.834098680075003
(Z)-4-Hepten-1-ol,CC\C=C/CCCO,100.0,323.15,114.2,0.020082919103331976,0.02046749864688846,0.7435269651404315,0.7514652452504553
(Z)-4-Hepten-1-ol,CC\C=C/CCCO,100.0,318.15,114.2,0.016439922420159687,0.01669835547315184,0.6594486924339935,0.6660199205779421
(Z)-4-Hepten-1-ol,CC\C=C/CCCO,100.0,313.15,114.2,0.013376719479311782,0.013547977947850356,0.5723085032318265,0.5776982746471523
(Z)-4-Hepten-1-ol,CC\C=C/CCCO,100.0,308.15,114.2,0.010815766135260715,0.010927635150930435,0.4820412999034043,0.4864215379169348
(Z)-4-Hepten-1-ol,CC\C=C/CCCO,100.0,298.15,114.2,0.006929927225913309,0.006975538149953246,0.2918036441417018,0.29461627975280485
(Z)-4-Hepten-1-ol,CC\C=C/CCCO,100.0,293.15,114.2,0.005487950681340363,0.005516383234322553,0.19163779801531927,0.1938592712145403
(Z)-4-Hepten-1-ol,CC\C=C/CCCO,100.0,288.15,114.2,0.0043130425709148185,0.004330467941135396,0.08795275970707421,0.08968986544144081
(Z)-4-Hepten-1-ol,CC\C=C/CCCO,100.0,283.15,114.2,0.0033626439819597577,0.003373134761869,-0.01938707577321028,-0.018042702339836472
(Z)-4-Hepten-1-ol,CC\C=C/CCCO,100.0,278.15,114.2,0.002599684606008091,0.0026058832555313502,-0.1305337946925321,-0.12950448986533455
(Z)-4-Hepten-1-ol,CC\C=C/CCCO,100.0,303.15,114.2,0.00868751691928055,0.00875950634483797,0.38856984796443367,0.39209653727984334
(Z)-6-Nonen-1-Al,CC\C=C/CCCCC=O,100.0,313.15,140.2,0.013247287021558411,0.014324589114561394,0.4820961870940817,0.51543986062312
(Z)-6-Nonen-1-Al,CC\C=C/CCCCC=O,100.0,333.15,140.2,0.030416454723752734,0.03323088873648059,0.8334324226292957,0.8703049118068056
(Z)-6-Nonen-1-Al,CC\C=C/CCCCC=O,100.0,328.15,140.2,0.024961314618545956,0.027212504877011157,0.7506327541007052,0.7868761043629132
(Z)-6-Nonen-1-Al,CC\C=C/CCCCC=O,100.0,323.15,140.2,0.020350660401021285,0.022131723869392935,0.6645311544088914,0.6999665881195747
(Z)-6-Nonen-1-Al,CC\C=C/CCCCC=O,100.0,318.15,140.2,0.016478251762332773,0.017871527362097468,0.5750488230743664,0.6095119243591307
(Z)-6-Nonen-1-Al,CC\C=C/CCCCC=O,100.0,308.15,140.2,0.010570098995771013,0.011393175690303006,0.38557179954212056,0.4176685829579262
(Z)-6-Nonen-1-Al,CC\C=C/CCCCC=O,100.0,278.15,140.2,0.0022789562862960714,0.002404165836530387,-0.2760188377960247,-0.2528625684920086
(Z)-6-Nonen-1-Al,CC\C=C/CCCCC=O,100.0,298.15,140.2,0.006569876242688885,0.007032810713046465,0.1813363403112588,0.2106428639955241
(Z)-6-Nonen-1-Al,CC\C=C/CCCCC=O,100.0,293.15,140.2,0.005113748579881328,0.005454343553454349,0.07335379949872635,0.10116139811822361
(Z)-6-Nonen-1-Al,CC\C=C/CCCCC=O,100.0,288.15,140.2,0.003944280588708015,0.004191593056031982,-0.03874576499681092,-0.012476653607241638
(Z)-6-Nonen-1-Al,CC\C=C/CCCCC=O,100.0,283.15,140.2,0.0030132789096524322,0.003190460594893112,-0.15513851443343651,-0.1304264668483576
(Z)-6-Nonen-1-Al,CC\C=C/CCCCC=O,100.0,303.15,140.2,0.008367799500072803,0.008988970115042709,0.28536128881503015,0.31610496885683015
(Z)-Verbenol,CC1=C[C@H]([C@@H]2C[C@H]1C2(C)C)O,100.0,313.15,152.2,0.025394531275740952,0.024556798365562172,0.7241616982697584,0.7099990297729671
(Z)-Verbenol,CC1=C[C@H]([C@@H]2C[C@H]1C2(C)C)O,100.0,333.15,152.2,0.052828763660965186,0.04982136927029583,1.0292083887784302,1.0051687604784012
(Z)-Verbenol,CC1=C[C@H]([C@@H]2C[C@H]1C2(C)C)O,100.0,328.15,152.2,0.0443275983408714,0.04210401417851512,0.9570244183860931,0.93572932398914
(Z)-Verbenol,CC1=C[C@H]([C@@H]2C[C@H]1C2(C)C)O,100.0,323.15,152.2,0.037009864540854025,0.03538465391899995,0.8821513832176907,0.8634263426951566
(Z)-Verbenol,CC1=C[C@H]([C@@H]2C[C@H]1C2(C)C)O,100.0,318.15,152.2,0.03074016459026846,0.029566253142834724,0.804547211778891,0.7882026789447136
(Z)-Verbenol,CC1=C[C@H]([C@@H]2C[C@H]1C2(C)C)O,100.0,308.15,152.2,0.020859909695643636,0.0202694737326263,0.6409349831350556,0.6287524466913061
(Z)-Verbenol,CC1=C[C@H]([C@@H]2C[C@H]1C2(C)C)O,100.0,288.15,152.2,0.008924738748536108,0.008797019611331277,0.27806517954079035,0.27186822571385244
(Z)-Verbenol,CC1=C[C@H]([C@@H]2C[C@H]1C2(C)C)O,100.0,298.15,152.2,0.013823226556293177,0.013541068775481826,0.4656697643039447,0.45685169980690876
(Z)-Verbenol,CC1=C[C@H]([C@@H]2C[C@H]1C2(C)C)O,100.0,278.15,152.2,0.0055993196114673864,0.005544760627246541,0.07724818855865308,0.07302274497050597
(Z)-Verbenol,CC1=C[C@H]([C@@H]2C[C@H]1C2(C)C)O,100.0,283.15,152.2,0.007095741611977595,0.007011635815971311,0.17937049341600775,0.17423362256919853
(Z)-Verbenol,CC1=C[C@H]([C@@H]2C[C@H]1C2(C)C)O,100.0,303.15,152.2,0.017033709442179187,0.016622851410300635,0.5547977119785557,0.5443948399705139
(Z)-Verbenol,CC1=C[C@H]([C@@H]2C[C@H]1C2(C)C)O,100.0,293.15,152.2,0.011145103657290375,0.01095393203671514,0.37346003306423065,0.366040025419058
"1,1-Dimethylcyclohexane",CC1(C)CCCCC1,100.0,328.15,112.2,0.0021034089844004598,0.0024891289787551214,-0.21450437278951923,-0.14169972562831748
"1,1-Dimethylcyclohexane",CC1(C)CCCCC1,100.0,323.15,112.2,0.0015238650418596918,0.0017737507101572916,-0.3540018090644874,-0.2882626686899222
"1,1-Dimethylcyclohexane",CC1(C)CCCCC1,100.0,318.15,112.2,0.0010887661307536457,0.0012490530126849965,-0.4996531626515445,-0.4401397524341251
"1,1-Dimethylcyclohexane",CC1(C)CCCCC1,100.0,313.15,112.2,0.0007665301507248586,0.0008682142483600982,-0.6517913049573754,-0.59777797872776
"1,1-Dimethylcyclohexane",CC1(C)CCCCC1,100.0,308.15,112.2,0.0005313073842699146,0.0005950297941114689,-0.8107795299853289,-0.761639549153744
"1,1-Dimethylcyclohexane",CC1(C)CCCCC1,100.0,333.15,112.2,0.0028655058339009465,0.00345564635050673,-0.08085690532025666,-1.6215133056063695e-05
"1,1-Dimethylcyclohexane",CC1(C)CCCCC1,100.0,298.15,112.2,0.00024264070121683326,0.000266642136741508,-1.1509221018336317,-1.109976902415361
"1,1-Dimethylcyclohexane",CC1(C)CCCCC1,100.0,293.15,112.2,0.00015953086669713332,0.00017391844281282345,-1.332972014027537,-1.2954830488034832
"1,1-Dimethylcyclohexane",CC1(C)CCCCC1,100.0,288.15,112.2,0.00010282566451925603,0.00011130013966849069,-1.5236681187185912,-1.4892809728369185
"1,1-Dimethylcyclohexane",CC1(C)CCCCC1,100.0,283.15,112.2,6.489039274057503e-05,6.97882543146397e-05,-1.7235577318543347,-1.69195986781687
"1,1-Dimethylcyclohexane",CC1(C)CCCCC1,100.0,278.15,112.2,4.0039028366524686e-05,4.2812027885819375e-05,-1.9332339619039862,-1.9041539955520423
"1,1-Dimethylcyclohexane",CC1(C)CCCCC1,100.0,303.15,112.2,0.00036221944521995687,0.0004016175554582798,-0.9770132737732686,-0.9322050518909516
"1,2,3-Trimethylbenzene",CC(C(C)=CC=C1)=C1C,100.0,333.15,120.2,0.010777660911259621,0.014311562583021511,0.4589563584109091,0.5795363842126758
"1,2,3-Trimethylbenzene",CC(C(C)=CC=C1)=C1C,100.0,328.15,120.2,0.008228660754478862,0.010731500599035155,0.3436333444313542,0.4571261318866546
"1,2,3-Trimethylbenzene",CC(C(C)=CC=C1)=C1C,100.0,323.15,120.2,0.00621124664028283,0.007962855049294532,0.22297057750449417,0.3295687073238962
"1,2,3-Trimethylbenzene",CC(C(C)=CC=C1)=C1C,100.0,318.15,120.2,0.004632138085399932,0.005843382779939654,0.0967412807902297,0.19672794744206484
"1,2,3-Trimethylbenzene",CC(C(C)=CC=C1)=C1C,100.0,313.15,120.2,0.003410553353214856,0.004237955615068135,-0.035309669097330125,0.05840823330279418
"1,2,3-Trimethylbenzene",CC(C(C)=CC=C1)=C1C,100.0,308.15,120.2,0.0024772734041072636,0.0030353970589826473,-0.17346735531692156,-0.08564048239444834
"1,2,3-Trimethylbenzene",CC(C(C)=CC=C1)=C1C,100.0,303.15,120.2,0.001773656369570621,0.0021452408048136247,-0.3180484474573255,-0.2357183520902533
"1,2,3-Trimethylbenzene",CC(C(C)=CC=C1)=C1C,100.0,293.15,120.2,0.0008676152073229884,0.0010255737219137522,-0.6279159120305403,-0.5553939137085513
"1,2,3-Trimethylbenzene",CC(C(C)=CC=C1)=C1C,100.0,288.15,120.2,0.0005915989430151914,0.0006922998184016553,-0.7940098795840786,-0.7258181454964518
"1,2,3-Trimethylbenzene",CC(C(C)=CC=C1)=C1C,100.0,278.15,120.2,0.0002599907707952404,0.00029894155480432726,-1.1508319601958237,-1.090232667094438
"1,2,3-Trimethylbenzene",CC(C(C)=CC=C1)=C1C,100.0,298.15,120.2,0.0012506205477830024,0.0014946444754589006,-0.4694029163674417,-0.3921723194704143
"1,2,3-Trimethylbenzene",CC(C(C)=CC=C1)=C1C,100.0,283.15,120.2,0.0003960448904499818,0.000459213948561572,-0.9681469895289332,-0.9039234564329793
"1,2-Cyclohexanedione",C1CCC(=O)C(=O)C1,100.0,333.15,112.13,0.02745053091525217,0.02824068547378128,0.8808914200485645,0.8925921300468265
"1,2-Cyclohexanedione",C1CCC(=O)C(=O)C1,100.0,313.15,112.13,0.012120588573315298,0.012410861277875268,0.5381471306866716,0.5481895123362217
"1,2-Cyclohexanedione",C1CCC(=O)C(=O)C1,100.0,328.15,112.13,0.022596280717470735,0.02320565131187738,0.8002295316804936,0.8113009112126903
"1,2-Cyclohexanedione",C1CCC(=O)C(=O)C1,100.0,323.15,112.13,0.018483322440954946,0.01895740190645212,0.7162632370512744,0.7268814472945244
"1,2-Cyclohexanedione",C1CCC(=O)C(=O)C1,100.0,318.15,112.13,0.015019416598316323,0.015390154565870399,0.6289270783495443,0.6392174397388419
"1,2-Cyclohexanedione",C1CCC(=O)C(=O)C1,100.0,308.15,112.13,0.009710753832736882,0.009937410438265225,0.44383918034038405,0.45367447241333975
"1,2-Cyclohexanedione",C1CCC(=O)C(=O)C1,100.0,298.15,112.13,0.006091074046846383,0.0062264612807111696,0.24424512032487192,0.25368126744295966
"1,2-Cyclohexanedione",C1CCC(=O)C(=O)C1,100.0,293.15,112.13,0.004765308024864081,0.004868331018214952,0.13873328555298994,0.14793752420374506
"1,2-Cyclohexanedione",C1CCC(=O)C(=O)C1,100.0,288.15,112.13,0.0036958510448081806,0.003773245196527736,0.029238899780026213,0.038175570120868405
"1,2-Cyclohexanedione",C1CCC(=O)C(=O)C1,100.0,283.15,112.13,0.0028404336683358605,0.0028977537140596962,-0.08438403152734865,-0.07575461473523892
"1,2-Cyclohexanedione",C1CCC(=O)C(=O)C1,100.0,278.15,112.13,0.0021622804743409085,0.002204089655967432,-0.20229544439732888,-0.19401283520429477
"1,2-Cyclohexanedione",C1CCC(=O)C(=O)C1,100.0,303.15,112.13,0.0077213743129327305,0.007897314181926343,0.34590790598555404,0.35554857276020324
"1,3-Butanediol",CC(O)CCO,100.0,328.15,90.12,0.020223782512189974,0.0210717753547029,0.8428729066309131,0.859794123289787
"1,3-Butanediol",CC(O)CCO,100.0,323.15,90.12,0.01693560331547886,0.01751453927768486,0.7693874345068423,0.7833536858230368
"1,3-Butanediol",CC(O)CCO,100.0,318.15,90.12,0.014119577499814384,0.014510325025316594,0.6934947736500701,0.7049206481321949
"1,3-Butanediol",CC(O)CCO,100.0,313.15,90.12,0.011717309915182847,0.011977849501049416,0.6151512757707469,0.6244139890124695
"1,3-Butanediol",CC(O)CCO,100.0,308.15,90.12,0.009676394206672356,0.009847883129964924,0.5343013165426631,0.5417399270058751
"1,3-Butanediol",CC(O)CCO,100.0,333.15,90.12,0.024049034964247828,0.025277712586445365,0.9139845306877346,0.9343083920983875
"1,3-Butanediol",CC(O)CCO,100.0,298.15,90.12,0.006496183092014291,0.0065673878997015685,0.36479818063739694,0.36945274074904977
"1,3-Butanediol",CC(O)CCO,100.0,293.15,90.12,0.005277910796450711,0.005322730714078185,0.275970461764079,0.27959248805303033
"1,3-Butanediol",CC(O)CCO,100.0,288.15,90.12,0.004262198408919205,0.0042899244980461465,0.18428633962698016,0.18707105058254744
"1,3-Butanediol",CC(O)CCO,100.0,283.15,90.12,0.003419948824695692,0.0034367819827425183,0.0896234210597312,0.09173676676112691
"1,3-Butanediol",CC(O)CCO,100.0,278.15,90.12,0.0027255588828683083,0.002735569237483994,-0.008154886243460856,-0.0065740811462353535
"1,3-Butanediol",CC(O)CCO,100.0,303.15,90.12,0.007949954264700717,0.0080612785733971,0.45087714785845384,0.4567920773506705
"1,3-Cyclohexadiene",C1=CCCC=C1,100.0,333.15,80.1,0.01622565237529356,0.025349765089865757,0.7996983089252897,0.9819986267287312
"1,3-Cyclohexadiene",C1=CCCC=C1,100.0,328.15,80.1,0.012398554213304162,0.01905210429244328,0.6877705626734896,0.8658529827872555
"1,3-Cyclohexadiene",C1=CCCC=C1,100.0,323.15,80.1,0.009366861754668863,0.014121000375547265,0.5699175936201696,0.7420512863309393
"1,3-Cyclohexadiene",C1=CCCC=C1,100.0,318.15,80.1,0.006991648896467065,0.010325440645441069,0.4460023308339543,0.6109875373241505
"1,3-Cyclohexadiene",C1=CCCC=C1,100.0,313.15,80.1,0.005152466364409555,0.0074497857674070585,0.31585298226251624,0.4729669913782115
"1,3-Cyclohexadiene",C1=CCCC=C1,100.0,308.15,80.1,0.003745984353229716,0.005303151291431146,0.17925978336518292,0.3281734583022613
"1,3-Cyclohexadiene",C1=CCCC=C1,100.0,303.15,80.1,0.0026845576985873743,0.0037233671345944705,0.035972506448967594,0.17665959614701612
"1,3-Cyclohexadiene",C1=CCCC=C1,100.0,293.15,80.1,0.0013157746148701583,0.0017568290136662863,-0.2718989313102825,-0.14693815586199227
"1,3-Cyclohexadiene",C1=CCCC=C1,100.0,288.15,80.1,0.0008980933275572341,0.0011786873035672882,-0.4372021343679171,-0.31949915034406917
"1,3-Cyclohexadiene",C1=CCCC=C1,100.0,283.15,80.1,0.0006018467083590013,0.000777416846506791,-0.6106423410797126,-0.4997086441615183
"1,3-Cyclohexadiene",C1=CCCC=C1,100.0,278.15,80.1,0.00039551004503766084,0.0005034708364277902,-0.7926951210275858,-0.6880225386092544
"1,3-Cyclohexadiene",C1=CCCC=C1,100.0,298.15,80.1,0.0018947399276032682,0.002576969246985581,-0.1143014945991413,0.018351763045897865
"1,3-Dioxolane",C1OCCO1,100.0,313.15,74.08,0.03622350502662457,0.036955546673846595,1.152992441305363,1.160717317024162
"1,3-Dioxolane",C1OCCO1,100.0,333.15,74.08,0.0820038955693253,0.07377248031723177,1.4513088226760644,1.4150049666649729
"1,3-Dioxolane",C1OCCO1,100.0,328.15,74.08,0.06756995961911945,0.06297768045682288,1.3842692519784563,1.3592673554904322
"1,3-Dioxolane",C1OCCO1,100.0,323.15,74.08,0.05529567843159216,0.05326698076885678,1.3122436754622149,1.2985467860898998
"1,3-Dioxolane",C1OCCO1,100.0,318.15,74.08,0.044925398982500864,0.044605739324581666,1.235167564193129,1.2324772468211622
"1,3-Dioxolane",C1OCCO1,100.0,308.15,74.08,0.028974232085483394,0.030271988758214772,1.0656804301833445,1.0829630723058203
"1,3-Dioxolane",C1OCCO1,100.0,288.15,74.08,0.010848815953392706,0.01203960473936392,0.6642057549398004,0.7077375612188843
"1,3-Dioxolane",C1OCCO1,100.0,298.15,74.08,0.018065950396185363,0.019588148149433795,0.8754928647531953,0.908506129981321
"1,3-Dioxolane",C1OCCO1,100.0,278.15,74.08,0.006247130214882673,0.007010348747460594,0.4311291630646251,0.4800823834924152
"1,3-Dioxolane",C1OCCO1,100.0,283.15,74.08,0.008278241299072746,0.009250649084703778,0.5504499644548522,0.5972851136992803
"1,3-Dioxolane",C1OCCO1,100.0,303.15,74.08,0.022980986344539104,0.024503010786016816,0.9731945756069276,0.9989591729246948
"1,3-Dioxolane",C1OCCO1,100.0,293.15,74.08,0.014069376464969769,0.015458804896923846,0.7725209166363646,0.8114620025296425
"1,4-Thioxane",C1CSCCO1,100.0,333.15,104.17,0.06671352907944704,0.06313023534934778,1.2628888485597376,1.2418332329636614
"1,4-Thioxane",C1CSCCO1,100.0,328.15,104.17,0.05520323767645223,0.053458163516630755,1.1900926574306065,1.177593471502894
"1,4-Thioxane",C1CSCCO1,100.0,323.15,104.17,0.04540357083253284,0.044895500177283526,1.1134318049708112,1.1089747191791068
"1,4-Thioxane",C1CSCCO1,100.0,313.15,104.17,0.030129245283577844,0.03083746638158183,0.9484504122269527,0.9579236555401753
"1,4-Thioxane",C1CSCCO1,100.0,308.15,104.17,0.02429430956560157,0.025202692932341248,0.8600853465417685,0.8752268896114095
"1,4-Thioxane",C1CSCCO1,100.0,318.15,104.17,0.037108440510224085,0.03737785760166052,1.0328906424327566,1.0358006977336052
"1,4-Thioxane",C1CSCCO1,100.0,298.15,104.17,0.015451389190201172,0.01634581126955669,0.6714225097209351,0.6950584974536637
"1,4-Thioxane",C1CSCCO1,100.0,293.15,104.17,0.012178797152551444,0.012965759744495771,0.5710100388494171,0.5974922305109815
"1,4-Thioxane",C1CSCCO1,100.0,288.15,104.17,0.009519628304593008,0.010178496624439244,0.46643806833952567,0.49490272920034994
"1,4-Thioxane",C1CSCCO1,100.0,283.15,104.17,0.007376163781457021,0.007906472260537789,0.3576030106102258,0.3872708632152337
"1,4-Thioxane",C1CSCCO1,100.0,278.15,104.17,0.005662897958682558,0.006075879730226951,0.24437967756576082,0.27457150986974166
"1,4-Thioxane",C1CSCCO1,100.0,303.15,104.17,0.019448273266000144,0.02039821030003342,0.7677593029852743,0.7876245571391761
"1,8-Cineole (Eucalyptol)",CC1(C2CCC(O1)(CC2)C)C,100.0,313.15,154.25,0.029111805880634428,0.028794369828450374,0.7762333642642549,0.7716211909417329
"1,8-Cineole (Eucalyptol)",CC1(C2CCC(O1)(CC2)C)C,100.0,333.15,154.25,0.055460712349126834,0.0532800758742497,1.0439248805241321,1.027503035932928
"1,8-Cineole (Eucalyptol)",CC1(C2CCC(O1)(CC2)C)C,100.0,328.15,154.25,0.04747316180820903,0.045962724025631556,0.9800572695031767,0.9667123031755933
"1,8-Cineole (Eucalyptol)",CC1(C2CCC(O1)(CC2)C)C,100.0,323.15,154.25,0.04048887979335427,0.0394961839195547,0.9141792308643111,0.9038602759539864
"1,8-Cineole (Eucalyptol)",CC1(C2CCC(O1)(CC2)C)C,100.0,318.15,154.25,0.03440093898292234,0.033798328444805605,0.8462528203270082,0.8388597792796753
"1,8-Cineole (Eucalyptol)",CC1(C2CCC(O1)(CC2)C)C,100.0,308.15,154.25,0.024532422918805676,0.024415876592239295,0.7040648498526961,0.7020518458298907
"1,8-Cineole (Eucalyptol)",CC1(C2CCC(O1)(CC2)C)C,100.0,283.15,154.25,0.009704152477950976,0.009874656465020988,0.3083514718857351,0.3158339095799043
"1,8-Cineole (Eucalyptol)",CC1(C2CCC(O1)(CC2)C)C,100.0,298.15,154.25,0.017186929156191293,0.017289239523369287,0.5530103126694842,0.555539147358552
"1,8-Cineole (Eucalyptol)",CC1(C2CCC(O1)(CC2)C)C,100.0,293.15,154.25,0.01428118477953217,0.014430134149164043,0.47396367139671697,0.4783985747202774
"1,8-Cineole (Eucalyptol)",CC1(C2CCC(O1)(CC2)C)C,100.0,288.15,154.25,0.011804863518988308,0.011973692772848033,0.3924462819309013,0.39853246904430045
"1,8-Cineole (Eucalyptol)",CC1(C2CCC(O1)(CC2)C)C,100.0,278.15,154.25,0.007930758343504922,0.008091364579078374,0.2215618079015825,0.23019151972589502
"1,8-Cineole (Eucalyptol)",CC1(C2CCC(O1)(CC2)C)C,100.0,303.15,154.25,0.020581906158820187,0.02060008054040284,0.629682212835329,0.6300569057960841
1-Hepten-3-ol,CCCCC(C=C)O,100.0,313.15,114.2,0.01393402440430013,0.014091716297153107,0.5895959980275469,0.5943590579940955
1-Hepten-3-ol,CCCCC(C=C)O,100.0,333.15,114.2,0.03067033697346524,0.03142440448706766,0.919243891896085,0.9292159963825876
1-Hepten-3-ol,CCCCC(C=C)O,100.0,328.15,114.2,0.025400760443659284,0.025921461084025797,0.8414215876334813,0.8498325167004745
1-Hepten-3-ol,CCCCC(C=C)O,100.0,323.15,114.2,0.02091805336470912,0.021272725605774288,0.7605709473031651,0.7675968763506017
1-Hepten-3-ol,CCCCC(C=C)O,100.0,303.15,114.2,0.009045849382374785,0.00911187918512825,0.40583850220258944,0.4089445998872236
1-Hepten-3-ol,CCCCC(C=C)O,100.0,318.15,114.2,0.017125199183747695,0.0173634114465021,0.6766472487490874,0.682460052017255
1-Hepten-3-ol,CCCCC(C=C)O,100.0,308.15,114.2,0.011264806434204239,0.011367646507335913,0.4993519737480317,0.503217361863232
1-Hepten-3-ol,CCCCC(C=C)O,100.0,293.15,114.2,0.005709267563143646,0.00573517722599313,0.2086308887025675,0.21057660580355256
1-Hepten-3-ol,CCCCC(C=C)O,100.0,298.15,114.2,0.007213013754464444,0.007254728708530219,0.3089658072693801,0.3114369419232368
1-Hepten-3-ol,CCCCC(C=C)O,100.0,288.15,114.2,0.004484197192866533,0.004500005847080869,0.10471644956213952,0.10623214864511579
1-Hepten-3-ol,CCCCC(C=C)O,100.0,283.15,114.2,0.003493518241704279,0.003502984606631527,-0.0029101005572584045,-0.0017424917535710698
1-Hepten-3-ol,CCCCC(C=C)O,100.0,278.15,114.2,0.002698591750851914,0.0027041491110825103,-0.11439685045003051,-0.11350787436860173
1-Nonanal,CCCCCCCCC=O,100.0,328.15,142.2,0.03302342449492276,0.034849697630624114,0.8619989980460033,0.8843896170875
1-Nonanal,CCCCCCCCC=O,100.0,323.15,142.2,0.027398297425418744,0.028949328575646995,0.7839524966774646,0.807023728158551
1-Nonanal,CCCCCCCCC=O,100.0,318.15,142.2,0.022592674432987132,0.02389112136861502,0.7028210530899317,0.7263792593855387
1-Nonanal,CCCCCCCCC=O,100.0,313.15,142.2,0.018510647313523535,0.019582014288278007,0.618516852917046,0.642363097159343
1-Nonanal,CCCCCCCCC=O,100.0,308.15,142.2,0.01506412009255538,0.015935349189948374,0.5309408910238064,0.5548771544081076
1-Nonanal,CCCCCCCCC=O,100.0,333.15,142.2,0.03957197005181668,0.04169185494655567,0.9370383226600048,0.9585664673415063
1-Nonanal,CCCCCCCCC=O,100.0,298.15,142.2,0.009762852527935535,0.010314230352449811,0.3455155707526861,0.36906877356797707
1-Nonanal,CCCCCCCCC=O,100.0,293.15,142.2,0.007768755210564242,0.008197825913137441,0.2474019987276359,0.2705098033678723
1-Nonanal,CCCCCCCCC=O,100.0,288.15,142.2,0.006130855959320979,0.006459846354389784,0.14548694528890074,0.16800402375645887
1-Nonanal,CCCCCCCCC=O,100.0,283.15,142.2,0.004796075471515154,0.005044606284315245,0.03959915613616674,0.061401179582742986
1-Nonanal,CCCCCCCCC=O,100.0,278.15,142.2,0.003717333630363824,0.0039022959142394923,-0.07045040622526098,-0.04946552539051717
1-Nonanal,CCCCCCCCC=O,100.0,303.15,142.2,0.012172593220368602,0.012870782036294742,0.4399822938501715,0.46381674431040354
1-Nonyne,C#CCCCCCCC,100.0,333.15,124.2,0.00964967084411127,0.010986539145699087,0.39791591264298787,0.45333281767672157
1-Nonyne,C#CCCCCCCC,100.0,328.15,124.2,0.0075815443176252845,0.008508659723928154,0.29460606761468083,0.3440611858323686
1-Nonyne,C#CCCCCCCC,100.0,323.15,124.2,0.005906230128609512,0.006542448532769981,0.1873328123206906,0.23131652761497098
1-Nonyne,C#CCCCCCCC,100.0,318.15,124.2,0.004560577174190506,0.004992216921611875,0.07598759268566767,0.11495777562927123
1-Nonyne,C#CCCCCCCC,100.0,313.15,124.2,0.0034891898401027367,0.0037784691780730693,-0.03955348200878602,-0.005165946292006641
1-Nonyne,C#CCCCCCCC,100.0,308.15,124.2,0.0026439795918118854,0.0028353213042104836,-0.15942412489385252,-0.12921490638987929
1-Nonyne,C#CCCCCCCC,100.0,303.15,124.2,0.001983564889071023,0.0021083629694541224,-0.283769661378035,-0.25735882018392386
1-Nonyne,C#CCCCCCCC,100.0,293.15,124.2,0.0010815628146792881,0.001132282210965332,-0.5465268439754295,-0.5266597773875843
1-Nonyne,C#CCCCCCCC,100.0,288.15,124.2,0.0007853777947070166,0.00081692502409551,-0.6852904426733141,-0.6682091835092757
1-Nonyne,C#CCCCCCCC,100.0,283.15,124.2,0.0005636102640505594,0.0005828902726578895,-0.8292332157831276,-0.814638948804067
1-Nonyne,C#CCCCCCCC,100.0,278.15,124.2,0.00039951217784616995,0.0004110809401412092,-0.978565913804365,-0.9661767857915331
1-Nonyne,C#CCCCCCCC,100.0,298.15,124.2,0.001472677852063508,0.0015528679589090551,-0.4127473680515973,-0.3897772699276766
1-Octanal,CCCCCCCC=O,100.0,333.15,128.2,0.04715619207007127,0.04870898283140115,1.0493357299171646,1.0624334894219762
1-Octanal,CCCCCCCC=O,100.0,328.15,128.2,0.039421189464330854,0.040952287858306444,0.9764041733162799,0.9919827981977613
1-Octanal,CCCCCCCC=O,100.0,323.15,128.2,0.032763573343629775,0.034203705211820666,0.9003081081710089,0.9180687944483592
1-Octanal,CCCCCCCC=O,100.0,318.15,128.2,0.027064499956263817,0.028369985395353254,0.8209816588671816,0.8405985327305873
1-Octanal,CCCCCCCC=O,100.0,313.15,128.2,0.02221388154011948,0.023361567579890618,0.7383498555134874,0.7594814959205176
1-Octanal,CCCCCCCC=O,100.0,308.15,128.2,0.018110257613721592,0.019092710494985576,0.6523275332770953,0.6746279646340332
1-Octanal,CCCCCCCC=O,100.0,303.15,128.2,0.014660589678600972,0.015481759178115418,0.5628179988369153,0.585946949314
1-Octanal,CCCCCCCC=O,100.0,293.15,128.2,0.009391580535383175,0.009929491865593916,0.3728856796413184,0.396717419666141
1-Octanal,CCCCCCCC=O,100.0,278.15,128.2,0.004520960310437923,0.004767722853907512,0.05861996350038075,0.08153542279959046
1-Octanal,CCCCCCCC=O,100.0,298.15,128.2,0.01178001721516742,0.012451491987108211,0.46971178406503683,0.49334377398419754
1-Octanal,CCCCCCCC=O,100.0,288.15,128.2,0.0074258853590258665,0.007848490930886918,0.272200845899627,0.29595774072294234
1-Octanal,CCCCCCCC=O,100.0,283.15,128.2,0.005820780631140847,0.006146646984555156,0.1675028657781823,0.19094265917313055
1-Octanol,CCCCCCCCO,100.0,333.15,130.23,0.021195942830677158,0.022090793930517782,0.7121720801255969,0.7295625672511913
1-Octanol,CCCCCCCCO,100.0,328.15,130.23,0.01742004505358646,0.01802997721996322,0.6293739674231278,0.6439304243290541
1-Octanol,CCCCCCCCO,100.0,323.15,130.23,0.014232542050136165,0.01464344620881583,0.5436481196819681,0.5557453001870118
1-Octanol,CCCCCCCCO,100.0,318.15,130.23,0.011556935807183841,0.011830404826605405,0.4549289651212916,0.46490969554794864
1-Octanol,CCCCCCCCO,100.0,308.15,130.23,0.007472571107751895,0.007589085228807112,0.26819609670650896,0.27483994317732263
1-Octanol,CCCCCCCCO,100.0,313.15,130.23,0.009324237415419986,0.009503934157727337,0.36314061960467103,0.3713145581255609
1-Octanol,CCCCCCCCO,100.0,298.15,130.23,0.004697868938596537,0.004744808868702,0.06842945851434531,0.0727167289154147
1-Octanol,CCCCCCCCO,100.0,293.15,130.23,0.0036828181015004942,0.00371194219599342,-0.03662989105063481,-0.03322794316386752
1-Octanol,CCCCCCCCO,100.0,288.15,130.23,0.00286387604900722,0.00288165620611017,-0.14532168942976828,-0.14264534668032955
1-Octanol,CCCCCCCCO,100.0,283.15,130.23,0.00220823991085765,0.002218911506187678,-0.2578014603357847,-0.255714705942468
1-Octanol,CCCCCCCCO,100.0,278.15,130.23,0.0016875881495535614,0.0016938795153705244,-0.3742409129479924,-0.37262897809102197
1-Octanol,CCCCCCCCO,100.0,303.15,130.23,0.005946753757978175,0.0060212518691670465,0.16999628223566135,0.17535471743837264
1-Penten-3-ol,CCC(C=C)O,100.0,313.15,86.1,0.015762186555188087,0.01601924047201036,0.7581930618482223,0.7649196789641504
1-Penten-3-ol,CCC(C=C)O,100.0,328.15,86.1,0.028780564350215112,0.029586326943469975,1.0047939788975306,1.0158811655734101
1-Penten-3-ol,CCC(C=C)O,100.0,333.15,86.1,0.03477373453170904,0.03591394392380659,1.0802626731835203,1.093014487977291
1-Penten-3-ol,CCC(C=C)O,100.0,323.15,86.1,0.023687092463534908,0.024246945830184413,0.9259684420510217,0.9354766397014173
1-Penten-3-ol,CCC(C=C)O,100.0,318.15,86.1,0.019381470878261566,0.019764008946425056,0.8437745175519368,0.8518224438279411
1-Penten-3-ol,CCC(C=C)O,100.0,308.15,86.1,0.012737565958276704,0.012907424388084926,0.6691948767879042,0.6747489147380039
1-Penten-3-ol,CCC(C=C)O,100.0,283.15,86.1,0.003948904998103662,0.003965351905680976,0.1710136402285059,0.1727989379542326
1-Penten-3-ol,CCC(C=C)O,100.0,298.15,86.1,0.00815177321950926,0.008222230216608246,0.48077071612991196,0.4844246243476585
1-Penten-3-ol,CCC(C=C)O,100.0,293.15,86.1,0.0064517727788283965,0.00649596745963247,0.38122055418072354,0.38413262350396
1-Penten-3-ol,CCC(C=C)O,100.0,288.15,86.1,0.005067656935310021,0.0050948745873542695,0.27800267054696165,0.2802963768540568
1-Penten-3-ol,CCC(C=C)O,100.0,303.15,86.1,0.010225273194568011,0.01033562272385964,0.576738936283963,0.5812704204006856
1-Penten-3-ol,CCC(C=C)O,100.0,278.15,86.1,0.003051515981340821,0.0030612599565532244,0.06013166178612759,0.06150449268221938
1-Phenyl-3-Methylbutane,CC(C)CCC1=CC=CC=C1,100.0,308.15,148.2,0.0015212278971596326,0.0017318940026883152,-0.47514083796839596,-0.41892386593611847
1-Phenyl-3-Methylbutane,CC(C)CCC1=CC=CC=C1,100.0,333.15,148.2,0.00684709144967919,0.008293366050414362,0.1753972225494968,0.25787173671360086
1-Phenyl-3-Methylbutane,CC(C)CCC1=CC=CC=C1,100.0,328.15,148.2,0.0051950967109536,0.006198766687543013,0.05634321985291833,0.13253309606388428
1-Phenyl-3-Methylbutane,CC(C)CCC1=CC=CC=C1,100.0,323.15,148.2,0.0038959617109613695,0.004586025748961599,-0.06795942380449493,0.002503015353070302
1-Phenyl-3-Methylbutane,CC(C)CCC1=CC=CC=C1,100.0,318.15,148.2,0.0028858347753797807,0.003355584850384785,-0.19777605340777824,-0.13252425512948898
1-Phenyl-3-Methylbutane,CC(C)CCC1=CC=CC=C1,100.0,313.15,148.2,0.002109818994648474,0.0024262029273712377,-0.3333973401130376,-0.27288057194140525
1-Phenyl-3-Methylbutane,CC(C)CCC1=CC=CC=C1,100.0,303.15,148.2,0.00108081723240305,0.0012193786736893976,-0.623352691458741,-0.5710387847805657
1-Phenyl-3-Methylbutane,CC(C)CCC1=CC=CC=C1,100.0,293.15,148.2,0.0005201050727234345,0.0005776680210408581,-0.9407206464584232,-0.8951635206014542
1-Phenyl-3-Methylbutane,CC(C)CCC1=CC=CC=C1,100.0,288.15,148.2,0.0003515549347460619,0.0003878401405320039,-1.1107303581561219,-1.0680897857471015
1-Phenyl-3-Methylbutane,CC(C)CCC1=CC=CC=C1,100.0,283.15,148.2,0.0002332065648461195,0.0002557100950869772,-1.2889208584776815,-1.248925532316152
1-Phenyl-3-Methylbutane,CC(C)CCC1=CC=CC=C1,100.0,278.15,148.2,0.00015163643878223437,0.00016535170113322396,-1.4758153668160567,-1.4382174536341765
1-Phenyl-3-Methylbutane,CC(C)CCC1=CC=CC=C1,100.0,298.15,148.2,0.0007560065949047295,0.0008459491161436685,-0.7784095372304723,-0.7296379142748027
"1-Propene, 3,3'-Thiobis-",C=CCSCC=C,100.0,328.15,114.2,0.011463897044764707,0.013812161045647345,0.5068028723675057,0.5858771197411593
"1-Propene, 3,3'-Thiobis-",C=CCSCC=C,100.0,323.15,114.2,0.008854687444788682,0.010539275972109912,0.3967144218724028,0.4710139948118258
"1-Propene, 3,3'-Thiobis-",C=CCSCC=C,100.0,318.15,114.2,0.006767759889472571,0.007962263777199392,0.2816493864634303,0.3512882193656671
"1-Propene, 3,3'-Thiobis-",C=CCSCC=C,100.0,313.15,114.2,0.005115657629871167,0.005952594678899284,0.16142715525037185,0.22656216779389338
"1-Propene, 3,3'-Thiobis-",C=CCSCC=C,100.0,308.15,114.2,0.0038219308703497175,0.004401143239373619,0.035845960250131585,0.0966638551522158
"1-Propene, 3,3'-Thiobis-",C=CCSCC=C,100.0,333.15,114.2,0.01469449242671708,0.017930747732494843,0.6120750842112351,0.6959792525872539
"1-Propene, 3,3'-Thiobis-",C=CCSCC=C,100.0,298.15,114.2,0.0020544824519495293,0.002321298651083709,-0.23231308389062932,-0.17949936767339114
"1-Propene, 3,3'-Thiobis-",C=CCSCC=C,100.0,293.15,114.2,0.0014761867893715848,0.0016535854270843054,-0.37540813981482696,-0.3262658420830656
"1-Propene, 3,3'-Thiobis-",C=CCSCC=C,100.0,288.15,114.2,0.001045451039000707,0.0011616900456444678,-0.5248982875462871,-0.47920551382306564
"1-Propene, 3,3'-Thiobis-",C=CCSCC=C,100.0,283.15,114.2,0.0007291948745170979,0.0008042031721311027,-0.6811030825001922,-0.6386414716990664
"1-Propene, 3,3'-Thiobis-",C=CCSCC=C,100.0,278.15,114.2,0.0005004889350241069,0.0005481198006735821,-0.8443674941439159,-0.8049249591640335
"1-Propene, 3,3'-Thiobis-",C=CCSCC=C,100.0,303.15,114.2,0.0028204182371369406,0.003216169048412462,-0.09531852749869636,-0.038611381162000226
"2',4'-Dimethyl Acetophenone",CC1=CC(=C(C=C1)C(=O)C)C,100.0,333.15,148.2,0.05565460670805522,0.05511722187816848,1.0607651920353243,1.0568150792781301
"2',4'-Dimethyl Acetophenone",CC1=CC(=C(C=C1)C(=O)C)C,100.0,328.15,148.2,0.04657381551857036,0.046606015964882064,0.9878833382872217,0.9881675404731602
"2',4'-Dimethyl Acetophenone",CC1=CC(=C(C=C1)C(=O)C)C,100.0,323.15,148.2,0.03876611292908129,0.039150000278329176,0.912080758847184,0.916168342100264
"2',4'-Dimethyl Acetophenone",CC1=CC(=C(C=C1)C(=O)C)C,100.0,318.15,148.2,0.03208733198139912,0.03266234782770922,0.8333149032602648,0.8407390127033496
"2',4'-Dimethyl Acetophenone",CC1=CC(=C(C=C1)C(=O)C)C,100.0,313.15,148.2,0.026404732142650267,0.027057427974003644,0.7515362890598054,0.7618100509100687
"2',4'-Dimethyl Acetophenone",CC1=CC(=C(C=C1)C(=O)C)C,100.0,308.15,148.2,0.02159666980163143,0.022251158529277528,0.6666872905148424,0.6793193645558958
"2',4'-Dimethyl Acetophenone",CC1=CC(=C(C=C1)C(=O)C)C,100.0,303.15,148.2,0.017552238597347045,0.018161577475221256,0.5787012394254243,0.593210061356998
"2',4'-Dimethyl Acetophenone",CC1=CC(=C(C=C1)C(=O)C)C,100.0,293.15,148.2,0.011361819513909757,0.01181952993761444,0.39300143967965867,0.40991747586721666
"2',4'-Dimethyl Acetophenone",CC1=CC(=C(C=C1)C(=O)C)C,100.0,288.15,148.2,0.009043780854392646,0.009420271326117733,0.29510219723192804,0.31262067759729406
"2',4'-Dimethyl Acetophenone",CC1=CC(=C(C=C1)C(=O)C)C,100.0,283.15,148.2,0.00714425858141292,0.00744545890655685,0.19369401101497796,0.21147203091325253
"2',4'-Dimethyl Acetophenone",CC1=CC(=C(C=C1)C(=O)C)C,100.0,278.15,148.2,0.0055990608083694125,0.005834173845263376,0.0886546832495661,0.10639663983822056
"2',4'-Dimethyl Acetophenone",CC1=CC(=C(C=C1)C(=O)C)C,100.0,298.15,148.2,0.014170857648365013,0.014709551041813027,0.4875016084516391,0.503427741004125
"2,3-Dihydrofuran",O1CCC=C1,100.0,313.15,70.1,0.020075932658317187,0.025082151478196885,0.940455381829995,1.029790117974627
"2,3-Dihydrofuran",O1CCC=C1,100.0,333.15,70.1,0.051190717527131425,0.05850924903726195,1.3031590007630394,1.351499012150279
"2,3-Dihydrofuran",O1CCC=C1,100.0,328.15,70.1,0.04102529721923801,0.048305556482032545,1.2208528525338926,1.2818464895781283
"2,3-Dihydrofuran",O1CCC=C1,100.0,323.15,70.1,0.03261162542180129,0.039367506785216694,1.1329660369181909,1.2052373702183423
"2,3-Dihydrofuran",O1CCC=C1,100.0,308.15,70.1,0.015533575966189546,0.01959186585949409,0.8358334919510938,0.9305732100775952
"2,3-Dihydrofuran",O1CCC=C1,100.0,318.15,70.1,0.02570255645431048,0.031647351018201146,1.0394988679638413,1.121303149697051
"2,3-Dihydrofuran",O1CCC=C1,100.0,298.15,70.1,0.009021748990569812,0.011438220896342239,0.609764452837585,0.7091276272988872
"2,3-Dihydrofuran",O1CCC=C1,100.0,293.15,70.1,0.006764686041147903,0.008550014678594857,0.4882103190974731,0.5871674656015662
"2,3-Dihydrofuran",O1CCC=C1,100.0,303.15,70.1,0.011900129609996628,0.015080197904871324,0.7256162949763209,0.8236518964188649
"2,3-Dihydrofuran",O1CCC=C1,100.0,288.15,70.1,0.005013772679926038,0.006299062609621749,0.36085330815254457,0.4579618590172095
"2,3-Dihydrofuran",O1CCC=C1,100.0,283.15,70.1,0.00367083903302502,0.004574133775194345,0.22755647778432436,0.32168469970327246
"2,3-Dihydrofuran",O1CCC=C1,100.0,278.15,70.1,0.0026530949338644206,0.003273758449170587,0.08814409277581696,0.17846138462088415
"2,4-Dimethylpyrrole",CC1=CNC(C)=C1,100.0,328.15,95.1,0.09465746138222352,0.0755059824122271,1.4221513299454271,1.3407660760590372
"2,4-Dimethylpyrrole",CC1=CNC(C)=C1,100.0,323.15,95.1,0.08225995896128782,0.0667498819612213,1.3719782934165117,1.2951324913943039
"2,4-Dimethylpyrrole",CC1=CNC(C)=C1,100.0,318.15,95.1,0.07126460742379351,0.05880252030934811,1.3194660492594397,1.2473722738971955
"2,4-Dimethylpyrrole",CC1=CNC(C)=C1,100.0,313.15,95.1,0.06154042439074853,0.05160905494939845,1.2646100266431266,1.197411957269434
"2,4-Dimethylpyrrole",CC1=CNC(C)=C1,100.0,308.15,95.1,0.0529659052565271,0.045117991540253165,1.2074088876661484,1.1451806396786264
"2,4-Dimethylpyrrole",CC1=CNC(C)=C1,100.0,333.15,95.1,0.1085976556958296,0.08512975672154038,1.469992533035777,1.3843487709429103
"2,4-Dimethylpyrrole",CC1=CNC(C)=C1,100.0,298.15,95.1,0.038823698147390354,0.03405097405000445,1.0859705373017334,1.033641877125249
"2,4-Dimethylpyrrole",CC1=CNC(C)=C1,100.0,293.15,95.1,0.03305574343420617,0.029384483316277264,1.0217328247427735,0.9742142616175828
"2,4-Dimethylpyrrole",CC1=CNC(C)=C1,100.0,288.15,95.1,0.028036076230481384,0.025238660147673977,0.9551470273481357,0.9122759016074227
"2,4-Dimethylpyrrole",CC1=CNC(C)=C1,100.0,283.15,95.1,0.02368353062296701,0.02157249327539163,0.8862091236157655,0.8477801916538328
"2,4-Dimethylpyrrole",CC1=CNC(C)=C1,100.0,278.15,95.1,0.0199238058068484,0.018346373922367126,0.8149128352673798,0.780685654203596
"2,4-Dimethylpyrrole",CC1=CNC(C)=C1,100.0,303.15,95.1,0.04542838810343876,0.0392807206866424,1.1478623807348696,1.0906114822414992
"2,6-Dimethyl-5-Heptenal",CC(CCC=C(C)C)C=O,100.0,333.15,140.2,0.03756967834453606,0.04025663967567595,0.9212050921462132,0.9497283268494962
"2,6-Dimethyl-5-Heptenal",CC(CCC=C(C)C)C=O,100.0,328.15,140.2,0.03101363340766188,0.03329904974802361,0.8415448171160219,0.8711570633749999
"2,6-Dimethyl-5-Heptenal",CC(CCC=C(C)C)C=O,100.0,323.15,140.2,0.025440362152315956,0.027350123320228206,0.7586206453287788,0.7889901054549592
"2,6-Dimethyl-5-Heptenal",CC(CCC=C(C)C)C=O,100.0,318.15,140.2,0.02073107990900665,0.02229993953085389,0.672360509618708,0.7031605799709099
"2,6-Dimethyl-5-Heptenal",CC(CCC=C(C)C)C=O,100.0,313.15,140.2,0.016776954969676214,0.018044608671965515,0.5826818901564356,0.6136000016074591
"2,6-Dimethyl-5-Heptenal",CC(CCC=C(C)C)C=O,100.0,308.15,140.2,0.01347886033668398,0.014486719071261261,0.48949088407486613,0.5202357632779049
"2,6-Dimethyl-5-Heptenal",CC(CCC=C(C)C)C=O,100.0,303.15,140.2,0.010747048324851016,0.011535751758394752,0.3926810850594186,0.4229885074306113
"2,6-Dimethyl-5-Heptenal",CC(CCC=C(C)C)C=O,100.0,293.15,140.2,0.006667878461109797,0.0071288426254955675,0.18771066744092146,0.21647796622944426
"2,6-Dimethyl-5-Heptenal",CC(CCC=C(C)C)C=O,100.0,288.15,140.2,0.005184317827533221,0.005528694504273763,0.0792655283630576,0.10699883220081417
"2,6-Dimethyl-5-Heptenal",CC(CCC=C(C)C)C=O,100.0,283.15,140.2,0.003993670075900123,0.004247056828688972,-0.033369784528545554,-0.006799577528885819
"2,6-Dimethyl-5-Heptenal",CC(CCC=C(C)C)C=O,100.0,278.15,140.2,0.003046615327606349,0.0032302386870223013,-0.1503794176372132,-0.12506813515810739
"2,6-Dimethyl-5-Heptenal",CC(CCC=C(C)C)C=O,100.0,298.15,140.2,0.008500774997287347,0.009108412190791436,0.2921325262714423,0.3217694818328688
"2,6-Dimethylthiophenol",S-c(c(cc1)C)c(c1)C,100.0,313.15,138.2,0.0043484253462094434,0.005279074441015479,0.009562735228936314,0.0932404706439825
"2,6-Dimethylthiophenol",S-c(c(cc1)C)c(c1)C,100.0,333.15,138.2,0.013296453278733796,0.017101697773549657,0.48972571837641754,0.5968194475606778
"2,6-Dimethylthiophenol",S-c(c(cc1)C)c(c1)C,100.0,328.15,138.2,0.01022826237658904,0.012959890453877108,0.3775816731153552,0.4787872196632816
"2,6-Dimethylthiophenol",S-c(c(cc1)C)c(c1)C,100.0,323.15,138.2,0.007782304692517427,0.009716531638158455,0.2603202579027481,0.3555903323059992
"2,6-Dimethylthiophenol",S-c(c(cc1)C)c(c1)C,100.0,318.15,138.2,0.005853046146299846,0.007204021729043634,0.13772698193893082,0.2271263429797341
"2,6-Dimethylthiophenol",S-c(c(cc1)C)c(c1)C,100.0,308.15,138.2,0.0031889526452580914,0.003821081834492759,-0.1244374644147998,-0.04627209990416813
"2,6-Dimethylthiophenol",S-c(c(cc1)C)c(c1)C,100.0,303.15,138.2,0.0023067413079587242,0.0027299275309663677,-0.26456567385378,-0.1916634283901622
"2,6-Dimethylthiophenol",S-c(c(cc1)C)c(c1)C,100.0,298.15,138.2,0.0016444885620614039,0.001923579753403674,-0.41114222158813235,-0.34322790809625414
"2,6-Dimethylthiophenol",S-c(c(cc1)C)c(c1)C,100.0,293.15,138.2,0.0011544262962463474,0.0013356160920078614,-0.5645169423306421,-0.5013087264000209
"2,6-Dimethylthiophenol",S-c(c(cc1)C)c(c1)C,100.0,288.15,138.2,0.0007972623210274365,0.000912971562656271,-0.7250704898529217,-0.6662829846981833
"2,6-Dimethylthiophenol",S-c(c(cc1)C)c(c1)C,100.0,283.15,138.2,0.0005411333297107435,0.0006137531379785118,-0.8932157661912911,-0.8385693353562564
"2,6-Dimethylthiophenol",S-c(c(cc1)C)c(c1)C,100.0,278.15,138.2,0.0003605899329321853,0.0004053351663022671,-1.06939950298911,-1.0186253250419943
2-Acetyl Pyridine,CC(=O)C1=CC=CC=N1,100.0,333.15,121.1,0.051099328790979684,0.051609975722144395,1.1034278245109057,1.1073997765120325
2-Acetyl Pyridine,CC(=O)C1=CC=CC=N1,100.0,328.15,121.1,0.04223432001139775,0.04306708510078782,1.0267381050591478,1.0346452010175324
2-Acetyl Pyridine,CC(=O)C1=CC=CC=N1,100.0,323.15,121.1,0.034692932959532234,0.03565999523144861,0.9465361908741016,0.9578032221229115
2-Acetyl Pyridine,CC(=O)C1=CC=CC=N1,100.0,318.15,121.1,0.02831562821573098,0.029291699451916807,0.8627873434905696,0.8768191940760232
2-Acetyl Pyridine,CC(=O)C1=CC=CC=N1,100.0,313.15,121.1,0.022956214916222833,0.023864292303022394,0.7754504162498067,0.7916543721010254
2-Acetyl Pyridine,CC(=O)C1=CC=CC=N1,100.0,308.15,121.1,0.01848148094606786,0.019280285496414702,0.6844759662703178,0.7022816443789273
2-Acetyl Pyridine,CC(=O)C1=CC=CC=N1,100.0,298.15,121.1,0.011715522794332302,0.01226371704639143,0.491367764661817,0.5108318487081792
2-Acetyl Pyridine,CC(=O)C1=CC=CC=N1,100.0,293.15,121.1,0.0092186233367837,0.009651866717731532,0.3890821011026798,0.4087127581841415
2-Acetyl Pyridine,CC(=O)C1=CC=CC=N1,100.0,288.15,121.1,0.00719389856226735,0.0075274087705042144,0.2828535706015819,0.3022917488164596
2-Acetyl Pyridine,CC(=O)C1=CC=CC=N1,100.0,283.15,121.1,0.005565400940193684,0.005816077285496375,0.17257428236057554,0.19152482528857734
2-Acetyl Pyridine,CC(=O)C1=CC=CC=N1,100.0,278.15,121.1,0.004266727743713486,0.004451016394828767,0.05812293494720642,0.07635223518831963
2-Acetyl Pyridine,CC(=O)C1=CC=CC=N1,100.0,303.15,121.1,0.014770781449946938,0.015444122794936494,0.5898050967607265,0.6086805342591456
2-Acetyl-1-Methyl Pyrrole,CC(=O)C1=CC=CN1C,100.0,313.15,123.2,0.034050457094059204,0.033427822356284866,0.9320429484318596,0.9244514002322366
2-Acetyl-1-Methyl Pyrrole,CC(=O)C1=CC=CN1C,100.0,333.15,123.2,0.06971644928472799,0.06498952312470527,1.219670860313182,1.1922320164078577
2-Acetyl-1-Methyl Pyrrole,CC(=O)C1=CC=CN1C,100.0,328.15,123.2,0.05874697170634001,0.05559080214796883,1.152439313119798,1.1305266476413383
2-Acetyl-1-Methyl Pyrrole,CC(=O)C1=CC=CN1C,100.0,323.15,123.2,0.049249347740037926,0.047244481167348897,1.0821131042478003,1.0653964912202964
2-Acetyl-1-Methyl Pyrrole,CC(=O)C1=CC=CN1C,100.0,318.15,123.2,0.04106587844307628,0.03988039460899628,1.0086598233761646,0.9967357237020563
2-Acetyl-1-Methyl Pyrrole,CC(=O)C1=CC=CN1C,100.0,308.15,123.2,0.02806828141654253,0.027815397173755203,0.8522201073229305,0.8484630544953211
2-Acetyl-1-Methyl Pyrrole,CC(=O)C1=CC=CN1C,100.0,278.15,123.2,0.007661064888315898,0.00781981462364963,0.30252258821278705,0.3113173964856972
2-Acetyl-1-Methyl Pyrrole,CC(=O)C1=CC=CN1C,100.0,298.15,123.2,0.018719063106407367,0.018824078207405136,0.6827494304030395,0.6851059305362485
2-Acetyl-1-Methyl Pyrrole,CC(=O)C1=CC=CN1C,100.0,293.15,123.2,0.015135899685031108,0.01530283929491542,0.5929755116014144,0.5976224018419014
2-Acetyl-1-Methyl Pyrrole,CC(=O)C1=CC=CN1C,100.0,288.15,123.2,0.012152911782895513,0.012338675253708303,0.4997415427315622,0.5061990383591616
2-Acetyl-1-Methyl Pyrrole,CC(=O)C1=CC=CN1C,100.0,283.15,123.2,0.009686289772223616,0.009865276342172035,0.40295777301231545,0.410783139895806
2-Acetyl-1-Methyl Pyrrole,CC(=O)C1=CC=CN1C,100.0,303.15,123.2,0.022995542393160023,0.022971355663841272,0.7691416670031306,0.7687013608552835
"2-Butanone, 3-Hydroxy-",CC(C(O)C)=O,100.0,313.15,88.1,0.020730053413440218,0.021163865155528556,0.862198837904856,0.8707103185899401
"2-Butanone, 3-Hydroxy-",CC(C(O)C)=O,100.0,333.15,88.1,0.04451417707726923,0.045533676313931834,1.168373566613428,1.1771386524333314
"2-Butanone, 3-Hydroxy-",CC(C(O)C)=O,100.0,328.15,88.1,0.037085985481295956,0.03793151481470287,1.096956452069937,1.1058436062321442
"2-Butanone, 3-Hydroxy-",CC(C(O)C)=O,100.0,323.15,88.1,0.030727435483027987,0.03141575702410925,1.0221261101589956,1.031000218349793
"2-Butanone, 3-Hydroxy-",CC(C(O)C)=O,100.0,318.15,88.1,0.025313649889471327,0.025864563335530083,0.9438759401226513,0.9526200520273871
"2-Butanone, 3-Hydroxy-",CC(C(O)C)=O,100.0,308.15,88.1,0.01687188647863515,0.017208101995356204,0.7770822452198617,0.7852733806493277
"2-Butanone, 3-Hydroxy-",CC(C(O)C)=O,100.0,303.15,88.1,0.013643977557986913,0.01390042773762154,0.6885073629911435,0.6963036010434901
"2-Butanone, 3-Hydroxy-",CC(C(O)C)=O,100.0,298.15,88.1,0.010960401102231775,0.011152811360596954,0.5964489455345883,0.6037870151361958
"2-Butanone, 3-Hydroxy-",CC(C(O)C)=O,100.0,293.15,88.1,0.00874394412142872,0.008885904108518434,0.5008703522086988,0.5077014416126593
"2-Butanone, 3-Hydroxy-",CC(C(O)C)=O,100.0,288.15,88.1,0.006925764816583982,0.00702867369646049,0.40172585012117534,0.4080126375405735
"2-Butanone, 3-Hydroxy-",CC(C(O)C)=O,100.0,283.15,88.1,0.005444820587554699,0.0055180882563702505,0.29895571269550086,0.3046758226892954
"2-Butanone, 3-Hydroxy-",CC(C(O)C)=O,100.0,278.15,88.1,0.0042474234815978685,0.0042986080982593535,0.19248851972010694,0.19763126468520417
2-Ethoxythiazole,CCOC1=NC=CS1,100.0,333.15,129.2,0.04069685655814931,0.04302851517323714,0.9863808300765559,1.0091206525531315
2-Ethoxythiazole,CCOC1=NC=CS1,100.0,328.15,129.2,0.033839344829917524,0.03586937522097464,0.9105516019773233,0.9345732071939538
2-Ethoxythiazole,CCOC1=NC=CS1,100.0,323.15,129.2,0.02800200802906604,0.029731275140392758,0.8320213819211636,0.856945595225431
2-Ethoxythiazole,CCOC1=NC=CS1,100.0,318.15,129.2,0.0230562526255628,0.024500517291100306,0.7507828521287472,0.7762436535791364
2-Ethoxythiazole,CCOC1=NC=CS1,100.0,313.15,129.2,0.01888600918008321,0.020070434910342817,0.6668184562236563,0.6924710128415119
2-Ethoxythiazole,CCOC1=NC=CS1,100.0,308.15,129.2,0.015387064722447254,0.016341906170829472,0.58009896550621,0.6056266399355991
2-Ethoxythiazole,CCOC1=NC=CS1,100.0,298.15,129.2,0.010041204684003905,0.010632495315738176,0.39821244149746593,0.4226751512156717
2-Ethoxythiazole,CCOC1=NC=CS1,100.0,293.15,129.2,0.008038577224830212,0.008493271747030056,0.30291797731629544,0.32651553445439424
2-Ethoxythiazole,CCOC1=NC=CS1,100.0,288.15,129.2,0.006394304950093486,0.0067387891003039616,0.20461247012120007,0.22717443135980359
2-Ethoxythiazole,CCOC1=NC=CS1,100.0,283.15,129.2,0.005052311724975712,0.0053094977517291015,0.10319299062984202,0.1245867925011064
2-Ethoxythiazole,CCOC1=NC=CS1,100.0,278.15,129.2,0.003963865224905594,0.004153105477390539,-0.0014601837378832555,0.01866896433901339
2-Ethoxythiazole,CCOC1=NC=CS1,100.0,303.15,129.2,0.012466350537588468,0.013223661961099559,0.4905822339681618,0.5157012630429457
2-Ethyl Fenchol,CCC1(C(C2CCC1(C2)C)(C)C)O,100.0,313.15,182.3,0.01288531160810716,0.012999701248533366,0.359203091729997,0.36300255446974045
2-Ethyl Fenchol,CCC1(C(C2CCC1(C2)C)(C)C)O,100.0,333.15,182.3,0.029206439211542513,0.029720713469138064,0.7090597012494494,0.7164673014423862
2-Ethyl Fenchol,CCC1(C(C2CCC1(C2)C)(C)C)O,100.0,328.15,182.3,0.024033562153972496,0.02439341466010171,0.6261434036738441,0.6324762965972479
2-Ethyl Fenchol,CCC1(C(C2CCC1(C2)C)(C)C)O,100.0,323.15,182.3,0.01965432665932721,0.019903077334522436,0.5402654962623711,0.5456432364179747
2-Ethyl Fenchol,CCC1(C(C2CCC1(C2)C)(C)C)O,100.0,318.15,182.3,0.015968512139782662,0.016138306790031094,0.45132310372657003,0.4558588939655521
2-Ethyl Fenchol,CCC1(C(C2CCC1(C2)C)(C)C)O,100.0,308.15,182.3,0.01032284405279333,0.0103988571876343,0.26378172534292144,0.26694201528940237
2-Ethyl Fenchol,CCC1(C(C2CCC1(C2)C)(C)C)O,100.0,278.15,182.3,0.002294927374290383,0.002299632840486945,-0.38649850150414355,-0.3856105628630311
2-Ethyl Fenchol,CCC1(C(C2CCC1(C2)C)(C)C)O,100.0,298.15,182.3,0.0064741727652547236,0.006506299661948999,0.06248294309645193,0.06462171601065551
2-Ethyl Fenchol,CCC1(C(C2CCC1(C2)C)(C)C)O,100.0,293.15,182.3,0.005064279631533338,0.005084681119544332,-0.04370046003331885,-0.041961412018696805
2-Ethyl Fenchol,CCC1(C(C2CCC1(C2)C)(C)C)O,100.0,288.15,182.3,0.0039267138960528015,0.003939453881601281,-0.15379861580415902,-0.15239622711759365
2-Ethyl Fenchol,CCC1(C(C2CCC1(C2)C)(C)C)O,100.0,283.15,182.3,0.003016600037958811,0.003024415708778699,-0.2679976590044954,-0.2668765905010798
2-Ethyl Fenchol,CCC1(C(C2CCC1(C2)C)(C)C)O,100.0,303.15,182.3,0.008207646868670005,0.008257438267412747,0.16492395500362686,0.16753359623128344
2-Ethyl Hexyl Acetate,O=C(OCC(CC)CCCC)C,100.0,313.15,172.27,0.013602863191207525,0.014633982486606283,0.4064614038247017,0.43779688252728527
2-Ethyl Hexyl Acetate,O=C(OCC(CC)CCCC)C,100.0,333.15,172.27,0.030622204391049044,0.03318530867868014,0.7523652794239257,0.7863038353731205
2-Ethyl Hexyl Acetate,O=C(OCC(CC)CCCC)C,100.0,328.15,172.27,0.02525132823189503,0.027323960838104268,0.6706545067975374,0.7041249960451917
2-Ethyl Hexyl Acetate,O=C(OCC(CC)CCCC)C,100.0,323.15,172.27,0.020688456031249212,0.022348162247899477,0.5858402632396598,0.6187195870004948
2-Ethyl Hexyl Acetate,O=C(OCC(CC)CCCC)C,100.0,318.15,172.27,0.016835535902717,0.01815087169277257,0.4978154625352513,0.5299814385940941
2-Ethyl Hexyl Acetate,O=C(OCC(CC)CCCC)C,100.0,308.15,172.27,0.0109088136774748,0.011707988292378823,0.3116468438915586,0.34204335038629585
2-Ethyl Hexyl Acetate,O=C(OCC(CC)CCCC)C,100.0,303.15,172.27,0.008679540542100997,0.009291677199708576,0.21322706498770155,0.2425878478022538
2-Ethyl Hexyl Acetate,O=C(OCC(CC)CCCC)C,100.0,298.15,172.27,0.006848638475135105,0.007311827155645362,0.11104299594053686,0.13928534165838763
2-Ethyl Hexyl Acetate,O=C(OCC(CC)CCCC)C,100.0,293.15,172.27,0.005356771859060749,0.005702882534283578,0.004920004408123744,0.03197709348007537
2-Ethyl Hexyl Acetate,O=C(OCC(CC)CCCC)C,100.0,288.15,172.27,0.004151286030190004,0.0044065988546623715,-0.1053327987392323,-0.07951103462251828
2-Ethyl Hexyl Acetate,O=C(OCC(CC)CCCC)C,100.0,283.15,172.27,0.003185786814852535,0.0033716495773220972,-0.21992380031384198,-0.19537028353078492
2-Ethyl Hexyl Acetate,O=C(OCC(CC)CCCC)C,100.0,278.15,172.27,0.0024197071383458358,0.0025531949116350057,-0.3390799721159592,-0.3158107016099016
"2-Ethyl-4,5-Dimethyl Oxazole",CCC1=NC(=C(O1)C)C,100.0,328.15,125.2,0.13585703107025932,0.09243750292165649,1.4638604183570916,1.3222854614540624
"2-Ethyl-4,5-Dimethyl Oxazole",CCC1=NC(=C(O1)C)C,100.0,323.15,125.2,0.12148281410489781,0.08406875104389351,1.423620918224362,1.2861965355249807
"2-Ethyl-4,5-Dimethyl Oxazole",CCC1=NC(=C(O1)C)C,100.0,318.15,125.2,0.10841818107401115,0.07634315426658317,1.381918325884778,1.249117168705224
"2-Ethyl-4,5-Dimethyl Oxazole",CCC1=NC(=C(O1)C)C,100.0,313.15,125.2,0.09656089486806081,0.06920952903519072,1.3387356059690618,1.2109787460843036
"2-Ethyl-4,5-Dimethyl Oxazole",CCC1=NC(=C(O1)C)C,100.0,308.15,125.2,0.08581585230228116,0.06262261271463258,1.2940546005680063,1.1717087473993082
"2-Ethyl-4,5-Dimethyl Oxazole",CCC1=NC(=C(O1)C)C,100.0,333.15,125.2,0.15165064162528563,0.10150733290045948,1.502652880901521,1.3574481208130595
"2-Ethyl-4,5-Dimethyl Oxazole",CCC1=NC(=C(O1)C)C,100.0,298.15,125.2,0.06731512337189535,0.05093307492992782,1.2001191890348206,1.0894681911219586
"2-Ethyl-4,5-Dimethyl Oxazole",CCC1=NC(=C(O1)C)C,100.0,293.15,125.2,0.059400972110117696,0.045763179443927895,1.1508227008194576,1.04633904475928
"2-Ethyl-4,5-Dimethyl Oxazole",CCC1=NC(=C(O1)C)C,100.0,288.15,125.2,0.05228129538470008,0.04100426384505865,1.0999440656956443,1.0017628362240258
"2-Ethyl-4,5-Dimethyl Oxazole",CCC1=NC(=C(O1)C)C,100.0,283.15,125.2,0.04589026963507272,0.036630743438760105,1.0474606886470135,0.9556583590243055
"2-Ethyl-4,5-Dimethyl Oxazole",CCC1=NC(=C(O1)C)C,100.0,278.15,125.2,0.04016657566600082,0.03261942927215454,0.9933485462910948,0.9079462595180372
"2-Ethyl-4,5-Dimethyl Oxazole",CCC1=NC(=C(O1)C)C,100.0,303.15,125.2,0.07609464482167405,0.05654232147656765,1.2478559653012973,1.131231361961927
2-Ethylpyridine,CCC1=CC=CC=N1,100.0,333.15,107.2,0.19072140879530008,0.11155541585684618,1.6212705221083863,1.4422141683081489
2-Ethylpyridine,CCC1=CC=CC=N1,100.0,328.15,107.2,0.17122943434046647,0.10220462480704935,1.5871022649118915,1.4110194500432753
2-Ethylpyridine,CCC1=CC=CC=N1,100.0,323.15,107.2,0.15349123969364584,0.09354522337836016,1.551451187156995,1.378988364561433
2-Ethylpyridine,CCC1=CC=CC=N1,100.0,318.15,107.2,0.1373677931456479,0.08551977537166962,1.514305712033953,1.3460671850319643
2-Ethylpyridine,CCC1=CC=CC=N1,100.0,313.15,107.2,0.12273014037398164,0.0780775159148369,1.475656251543151,1.3121979599402962
2-Ethylpyridine,CCC1=CC=CC=N1,100.0,308.15,107.2,0.10945862860544893,0.0711736248613134,1.43549470969356,1.2773191873944398
2-Ethylpyridine,CCC1=CC=CC=N1,100.0,303.15,107.2,0.09744255205574166,0.06476855508224302,1.3938151813108361,1.2413666174118303
2-Ethylpyridine,CCC1=CC=CC=N1,100.0,293.15,107.2,0.07677424455682036,0.05331935328733261,1.305888341259124,1.1659751330046786
2-Ethylpyridine,CCC1=CC=CC=N1,100.0,288.15,107.2,0.06793931377217809,0.048217079162512645,1.259640026803613,1.1264031859796952
2-Ethylpyridine,CCC1=CC=CC=N1,100.0,283.15,107.2,0.05999331383118946,0.04349628493142198,1.2118725376743473,1.085494028583037
2-Ethylpyridine,CCC1=CC=CC=N1,100.0,278.15,107.2,0.05286101875368627,0.03913519937659856,1.1625935822487221,1.0431868475347317
2-Ethylpyridine,CCC1=CC=CC=N1,100.0,298.15,107.2,0.08657938620140306,0.058827408423459175,1.3506136541106424,1.2042741920320152
2-Formyl Pyrrole,C1=CNC(=C1)C=O,100.0,313.15,95.1,0.0022626184901179385,0.0023179703433881,-0.11164828403843557,-0.10120998890706719
2-Formyl Pyrrole,C1=CNC(=C1)C=O,100.0,328.15,95.1,0.004212424760813844,0.004404625169804478,0.15622540319010308,0.17540092920368747
2-Formyl Pyrrole,C1=CNC(=C1)C=O,100.0,323.15,95.1,0.0034420578206181534,0.0035701382253307762,0.06931907756559773,0.08505156067680668
2-Formyl Pyrrole,C1=CNC(=C1)C=O,100.0,318.15,95.1,0.0027981970931959584,0.002882798250173696,-0.0199445906527872,-0.007097551479615111
2-Formyl Pyrrole,C1=CNC(=C1)C=O,100.0,308.15,95.1,0.00181932191578904,0.001855168094109401,-0.20588329005745068,-0.1974473379758645
2-Formyl Pyrrole,C1=CNC(=C1)C=O,100.0,333.15,95.1,0.005129976307801179,0.005416065027573295,0.24084858004495674,0.26411819222182564
2-Formyl Pyrrole,C1=CNC(=C1)C=O,100.0,298.15,95.1,0.0011554063628893506,0.0011699448123678997,-0.40235806833776905,-0.3969427882822055
2-Formyl Pyrrole,C1=CNC(=C1)C=O,100.0,293.15,95.1,0.0009120300936060924,0.0009211220331547073,-0.5048267611021706,-0.500528358701167
2-Formyl Pyrrole,C1=CNC(=C1)C=O,100.0,288.15,95.1,0.0007150601825495364,0.0007206719397579781,-0.6102853133399817,-0.6068962241602174
2-Formyl Pyrrole,C1=CNC(=C1)C=O,100.0,283.15,95.1,0.0005566561480392991,0.0005600721262359319,-0.7188735350613863,-0.7162201958047844
2-Formyl Pyrrole,C1=CNC(=C1)C=O,100.0,278.15,95.1,0.00043011531025795855,0.00043216428921696366,-0.8307418986554657,-0.8286800892313622
2-Formyl Pyrrole,C1=CNC(=C1)C=O,100.0,303.15,95.1,0.001454313827571692,0.0014772757531950778,-0.302749990934459,-0.2959707664153541
2-Furfuryl Acetate,O1C=CC=C1COC(C)=O,100.0,328.15,140.1,0.01859204983704063,0.02049276285650747,0.626567639885513,0.6677686512505265
2-Furfuryl Acetate,O1C=CC=C1COC(C)=O,100.0,323.15,140.1,0.014832359504620788,0.016239661470139607,0.5305793496917541,0.5691480396475925
2-Furfuryl Acetate,O1C=CC=C1COC(C)=O,100.0,318.15,140.1,0.01173527793669335,0.012765783382507322,0.43062392964536716,0.4665911344164063
2-Furfuryl Acetate,O1C=CC=C1COC(C)=O,100.0,313.15,140.1,0.009204425916977435,0.009950480390360686,0.3265719840846544,0.35999294339004834
2-Furfuryl Acetate,O1C=CC=C1COC(C)=O,100.0,308.15,140.1,0.007153678280025627,0.007687490346065998,0.21827887941725663,0.24922810727849745
2-Furfuryl Acetate,O1C=CC=C1COC(C)=O,100.0,333.15,140.1,0.023121420190614875,0.025660914786036274,0.7187041164799389,0.7625381333520368
2-Furfuryl Acetate,O1C=CC=C1COC(C)=O,100.0,298.15,140.1,0.004196248257164433,0.00445962618799086,-0.011690405194609472,0.014595306156230586
2-Furfuryl Acetate,O1C=CC=C1COC(C)=O,100.0,293.15,140.1,0.0031638534581567013,0.003345301486028634,-0.13374057385554117,-0.10962624083894351
2-Furfuryl Acetate,O1C=CC=C1COC(C)=O,100.0,288.15,140.1,0.0023589082149382363,0.002482225093851803,-0.26078168780592503,-0.23872271654663751
2-Furfuryl Acetate,O1C=CC=C1COC(C)=O,100.0,283.15,140.1,0.001738140816034755,0.001820777327070905,-0.3930494436794687,-0.3729252827362655
2-Furfuryl Acetate,O1C=CC=C1COC(C)=O,100.0,278.15,140.1,0.0012649117765985332,0.0013194830100159585,-0.5308008024710346,-0.5124887680717575
2-Furfuryl Acetate,O1C=CC=C1COC(C)=O,100.0,303.15,140.1,0.0055066726695182245,0.0058840036979859334,0.10558406670815962,0.13415098385345134
2-Heptyne,CC#CCCCC,100.0,333.15,96.2,0.008397190987270906,0.01062732106834889,0.4466118253059888,0.5466314952651441
2-Heptyne,CC#CCCCC,100.0,328.15,96.2,0.0064402691540108884,0.008004416680063563,0.33338362961909435,0.4262085284861774
2-Heptyne,CC#CCCCC,100.0,323.15,96.2,0.004884580422804708,0.00597235755373747,0.21490486494730124,0.30110542829727777
2-Heptyne,CC#CCCCC,100.0,318.15,96.2,0.0036611695909250026,0.004410809574284633,0.09095826623199933,0.17108373228243334
2-Heptyne,CC#CCCCC,100.0,313.15,96.2,0.002710054137650848,0.003221637280468548,-0.03870088050643871,0.035868929141537734
2-Heptyne,CC#CCCCC,100.0,308.15,96.2,0.001979594497077561,0.002325055787545699,-0.17434635458294254,-0.10484703949397427
2-Heptyne,CC#CCCCC,100.0,303.15,96.2,0.001425818801756141,0.001656468238371553,-0.3162840448008353,-0.2514045219016636
2-Heptyne,CC#CCCCC,100.0,293.15,96.2,0.0007066288275666569,0.0008056350411281919,-0.6204101676340198,-0.5635660630466907
2-Heptyne,CC#CCCCC,100.0,288.15,96.2,0.00048528110115792774,0.0005488121225394679,-0.7833780164502521,-0.7300137614387047
2-Heptyne,CC#CCCCC,100.0,283.15,96.2,0.0003273483979014828,0.00036749849909133847,-0.9541969061872078,-0.9039933230356288
2-Heptyne,CC#CCCCC,100.0,278.15,96.2,0.00021663994260238175,0.00024160213289015376,-1.1333534068809947,-1.086017149549238
2-Heptyne,CC#CCCCC,100.0,298.15,96.2,0.0010117440663847722,0.0011638596304473251,-0.4648478650814938,-0.4041758871926461
2-Hexanol,CC(O)CCCC,100.0,313.15,102.2,0.013318694960491831,0.013530137218067916,0.6167890502008011,0.6234335386973388
2-Hexanol,CC(O)CCCC,100.0,333.15,102.2,0.029185649242943656,0.030195596729123787,0.943026034099399,0.9568953368779746
2-Hexanol,CC(O)CCCC,100.0,328.15,102.2,0.024187970469494603,0.024885041808349044,0.865962198787118,0.8776698254525885
2-Hexanol,CC(O)CCCC,100.0,323.15,102.2,0.019938475263152917,0.020413276862682232,0.7859233420627191,0.7957101631326294
2-Hexanol,CC(O)CCCC,100.0,318.15,102.2,0.016343605426132935,0.016662665951368547,0.702879066406959,0.7109817976414959
2-Hexanol,CC(O)CCCC,100.0,308.15,102.2,0.010787498115580291,0.010925620430812591,0.5276018249464356,0.5329984335905038
2-Hexanol,CC(O)CCCC,100.0,303.15,102.2,0.008681698586555486,0.008770587810257234,0.4352537085195782,0.4395944564287101
2-Hexanol,CC(O)CCCC,100.0,298.15,102.2,0.006940407667608297,0.006996728778100834,0.33966802007140773,0.3431251300767273
2-Hexanol,CC(O)CCCC,100.0,293.15,102.2,0.005509641795409524,0.005544750785163686,0.2407536566873553,0.24347921351374435
2-Hexanol,CC(O)CCCC,100.0,288.15,102.2,0.004341824711603581,0.004363339579979222,0.1384053369949718,0.14053172283397572
2-Hexanol,CC(O)CCCC,100.0,283.15,102.2,0.003395258831777908,0.003408207967359444,0.03250183090883363,0.03414276229877563
2-Hexanol,CC(O)CCCC,100.0,278.15,102.2,0.0026336293500118643,0.0026412762979021935,-0.07709420258729269,-0.07584227896707366
2-Hexyne,CC#CCCC,100.0,328.15,82.1,0.00772581415174426,0.010152230756107088,0.4780218820496263,0.593579556408256
2-Hexyne,CC#CCCC,100.0,323.15,82.1,0.005860658369436147,0.007551087303472337,0.3603906084158213,0.468308269844564
2-Hexyne,CC#CCCC,100.0,318.15,82.1,0.004393470997968648,0.005559463037654344,0.23712269120391327,0.33786042925204984
2-Hexyne,CC#CCCC,100.0,313.15,82.1,0.003252542408680153,0.004048436797512693,0.10799821673632637,0.20204339673805635
2-Hexyne,CC#CCCC,100.0,308.15,82.1,0.0023760925168346426,0.0029134010070002584,-0.02723625581878794,0.06061054436199893
2-Hexyne,CC#CCCC,100.0,333.15,82.1,0.01007132533266617,0.01352070621143234,0.5902063707572988,0.7138054467815219
2-Hexyne,CC#CCCC,100.0,298.15,82.1,0.0012145007617548667,0.0014507102222557405,-0.31720610322282955,-0.24032779288385686
2-Hexyne,CC#CCCC,100.0,293.15,82.1,0.0008482201582559781,0.0010017836668180123,-0.47262259892272557,-0.4005554869851466
2-Hexyne,CC#CCCC,100.0,288.15,82.1,0.000582475271123836,0.0006808866606579183,-0.6355104145464686,-0.5678402374418022
2-Hexyne,CC#CCCC,100.0,283.15,82.1,0.00039285712734407694,0.0004549623202144908,-0.806308160840566,-0.7426476627435438
2-Hexyne,CC#CCCC,100.0,278.15,82.1,0.00025993985679627487,0.0002984932942035346,-0.9854980246031507,-0.9254861879138562
2-Hexyne,CC#CCCC,100.0,303.15,82.1,0.001711516301984236,0.0020700114368151635,-0.16886346048608156,-0.08673323592837288
2-Methoxy Tetrahydropyrane,COC1OCCCC1,100.0,333.15,116.16,0.06768879296744056,0.0650239500882278,1.2294834602070561,1.2139134472518884
2-Methoxy Tetrahydropyrane,COC1OCCCC1,100.0,328.15,116.16,0.0566825193975435,0.055560803425466015,1.16020613400456,1.1523273657795254
2-Methoxy Tetrahydropyrane,COC1OCCCC1,100.0,323.15,116.16,0.04719925721434936,0.04713432182575593,1.0875183865693723,1.0869675988232543
2-Methoxy Tetrahydropyrane,COC1OCCCC1,100.0,318.15,116.16,0.03907144406921152,0.03968159068121485,1.0113798611408609,1.0176609447585057
2-Methoxy Tetrahydropyrane,COC1OCCCC1,100.0,313.15,116.16,0.032143991301411164,0.03313931510005824,0.9317454119650868,0.9442490262145316
2-Methoxy Tetrahydropyrane,COC1OCCCC1,100.0,308.15,116.16,0.02627394318231115,0.027443053477328457,0.8485616149962035,0.8665907581427537
2-Methoxy Tetrahydropyrane,COC1OCCCC1,100.0,303.15,116.16,0.021330321338578633,0.02252688829074243,0.7617662952033465,0.784563722355763
2-Methoxy Tetrahydropyrane,COC1OCCCC1,100.0,293.15,116.16,0.013755639447322734,0.014764681676805853,0.5770316912804988,0.6070003007539877
2-Methoxy Tetrahydropyrane,COC1OCCCC1,100.0,288.15,116.16,0.010918584255480866,0.011782227087541047,0.4789028276593759,0.5112973945298974
2-Methoxy Tetrahydropyrane,COC1OCCCC1,100.0,283.15,116.16,0.008594994424901083,0.00930897428124418,0.3767803574836247,0.41088323623006934
2-Methoxy Tetrahydropyrane,COC1OCCCC1,100.0,278.15,116.16,0.006706978399614689,0.007279989724264938,0.27052833217004474,0.3056865350290952
2-Methoxy Tetrahydropyrane,COC1OCCCC1,100.0,298.15,116.16,0.01719366390857381,0.018323496310641937,0.6712854360870296,0.698063247946205
2-Methyl Tetrahydrofuran,CC1CCCO1,100.0,313.15,86.13,0.09374727254268596,0.06658448540717092,1.4500615716924792,1.328416859500242
2-Methyl Tetrahydrofuran,CC1CCCO1,100.0,328.15,86.13,0.14559368296254444,0.09295136269549428,1.5940454998498503,1.44712478799419
2-Methyl Tetrahydrofuran,CC1CCCO1,100.0,323.15,86.13,0.12623617777061708,0.0834829404612766,1.5491151489110144,1.4096857195619712
2-Methyl Tetrahydrofuran,CC1CCCO1,100.0,318.15,86.13,0.10901528343580885,0.07470803238253718,1.5011499286122936,1.3701773191439988
2-Methyl Tetrahydrofuran,CC1CCCO1,100.0,308.15,86.13,0.08025951333102446,0.05907584910111004,1.395768191603192,1.284205695771749
2-Methyl Tetrahydrofuran,CC1CCCO1,100.0,333.15,86.13,0.1672830142755209,0.10316192030074287,1.6360362507602324,1.4826614285543829
2-Methyl Tetrahydrofuran,CC1CCCO1,100.0,298.15,86.13,0.05798732643068529,0.04578176022852498,1.277264171224015,1.1875618304767
2-Methyl Tetrahydrofuran,CC1CCCO1,100.0,293.15,86.13,0.04890955625707062,0.03994520758698522,1.2129106020430973,1.1346598716928773
2-Methyl Tetrahydrofuran,CC1CCCO1,100.0,288.15,86.13,0.04102458450377948,0.03461980921091532,1.1450625510996288,1.078373208295791
2-Methyl Tetrahydrofuran,CC1CCCO1,100.0,283.15,86.13,0.03420936816925338,0.029786075529823486,1.0736480141210996,1.0184439432449113
2-Methyl Tetrahydrofuran,CC1CCCO1,100.0,278.15,86.13,0.02834967760452932,0.025425374839271892,0.9985910782734962,0.9546113407039226
2-Methyl Tetrahydrofuran,CC1CCCO1,100.0,303.15,86.13,0.06839007385095247,0.05215069776504679,1.3381932528133993,1.2373301399172325
"2-Methyl-1,3-Dioxolane",CC1OCCO1,100.0,328.15,88.11,0.056920656707779155,0.05653986215467094,1.2622681227877497,1.2597413215743785
"2-Methyl-1,3-Dioxolane",CC1OCCO1,100.0,323.15,88.11,0.04672502369146372,0.04753553354367525,1.1870675636323103,1.1936907385457138
"2-Methyl-1,3-Dioxolane",CC1OCCO1,100.0,318.15,88.11,0.0380853405363686,0.03958213593637491,1.1073941647282404,1.1225420621933466
"2-Methyl-1,3-Dioxolane",CC1OCCO1,100.0,313.15,88.11,0.030812881744606984,0.03262517832855388,1.02319520554944,1.0460521678340235
"2-Methyl-1,3-Dioxolane",CC1OCCO1,100.0,308.15,88.11,0.024734282933160153,0.026604665578054815,0.93441393768826,0.9640148117866613
"2-Methyl-1,3-Dioxolane",CC1OCCO1,100.0,333.15,88.11,0.0688765887916074,0.06664551078897012,1.3330498608431456,1.3209670614581936
"2-Methyl-1,3-Dioxolane",CC1OCCO1,100.0,298.15,88.11,0.015540187506110182,0.0171025700874476,0.7428294925179564,0.7826741557883987
"2-Methyl-1,3-Dioxolane",CC1OCCO1,100.0,293.15,88.11,0.01215165332604941,0.013472213721525178,0.6398514410074022,0.6831533807268696
"2-Methyl-1,3-Dioxolane",CC1OCCO1,100.0,288.15,88.11,0.009409853076422572,0.010483726706567477,0.5319333850055142,0.5776358665505424
"2-Methyl-1,3-Dioxolane",CC1OCCO1,100.0,283.15,88.11,0.00721197698611185,0.008056810917702694,0.4189339629074058,0.4660689114343717
"2-Methyl-1,3-Dioxolane",CC1OCCO1,100.0,278.15,88.11,0.0054674750110399505,0.006112931921410919,0.30068436690277134,0.34839940237266487
"2-Methyl-1,3-Dioxolane",CC1OCCO1,100.0,303.15,88.11,0.019691256276893554,0.021454466580834258,0.8409849387495508,0.8762641610008981
2-Methyl-3-Tetrahydrofuran Thiol,CC1C(CCO1)S,100.0,333.15,118.2,0.0644856758646229,0.061552038408397625,1.204341116124552,1.1861439125629936
2-Methyl-3-Tetrahydrofuran Thiol,CC1C(CCO1)S,100.0,328.15,118.2,0.053886309914508816,0.052350508208198365,1.133712654211054,1.1222314258626465
2-Methyl-3-Tetrahydrofuran Thiol,CC1C(CCO1)S,100.0,323.15,118.2,0.044785270782743775,0.04420914988029472,1.0597868506736168,1.054573260682764
2-Methyl-3-Tetrahydrofuran Thiol,CC1C(CCO1)S,100.0,318.15,118.2,0.03701049786834569,0.037056132527293485,0.9825349403968533,0.9830372703026238
2-Methyl-3-Tetrahydrofuran Thiol,CC1C(CCO1)S,100.0,313.15,118.2,0.030404015686110727,0.030819060760750323,0.9019206491473319,0.907507268016287
2-Methyl-3-Tetrahydrofuran Thiol,CC1C(CCO1)S,100.0,308.15,118.2,0.024821500640728068,0.02542471197173506,0.8178980136209003,0.8278832800726335
2-Methyl-3-Tetrahydrofuran Thiol,CC1C(CCO1)S,100.0,303.15,118.2,0.020131740799470926,0.02079918891982534,0.7304089503908936,0.7440802440597388
2-Methyl-3-Tetrahydrofuran Thiol,CC1C(CCO1)S,100.0,293.15,118.2,0.01296772076254692,0.01355914795975898,0.5447268437698735,0.563652623165762
2-Methyl-3-Tetrahydrofuran Thiol,CC1C(CCO1)S,100.0,288.15,118.2,0.010291211083389588,0.010799629447369721,0.44634001465949225,0.4668997916533922
2-Methyl-3-Tetrahydrofuran Thiol,CC1C(CCO1)S,100.0,283.15,118.2,0.008101603173387876,0.00852102383159338,0.3440960657986277,0.36570003274354607
2-Methyl-3-Tetrahydrofuran Thiol,CC1C(CCO1)S,100.0,278.15,118.2,0.00632381673594994,0.006658243447250389,0.23784995247394333,0.2599769064157718
2-Methyl-3-Tetrahydrofuran Thiol,CC1C(CCO1)S,100.0,298.15,118.2,0.0162160651615776,0.016868451614344752,0.6393812673290148,0.6560251258387849
2-Octyne,CC#CCCCCC,100.0,313.15,110.2,0.002282992625029302,0.0026370951238587296,-0.17131307296477236,-0.10899262555370993
2-Octyne,CC#CCCCCC,100.0,328.15,110.2,0.005464997735250249,0.00655948997552842,0.2050764732203274,0.2834331133897073
2-Octyne,CC#CCCCCC,100.0,323.15,110.2,0.0041351619248370525,0.004893418040835677,0.08510366649361548,0.15758184114691318
2-Octyne,CC#CCCCCC,100.0,318.15,110.2,0.003091948493808238,0.003612622758178432,-0.04027230104729607,0.02687647600417914
2-Octyne,CC#CCCCCC,100.0,308.15,110.2,0.0016633477992374292,0.0019016599470313565,-0.30830757145918664,-0.25036051479623767
2-Octyne,CC#CCCCCC,100.0,333.15,110.2,0.0071418293027199825,0.008708813936863248,0.3198819737138901,0.40471431680229125
2-Octyne,CC#CCCCCC,100.0,298.15,110.2,0.0008455413888684264,0.0009497722949432126,-0.601459330692727,-0.5510635290653858
2-Octyne,CC#CCCCCC,100.0,278.15,110.2,0.00017892778924207206,0.00019579039225720436,-1.2753478952431807,-1.236248704940491
2-Octyne,CC#CCCCCC,100.0,283.15,110.2,0.00027119845226346886,0.0002984215045200166,-1.094817220476873,-1.0532975386741252
2-Octyne,CC#CCCCCC,100.0,303.15,110.2,0.0011948634003727501,0.0013534390295670687,-0.45157355973556773,-0.39758815861044683
2-Octyne,CC#CCCCCC,100.0,293.15,110.2,0.0005888840975933736,0.0006564926357846169,-0.7583455771654287,-0.7112031913895003
2-Octyne,CC#CCCCCC,100.0,288.15,110.2,0.0004032455459545128,0.0004464775320664873,-0.9226475009458325,-0.8784543471212676
2-Pentyl Pyridine,CCCCCC1=CC=CC=N1,100.0,333.15,149.2,0.1266296539169983,0.09126242079833026,1.3820940893226752,1.256038766687859
2-Pentyl Pyridine,CCCCCC1=CC=CC=N1,100.0,328.15,149.2,0.11422676194558182,0.08316053576715013,1.342935083109995,1.2194589269164675
2-Pentyl Pyridine,CCCCCC1=CC=CC=N1,100.0,323.15,149.2,0.10292924605033152,0.07574137964302098,1.3028785199023218,1.1823792684751024
2-Pentyl Pyridine,CCCCCC1=CC=CC=N1,100.0,318.15,149.2,0.09264541425979318,0.06894073532872713,1.2619262256663693,1.1447592559686022
2-Pentyl Pyridine,CCCCCC1=CC=CC=N1,100.0,308.15,149.2,0.07478821858903321,0.05697504748751745,1.1773315241517222,1.0677232747106202
2-Pentyl Pyridine,CCCCCC1=CC=CC=N1,100.0,313.15,149.2,0.08329091152369462,0.06270196019872754,1.2200779329039964,1.1065556593371484
2-Pentyl Pyridine,CCCCCC1=CC=CC=N1,100.0,298.15,149.2,0.060059417509097046,0.04688505608430374,1.089128868661835,0.9879860681839474
2-Pentyl Pyridine,CCCCCC1=CC=CC=N1,100.0,293.15,149.2,0.05370807344081699,0.042448099621693026,1.0436628415280942,0.9469880562771364
2-Pentyl Pyridine,CCCCCC1=CC=CC=N1,100.0,288.15,149.2,0.04795715416045342,0.038374006765704155,0.9972803557674503,0.9051766591760314
2-Pentyl Pyridine,CCCCCC1=CC=CC=N1,100.0,283.15,149.2,0.0427562543279346,0.034635159397038116,0.9499778243006775,0.8625092555116153
2-Pentyl Pyridine,CCCCCC1=CC=CC=N1,100.0,278.15,149.2,0.03805896060300817,0.03120677602423097,0.9017522318637347,0.8189466645443358
2-Pentyl Pyridine,CCCCCC1=CC=CC=N1,100.0,303.15,149.2,0.06706615903786832,0.05171579320378303,1.1336833863550042,1.0282156851880366
2-Pentyne,CC#CCC,100.0,333.15,68.1,0.013207392225509103,0.018818096033445832,0.7807163124618322,0.925748186382566
2-Pentyne,CC#CCC,100.0,328.15,68.1,0.010174297796590117,0.014174558338436005,0.6721953253060642,0.8098919062642846
2-Pentyne,CC#CCC,100.0,323.15,68.1,0.0077518302246677336,0.010569797125467028,0.5579604555672955,0.6881297216577309
2-Pentyne,CC#CCC,100.0,318.15,68.1,0.005837612213904457,0.007799546025806138,0.43787031824797784,0.5605490591876756
2-Pentyne,CC#CCC,100.0,313.15,68.1,0.004342038893968282,0.005692067022612291,0.31174958233179273,0.4271400751298495
2-Pentyne,CC#CCC,100.0,308.15,68.1,0.0031875492949540413,0.0041054865140595235,0.17939075963480342,0.2878046352559316
2-Pentyne,CC#CCC,100.0,303.15,68.1,0.0023076914101599856,0.0029241694770278065,0.04054829702702771,0.14236596222901743
2-Pentyne,CC#CCC,100.0,293.15,68.1,0.0011560409172094255,0.001423341686742617,-0.2577684979966014,-0.16787141368642855
2-Pentyne,CC#CCC,100.0,288.15,68.1,0.000798391001921292,0.0009707092697341985,-0.4179381531667445,-0.33334797189482973
2-Pentyne,CC#CCC,100.0,283.15,68.1,0.0005416835198226923,0.0006510830167372478,-0.5859856884277707,-0.506275038329645
2-Pentyne,CC#CCC,100.0,278.15,68.1,0.00036062938532773137,0.0004289607380005215,-0.762371982925073,-0.6871281242912735
2-Pentyne,CC#CCC,100.0,298.15,68.1,0.0016462031336830218,0.0020549111278476587,-0.10506273439060741,-0.009422748966224722
2-Propanol,OC(C)C,100.0,333.15,60.1,0.025574167388875815,0.02815897340191948,1.096546786017133,1.1339109012467732
2-Propanol,OC(C)C,100.0,328.15,60.1,0.021104059923003918,0.02288201048825809,1.0209184388452588,1.052924546637889
2-Propanol,OC(C)C,100.0,323.15,60.1,0.017326165633281137,0.018533192355001258,0.9419642923399569,0.9690571392228162
2-Propanol,OC(C)C,100.0,318.15,60.1,0.014148618965199162,0.014957529681825945,0.8597004686755474,0.8823818031711067
2-Propanol,OC(C)C,100.0,313.15,60.1,0.011489385767762424,0.012024521103520822,0.7741327253814592,0.7929234442757159
2-Propanol,OC(C)C,100.0,308.15,60.1,0.009275538873679628,0.009624929446009402,0.6852540539188569,0.7006661586885099
2-Propanol,OC(C)C,100.0,303.15,60.1,0.007442531193940515,0.007667596222061593,0.5930421006929275,0.6055609603562904
2-Propanol,OC(C)C,100.0,293.15,60.1,0.004698675102078112,0.004788184403313835,0.39844660575502794,0.4064730965306433
2-Propanol,OC(C)C,100.0,288.15,60.1,0.0036945386237732017,0.003749733658280382,0.29593136254452107,0.30226691986896126
2-Propanol,OC(C)C,100.0,283.15,60.1,0.002883409929151599,0.0029169063673616874,0.1898183981985922,0.1947707573613815
2-Propanol,OC(C)C,100.0,278.15,60.1,0.0022327550772073767,0.00225274632056808,0.07999307163313515,0.08382612421862583
2-Propanol,OC(C)C,100.0,298.15,60.1,0.005933520413080497,0.006076489287221201,0.49745847548429445,0.5075303699758923
3-(5-Methyl-2-Furyl) Butanal,CCC(C=O)C1=CC=C(O1)C,100.0,313.15,152.2,0.012582449388758266,0.013655263989998634,0.425434545917751,0.46044283062768165
3-(5-Methyl-2-Furyl) Butanal,CCC(C=O)C1=CC=C(O1)C,100.0,333.15,152.2,0.029958784776146784,0.03286148661354023,0.7937414528583773,0.8325084478790206
3-(5-Methyl-2-Furyl) Butanal,CCC(C=O)C1=CC=C(O1)C,100.0,328.15,152.2,0.024384805578468564,0.026695372665648347,0.7070299410850496,0.7452281226592886
3-(5-Methyl-2-Furyl) Butanal,CCC(C=O)C1=CC=C(O1)C,100.0,323.15,152.2,0.019707122057311136,0.021521209840269243,0.6168071006359612,0.6541675568021584
3-(5-Methyl-2-Furyl) Butanal,CCC(C=O)C1=CC=C(O1)C,100.0,308.15,152.2,0.00993311075512537,0.010741056799305449,0.32405788233466815,0.35762176177803934
3-(5-Methyl-2-Furyl) Butanal,CCC(C=O)C1=CC=C(O1)C,100.0,318.15,152.2,0.01580847479028233,0.0172132387844602,0.5229776552695183,0.5592633401869186
3-(5-Methyl-2-Furyl) Butanal,CCC(C=O)C1=CC=C(O1)C,100.0,298.15,152.2,0.006030519956949225,0.006469750284658788,0.10925425990811247,0.1395697227006679
3-(5-Methyl-2-Furyl) Butanal,CCC(C=O)C1=CC=C(O1)C,100.0,278.15,152.2,0.0019760548219484634,0.0020851026723192226,-0.3732905295830045,-0.35001628265095935
3-(5-Methyl-2-Furyl) Butanal,CCC(C=O)C1=CC=C(O1)C,100.0,283.15,152.2,0.002653853607914657,0.0028118231648649687,-0.24554938744232513,-0.22051681082469515
3-(5-Methyl-2-Furyl) Butanal,CCC(C=O)C1=CC=C(O1)C,100.0,303.15,152.2,0.007774574221964569,0.008374539135657402,0.21871393478871004,0.25070203743108904
3-(5-Methyl-2-Furyl) Butanal,CCC(C=O)C1=CC=C(O1)C,100.0,293.15,152.2,0.0046336471845280615,0.004950613316055033,-0.004485750319534727,0.024093221967599818
3-(5-Methyl-2-Furyl) Butanal,CCC(C=O)C1=CC=C(O1)C,100.0,288.15,152.2,0.0035251020791398314,0.0037505279435614248,-0.12268723492245373,-0.0958783828973387
3-(Methylthio)Propanoic Acid Methyl Ester,COC(CCSC)=O,100.0,313.15,134.2,0.009467953555936218,0.01030472526990958,0.3569501055953298,0.39321609930148693
3-(Methylthio)Propanoic Acid Methyl Ester,COC(CCSC)=O,100.0,278.15,134.2,0.0012905353395852815,0.001358166062703511,-0.5034777018629347,-0.48133680693015585
3-(Methylthio)Propanoic Acid Methyl Ester,COC(CCSC)=O,100.0,283.15,134.2,0.001777020977513605,0.001877908699684472,-0.36485763439992275,-0.3409384391608914
3-(Methylthio)Propanoic Acid Methyl Ester,COC(CCSC)=O,100.0,288.15,134.2,0.0024158520945296432,0.0025642110222772424,-0.23187686888513928,-0.20608559865937426
3-(Methylthio)Propanoic Acid Methyl Ester,COC(CCSC)=O,100.0,293.15,134.2,0.00324481906456164,0.003459993462824128,-0.10427137324659753,-0.07652006699019766
3-(Methylthio)Propanoic Acid Methyl Ester,COC(CCSC)=O,100.0,298.15,134.2,0.004308470993433686,0.004616405238495428,0.01820186050528537,0.04799188253265857
3-(Methylthio)Propanoic Acid Methyl Ester,COC(CCSC)=O,100.0,303.15,134.2,0.005658767038884933,0.0060937988514799145,0.13576477068986634,0.16766216034897238
3-(Methylthio)Propanoic Acid Methyl Ester,COC(CCSC)=O,100.0,308.15,134.2,0.007355710719934341,0.007962691871064385,0.2486195918143759,0.2826806123603917
3-(Methylthio)Propanoic Acid Methyl Ester,COC(CCSC)=O,100.0,318.15,134.2,0.012073327617679338,0.01321358489268857,0.46092163082895615,0.49941719184213074
3-(Methylthio)Propanoic Acid Methyl Ester,COC(CCSC)=O,100.0,323.15,134.2,0.01525937563564992,0.016795858409702106,0.5606835850577699,0.6014127940660403
3-(Methylthio)Propanoic Acid Methyl Ester,COC(CCSC)=O,100.0,328.15,134.2,0.01912377147912807,0.02117179658125026,0.656369491498849,0.6993128987869869
3-(Methylthio)Propanoic Acid Methyl Ester,COC(CCSC)=O,100.0,333.15,134.2,0.02377469997259798,0.026475871140503794,0.7480984063210179,0.7932084466443131
"3-Acetyl-2,5-Dimethyl Thiophene",CC1=CC(=C(S1)C)C(=O)C,100.0,318.15,154.23,0.046787996922370234,0.04453971292061617,0.974110803679875,0.9537632980083134
"3-Acetyl-2,5-Dimethyl Thiophene",CC1=CC(=C(S1)C)C(=O)C,100.0,323.15,154.23,0.05567766349941421,0.052185401893031697,1.0455712576570702,1.0190399087779096
"3-Acetyl-2,5-Dimethyl Thiophene",CC1=CC(=C(S1)C)C(=O)C,100.0,313.15,154.23,0.03911230422448297,0.037764616650963236,0.8998490457883783,0.8852486813180146
"3-Acetyl-2,5-Dimethyl Thiophene",CC1=CC(=C(S1)C)C(=O)C,100.0,333.15,154.23,0.07768539298458381,0.07033138875728544,1.1802762421022455,1.1403867323767387
"3-Acetyl-2,5-Dimethyl Thiophene",CC1=CC(=C(S1)C)C(=O)C,100.0,328.15,154.23,0.0659252160502074,0.06076215762756822,1.1142787884032572,1.0812035449313384
"3-Acetyl-2,5-Dimethyl Thiophene",CC1=CC(=C(S1)C)C(=O)C,100.0,308.15,154.23,0.03251725568394487,0.031799918004759155,0.8227311904471729,0.8133798166903865
"3-Acetyl-2,5-Dimethyl Thiophene",CC1=CC(=C(S1)C)C(=O)C,100.0,283.15,154.23,0.011786149412272056,0.012021352489239306,0.3918211542021589,0.4002897388942667
"3-Acetyl-2,5-Dimethyl Thiophene",CC1=CC(=C(S1)C)C(=O)C,100.0,298.15,154.23,0.02208682391463252,0.022060373011733407,0.6596694738334362,0.6591616016367915
"3-Acetyl-2,5-Dimethyl Thiophene",CC1=CC(=C(S1)C)C(=O)C,100.0,293.15,154.23,0.018034906696762543,0.018164589397882538,0.5735760801755729,0.5766259917657712
"3-Acetyl-2,5-Dimethyl Thiophene",CC1=CC(=C(S1)C)C(=O)C,100.0,288.15,154.23,0.014629811649091714,0.0148379295989441,0.48432607119468285,0.49036113898803285
"3-Acetyl-2,5-Dimethyl Thiophene",CC1=CC(=C(S1)C)C(=O)C,100.0,278.15,154.23,0.009426936357556261,0.009657504901586495,0.2959529023502063,0.3063363933996062
"3-Acetyl-2,5-Dimethyl Thiophene",CC1=CC(=C(S1)C)C(=O)C,100.0,303.15,154.23,0.026879786287682363,0.026585327046878045,0.7426947768441283,0.738049921504383
3-Butyl Pyridine,CCCCC1=CN=CC=C1,100.0,318.15,135.2,0.13155947443521468,0.08657840130674362,1.4282008694168538,1.2704745883816069
3-Butyl Pyridine,CCCCC1=CN=CC=C1,100.0,333.15,135.2,0.17936557210112755,0.11224593653271951,1.538698613366849,1.3693865160148826
3-Butyl Pyridine,CCCCC1=CN=CC=C1,100.0,328.15,135.2,0.1619995847459732,0.1030376036438569,1.5030808302890728,1.3371294280332064
3-Butyl Pyridine,CCCCC1=CN=CC=C1,100.0,323.15,135.2,0.14610069670959497,0.09450031040747314,1.466251893778254,1.3041766192225528
3-Butyl Pyridine,CCCCC1=CN=CC=C1,100.0,308.15,135.2,0.1061498749698981,0.07238997066577818,1.3483847921217735,1.2005927946810178
3-Butyl Pyridine,CCCCC1=CN=CC=C1,100.0,313.15,135.2,0.11827406750551872,0.07922271611438844,1.3889159445590376,1.2359663760773458
3-Butyl Pyridine,CCCCC1=CN=CC=C1,100.0,298.15,135.2,0.08504010453357229,0.06014454001514476,1.2635330083657659,1.1270010208139962
3-Butyl Pyridine,CCCCC1=CN=CC=C1,100.0,293.15,135.2,0.07589729193562023,0.054668106567052774,1.2191871027961774,1.0886561329145736
3-Butyl Pyridine,CCCCC1=CN=CC=C1,100.0,288.15,135.2,0.06760035309958415,0.04958598632579364,1.173545440781453,1.0491940485298985
3-Butyl Pyridine,CCCCC1=CN=CC=C1,100.0,283.15,135.2,0.060083866750733794,0.044874498760302896,1.1265971014232394,1.008552819010908
3-Butyl Pyridine,CCCCC1=CN=CC=C1,100.0,278.15,135.2,0.05328708028121234,0.040512403540195925,1.078333676759255,0.9666730228225402
3-Butyl Pyridine,CCCCC1=CN=CC=C1,100.0,303.15,135.2,0.09509906555607953,0.06604185134506167,1.3065947359989691,1.1642920268906496
3-Decanone,CCCCCCCC(=O)CC,100.0,333.15,156.3,0.03263967586636288,0.034906785222042234,0.8188995861611126,0.8470276042310889
3-Decanone,CCCCCCCC(=O)CC,100.0,328.15,156.3,0.027102291491539643,0.028949951723789502,0.740700612020149,0.7684929839780619
3-Decanone,CCCCCCCC(=O)CC,100.0,313.15,156.3,0.014960093314630711,0.015905749760611126,0.48825298835394193,0.5144321926388139
3-Decanone,CCCCCCCC(=O)CC,100.0,323.15,156.3,0.022372174297621374,0.0238646988450661,0.6595850628118204,0.6869430566877663
3-Decanone,CCCCCCCC(=O)CC,100.0,318.15,156.3,0.018353901196536234,0.01954803413457781,0.5754677665360998,0.6022881389960473
3-Decanone,CCCCCCCC(=O)CC,100.0,308.15,156.3,0.0121111317676245,0.012851950702059285,0.39783362819896373,0.42327166087037355
3-Decanone,CCCCCCCC(=O)CC,100.0,283.15,156.3,0.0037535381198028745,0.003936349159796328,-0.10698433937868954,-0.08641781132733403
3-Decanone,CCCCCCCC(=O)CC,100.0,298.15,156.3,0.007766132471391966,0.008205367695927957,0.20689030163154676,0.2305772397542277
3-Decanone,CCCCCCCC(=O)CC,100.0,293.15,156.3,0.0061466805770608555,0.006478821041970276,0.10608767913581027,0.12878672454652135
3-Decanone,CCCCCCCC(=O)CC,100.0,288.15,156.3,0.004824493749448417,0.005072506980790272,0.001521515825922795,0.023175541947566724
3-Decanone,CCCCCCCC(=O)CC,100.0,278.15,156.3,0.002893323014822802,0.003026294875461741,-0.2196221457818771,-0.20017062506207287
3-Decanone,CCCCCCCC(=O)CC,100.0,303.15,156.3,0.009734836421048432,0.010308644780203055,0.30409020200650133,0.3286941849839345
3-Decen-2-One,CCCCCCC=CC(=O)C,100.0,333.15,154.2,0.06807584930299472,0.0643872327245662,1.127321157750846,1.104797374511158
3-Decen-2-One,CCCCCCC=CC(=O)C,100.0,328.15,154.2,0.05824268556940871,0.05564338732550987,1.0640344535128565,1.0453946034150712
3-Decen-2-One,CCCCCCC=CC(=O)C,100.0,323.15,154.2,0.049606111692437824,0.04784464525850732,0.9982881077224285,0.9833983421560294
3-Decen-2-One,CCCCCCC=CC(=O)C,100.0,318.15,154.2,0.04205177393099776,0.04091995674686969,0.9300307495932743,0.9187074331088816
3-Decen-2-One,CCCCCCC=CC(=O)C,100.0,313.15,154.2,0.03547269293854203,0.034801399234435385,0.8592061518062147,0.8512227114503352
3-Decen-2-One,CCCCCCC=CC(=O)C,100.0,308.15,154.2,0.029768965205353028,0.029423710712966598,0.7857510433925697,0.7808472175224754
3-Decen-2-One,CCCCCCC=CC(=O)C,100.0,303.15,154.2,0.024847803458142467,0.024723998720025227,0.7095968793517006,0.7074861541340012
3-Decen-2-One,CCCCCCC=CC(=O)C,100.0,293.15,154.2,0.017015764391573925,0.017118124418556258,0.5488809096022241,0.5514367929798116
3-Decen-2-One,CCCCCCC=CC(=O)C,100.0,288.15,154.2,0.013952498529918651,0.01409748420295004,0.46414533582881773,0.46856556843475594
3-Decen-2-One,CCCCCCC=CC(=O)C,100.0,283.15,154.2,0.01136657365258555,0.011526160423302132,0.37636256121147704,0.38234104546918757
3-Decen-2-One,CCCCCCC=CC(=O)C,100.0,278.15,154.2,0.009197083800792205,0.009353389559187391,0.28542588081589443,0.29266954906391796
3-Decen-2-One,CCCCCCC=CC(=O)C,100.0,298.15,154.2,0.020623200748565287,0.020641608113526822,0.630667860882581,0.6310465730755559
3-Ethylpyridine,CCC1=CN=CC=C1,100.0,318.15,107.2,0.18975044740645142,0.10276786744689223,1.6196755137972743,1.4129920703082586
3-Ethylpyridine,CCC1=CN=CC=C1,100.0,333.15,107.2,0.2599098617525306,0.13067864174915525,1.7135429785084166,1.49729492067223
3-Ethylpyridine,CCC1=CN=CC=C1,100.0,328.15,107.2,0.23443644936647037,0.12074819031094051,1.6837925943713543,1.4699970534364486
3-Ethylpyridine,CCC1=CN=CC=C1,100.0,323.15,107.2,0.211100726660395,0.11146129447890626,1.6525147593512957,1.4419157613388407
3-Ethylpyridine,CCC1=CN=CC=C1,100.0,308.15,107.2,0.15244529567753756,0.08699058340894711,1.5491901823575784,1.3523607663211024
3-Ethylpyridine,CCC1=CN=CC=C1,100.0,313.15,107.2,0.1702430889870181,0.09462385309610552,1.5852435015094044,1.3831627687967682
3-Ethylpyridine,CCC1=CN=CC=C1,100.0,298.15,107.2,0.12148755182794352,0.07312508141115084,1.472121146640559,1.2875537748408792
3-Ethylpyridine,CCC1=CN=CC=C1,100.0,293.15,107.2,0.10810168943612727,0.06683740857131763,1.431064481681724,1.2533999462555783
3-Ethylpyridine,CCC1=CN=CC=C1,100.0,288.15,107.2,0.09597264854147014,0.06094862427550952,1.388305574146584,1.2179773116217054
3-Ethylpyridine,CCC1=CN=CC=C1,100.0,283.15,107.2,0.085004783838839,0.055439016904361954,1.3438340715642063,1.1812088809411896
3-Ethylpyridine,CCC1=CN=CC=C1,100.0,278.15,107.2,0.07510849224260557,0.050291282144265044,1.297644376264615,1.1430186529619486
3-Ethylpyridine,CCC1=CN=CC=C1,100.0,303.15,107.2,0.13623239054210445,0.07983419324686732,1.5114902331782787,1.3205155528114696
3-Hexanol,OC(CC)CCC,100.0,333.15,102.2,0.028064635845101042,0.029141739330673308,0.9270227745787696,0.9424115324258873
3-Hexanol,OC(CC)CCC,100.0,328.15,102.2,0.02314435999738716,0.023889589455343932,0.8477548330810333,0.8608419717209227
3-Hexanol,OC(CC)CCC,100.0,313.15,102.2,0.012523738360675203,0.0127515890534444,0.5907992065324835,0.5984179199029036
3-Hexanol,OC(CC)CCC,100.0,323.15,102.2,0.01897628985289955,0.019485163292383433,0.765323457482717,0.7763501727373143
3-Hexanol,OC(CC)CCC,100.0,318.15,102.2,0.015464892364845053,0.01580774791474023,0.6796885143565194,0.6888952272596723
3-Hexanol,OC(CC)CCC,100.0,308.15,102.2,0.010075038597869346,0.010224335121595159,0.49859262102903723,0.5048415823681662
3-Hexanol,OC(CC)CCC,100.0,283.15,102.2,0.0030383635554603093,0.003052669849343568,-0.01539304891375705,-0.01336651454986325
3-Hexanol,OC(CC)CCC,100.0,298.15,102.2,0.0063841337110472065,0.006445447587892257,0.30390832173291116,0.3080017173003664
3-Hexanol,OC(CC)CCC,100.0,293.15,102.2,0.005025119289236766,0.005063503835061261,0.20123385816923212,0.2045023888602701
3-Hexanol,OC(CC)CCC,100.0,288.15,102.2,0.003923902514241725,0.003947539414678677,0.09484658140470384,0.09743247893740917
3-Hexanol,OC(CC)CCC,100.0,278.15,102.2,0.0023319513882906766,0.0023404549360524197,-0.12964297040308934,-0.12807025510836323
3-Hexanol,OC(CC)CCC,100.0,303.15,102.2,0.008049163310546227,0.008145566548523967,0.4029926065254996,0.4080727546103529
3-Hexanone,CCC(CCC)=O,100.0,333.15,100.2,0.06429300650865286,0.06266331516297458,1.262643671976614,1.252893081433339
3-Hexanone,CCC(CCC)=O,100.0,328.15,100.2,0.05403437809840913,0.05341742823703555,1.1960375884824692,1.1915907391786902
3-Hexanone,CCC(CCC)=O,100.0,323.15,100.2,0.04515292511452468,0.04521818784351312,1.125897392108239,1.1264664959355553
3-Hexanone,CCC(CCC)=O,100.0,318.15,100.2,0.037504749809897535,0.037995941383941266,1.0521680455155693,1.057374469001473
3-Hexanone,CCC(CCC)=O,100.0,313.15,100.2,0.030955585484648225,0.03168069885240635,0.9747914713005261,0.9841820824940477
3-Hexanone,CCC(CCC)=O,100.0,308.15,100.2,0.0253807061608808,0.02620185202419859,0.8937040874626306,0.9067702731755932
3-Hexanone,CCC(CCC)=O,100.0,303.15,100.2,0.020664805058280868,0.02148826134855222,0.8088345965855442,0.8250325357131217
3-Hexanone,CCC(CCC)=O,100.0,298.15,100.2,0.01670179104134463,0.01746867367483693,0.720101142898364,0.7388727949035983
3-Hexanone,CCC(CCC)=O,100.0,293.15,100.2,0.01339462582997425,0.014072403910199198,0.6274101881280131,0.6482022123881286
3-Hexanone,CCC(CCC)=O,100.0,288.15,100.2,0.010655033116250011,0.011230191249413315,0.5306540883963516,0.5529351409314786
3-Hexanone,CCC(CCC)=O,100.0,283.15,100.2,0.008403208938595277,0.00887512995932704,0.42970960566983335,0.45298451152628555
3-Hexanone,CCC(CCC)=O,100.0,278.15,100.2,0.006567482352151029,0.006943579026608881,0.3244364555414776,0.3482570682202343
3-Methyl Cyclohexanone,O=C1CC(C)CCC1,100.0,328.15,112.17,0.15134721659694325,0.10141588840625987,1.5339445704237835,1.3935078309164577
3-Methyl Cyclohexanone,O=C1CC(C)CCC1,100.0,323.15,112.17,0.1304646184677427,0.09070502653705902,1.4831331939839694,1.3525526545848854
3-Methyl Cyclohexanone,O=C1CC(C)CCC1,100.0,318.15,112.17,0.11195012192682903,0.08073891635868184,1.4291557903069387,1.309119733119506
3-Methyl Cyclohexanone,O=C1CC(C)CCC1,100.0,313.15,112.17,0.0956035762160934,0.07149109623665714,1.3719402898103676,1.2629973867373747
3-Methyl Cyclohexanone,O=C1CC(C)CCC1,100.0,308.15,112.17,0.08123453327208921,0.06293897227454102,1.3114208820010758,1.2139626176561136
3-Methyl Cyclohexanone,O=C1CC(C)CCC1,100.0,333.15,112.17,0.1748077280711932,0.11290275886822372,1.58166927395577,1.4321842362929618
3-Methyl Cyclohexanone,O=C1CC(C)CCC1,100.0,298.15,112.17,0.057715913232286385,0.04784485449747499,1.180230058142265,1.10622090463523
3-Methyl Cyclohexanone,O=C1CC(C)CCC1,100.0,293.15,112.17,0.04823422874447738,0.041267925350364394,1.1094446507628857,1.0470348305702646
3-Methyl Cyclohexanone,O=C1CC(C)CCC1,100.0,288.15,112.17,0.040065886176230595,0.03531461011716561,1.035123799933453,0.983986500137027
3-Methyl Cyclohexanone,O=C1CC(C)CCC1,100.0,283.15,112.17,0.033069282342828,0.029966007465993354,0.9572082886047582,0.9168447512111244
3-Methyl Cyclohexanone,O=C1CC(C)CCC1,100.0,278.15,112.17,0.027112525099479735,0.025200751394868964,0.8756344829032398,0.8453910928973118
3-Methyl Cyclohexanone,O=C1CC(C)CCC1,100.0,303.15,112.17,0.06866228556126999,0.05506284137481485,1.2475366508453987,1.1617832498057243
3-Methyl-2-Cyclopenten-1-One,CC1=CC(=O)CC1,100.0,328.15,96.1,0.23065277571570592,0.12679557173111103,1.7031603576546395,1.5192735649103561
3-Methyl-2-Cyclopenten-1-One,CC1=CC(=O)CC1,100.0,323.15,96.1,0.20277597041044124,0.11545028735308517,1.6663400801202863,1.4877292358838548
3-Methyl-2-Cyclopenten-1-One,CC1=CC(=O)CC1,100.0,318.15,96.1,0.17759776766735322,0.10477203861982223,1.6267867427285814,1.4543858590327716
3-Methyl-2-Cyclopenten-1-One,CC1=CC(=O)CC1,100.0,313.15,96.1,0.1549332573136049,0.09473547531654578,1.5843856562057124,1.4190961874060541
3-Methyl-2-Cyclopenten-1-One,CC1=CC(=O)CC1,100.0,308.15,96.1,0.13460404573171522,0.08531892400622997,1.5390304093788432,1.3817025125479911
3-Methyl-2-Cyclopenten-1-One,CC1=CC(=O)CC1,100.0,333.15,96.1,0.2614188475817926,0.13883752951225,1.737368353824028,1.5491558817298523
3-Methyl-2-Cyclopenten-1-One,CC1=CC(=O)CC1,100.0,298.15,96.1,0.10026955158716626,0.0682743409958447,1.4390768892402475,1.2999213947185628
3-Methyl-2-Cyclopenten-1-One,CC1=CC(=O)CC1,100.0,293.15,96.1,0.08593912057803743,0.060616352085990484,1.3843116598164225,1.255168678937934
3-Methyl-2-Cyclopenten-1-One,CC1=CC(=O)CC1,100.0,288.15,96.1,0.07329412620627127,0.0535173526182033,1.3262593052812663,1.2075836080569502
3-Methyl-2-Cyclopenten-1-One,CC1=CC(=O)CC1,100.0,283.15,96.1,0.0621882511869696,0.046965596638795654,1.264858825403827,1.1569649306347642
3-Methyl-2-Cyclopenten-1-One,CC1=CC(=O)CC1,100.0,278.15,96.1,0.0524820090399274,0.040949508819880936,1.2000571020227475,1.103107846254563
3-Methyl-2-Cyclopenten-1-One,CC1=CC(=O)CC1,100.0,303.15,96.1,0.11643805438363389,0.0765038740818979,1.4906235069909046,1.3420369302547366
3-Methylcyclopentanone,O=C1CC(C)CC1,100.0,333.15,98.1,0.1697071290781688,0.11081512567652751,1.6075563665111308,1.4674319290515676
3-Methylcyclopentanone,O=C1CC(C)CC1,100.0,328.15,98.1,0.14641318441002513,0.09923789167667249,1.5606737683982448,1.4289275232030911
3-Methylcyclopentanone,O=C1CC(C)CC1,100.0,323.15,98.1,0.12573444976902082,0.08845502873026069,1.510445108076849,1.387931025373976
3-Methylcyclopentanone,O=C1CC(C)CC1,100.0,318.15,98.1,0.1074543732303187,0.0784372313926702,1.4567697005464408,1.3442225492945739
3-Methylcyclopentanone,O=C1CC(C)CC1,100.0,313.15,98.1,0.09136621096116257,0.06915972201219295,1.3995572066472883,1.2975687061777017
3-Methylcyclopentanone,O=C1CC(C)CC1,100.0,308.15,98.1,0.07727328194601668,0.06060123651399338,1.3387271513082821,1.247724448738675
3-Methylcyclopentanone,O=C1CC(C)CC1,100.0,303.15,98.1,0.0649890138233547,0.052742948214963385,1.274207406020912,1.1944358263465786
3-Methylcyclopentanone,O=C1CC(C)CC1,100.0,293.15,98.1,0.045151145875510376,0.039056926843598884,1.133840080368045,1.0764885885834037
3-Methylcyclopentanone,O=C1CC(C)CC1,100.0,288.15,98.1,0.037275560370814045,0.03319320496331187,1.0578710491278058,1.0113159033277654
3-Methylcyclopentanone,O=C1CC(C)CC1,100.0,283.15,98.1,0.03056468109827007,0.02795533389106224,0.9779639870937841,0.9416821880974187
3-Methylcyclopentanone,O=C1CC(C)CC1,100.0,278.15,98.1,0.024883201142943092,0.023319205520585834,0.8940539838225587,0.8673608666312349
3-Methylcyclopentanone,O=C1CC(C)CC1,100.0,298.15,98.1,0.054337019800024346,0.04556732396424563,1.2059322739916074,1.137443727524652
4-Ethyl Anisole,CCC1=CC=C(C=C1)OC,100.0,313.15,136.2,0.0046799995763376415,0.0055142553625766874,0.04754200552662337,0.11827957950862211
4-Ethyl Anisole,CCC1=CC=C(C=C1)OC,100.0,328.15,136.2,0.01058047299626102,0.012932774183105697,0.3982527184603857,0.4840326955360753
4-Ethyl Anisole,CCC1=CC=C(C=C1)OC,100.0,323.15,136.2,0.00814780148369522,0.009832724115335282,0.28624757684267765,0.36686958586688595
4-Ethyl Anisole,CCC1=CC=C(C=C1)OC,100.0,318.15,136.2,0.006209150178381711,0.007401915619396256,0.1694059345844171,0.24499975257839296
4-Ethyl Anisole,CCC1=CC=C(C=C1)OC,100.0,308.15,136.2,0.0034868687622138382,0.004063173921004167,-0.07954711735480444,-0.013465756207607843
4-Ethyl Anisole,CCC1=CC=C(C=C1)OC,100.0,333.15,136.2,0.013603444555636581,0.01684963823859303,0.5055896761865895,0.5965994289775846
4-Ethyl Anisole,CCC1=CC=C(C=C1)OC,100.0,298.15,136.2,0.001865038034903153,0.0021295404813716614,-0.35031292112088774,-0.29287503599509374
4-Ethyl Anisole,CCC1=CC=C(C=C1)OC,100.0,293.15,136.2,0.0013371819755577986,0.0015127252859091834,-0.49448997563989483,-0.44102690970376685
4-Ethyl Anisole,CCC1=CC=C(C=C1)OC,100.0,288.15,136.2,0.0009452490516996206,0.0010600706499096254,-0.6448963940580628,-0.5951775271708691
4-Ethyl Anisole,CCC1=CC=C(C=C1)OC,100.0,283.15,136.2,0.0006583186581512364,0.0007322876186289743,-0.8018322734772867,-0.7556316625132193
4-Ethyl Anisole,CCC1=CC=C(C=C1)OC,100.0,278.15,136.2,0.0004513609470513493,0.000498257298365161,-0.9656187618907863,-0.9227175587302175
4-Ethyl Anisole,CCC1=CC=C(C=C1)OC,100.0,303.15,136.2,0.002566494180464172,0.0029595345451588783,-0.2120853720486371,-0.15044022015815808
4-Methyl 4-Mercaptopentan-2-One 1% In Pg,CC(=O)CC(C)(C)S,100.0,333.15,132.2,0.03439164188468553,0.03660863053383921,0.9080802347984731,0.9338637686227015
4-Methyl 4-Mercaptopentan-2-One 1% In Pg,CC(=O)CC(C)(C)S,100.0,328.15,132.2,0.028154371032249534,0.029960253406114447,0.8249854789868688,0.8508778999201034
4-Methyl 4-Mercaptopentan-2-One 1% In Pg,CC(=O)CC(C)(C)S,100.0,313.15,132.2,0.014845796463194052,0.015726672558062704,0.5552912120902066,0.5797737592139273
4-Methyl 4-Mercaptopentan-2-One 1% In Pg,CC(=O)CC(C)(C)S,100.0,323.15,132.2,0.022900604500862422,0.024346045065840715,0.7385239576446542,0.7642123457546609
4-Methyl 4-Mercaptopentan-2-One 1% In Pg,CC(=O)CC(C)(C)S,100.0,318.15,132.2,0.01850291552305111,0.01964054185667073,0.6486457040265918,0.6738515226334991
4-Methyl 4-Mercaptopentan-2-One 1% In Pg,CC(=O)CC(C)(C)S,100.0,308.15,132.2,0.011825202590254921,0.012496494287306923,0.4583903430683976,0.48194830478381434
4-Methyl 4-Mercaptopentan-2-One 1% In Pg,CC(=O)CC(C)(C)S,100.0,283.15,132.2,0.0033606812444703787,0.003497426881512914,-0.08263886923491628,-0.06540453726642165
4-Methyl 4-Mercaptopentan-2-One 1% In Pg,CC(=O)CC(C)(C)S,100.0,298.15,132.2,0.007331523179132604,0.007703551334136271,0.2536090708773307,0.27487058628261846
4-Methyl 4-Mercaptopentan-2-One 1% In Pg,CC(=O)CC(C)(C)S,100.0,278.15,132.2,0.002544101403494616,0.002639080704398768,-0.20301195091998564,-0.18715419155271923
4-Methyl 4-Mercaptopentan-2-One 1% In Pg,CC(=O)CC(C)(C)S,100.0,303.15,132.2,0.009348026246972825,0.009851650137749792,0.3578611618415854,0.3803327130290177
4-Methyl 4-Mercaptopentan-2-One 1% In Pg,CC(=O)CC(C)(C)S,100.0,293.15,132.2,0.005702687318890793,0.0059733090663088295,0.1455259227377799,0.1654898010262483
4-Methyl 4-Mercaptopentan-2-One 1% In Pg,CC(=O)CC(C)(C)S,100.0,288.15,132.2,0.004397588004280964,0.00459144430229964,0.03348916323765997,0.052100816506200694
4-Methyl-2-Pentyne,CC(C)C#CC,100.0,333.15,82.1,0.009955567553531223,0.013377086706131896,0.585331277543308,0.7093463659023327
4-Methyl-2-Pentyne,CC(C)C#CC,100.0,328.15,82.1,0.007635104625323182,0.01004100467514902,0.4730074156069051,0.5889350234565961
4-Methyl-2-Pentyne,CC(C)C#CC,100.0,323.15,82.1,0.0057903564377926,0.00746597168864134,0.35523895507027153,0.46349288936274674
4-Methyl-2-Pentyne,CC(C)C#CC,100.0,318.15,82.1,0.004339617998158734,0.005495103614031796,0.23183524740376354,0.33288543237863183
4-Methyl-2-Pentyne,CC(C)C#CC,100.0,308.15,82.1,0.0023456747291152598,0.0028779473647446733,-0.03279271189874944,0.055338628046283
4-Methyl-2-Pentyne,CC(C)C#CC,100.0,313.15,82.1,0.0032117970938239,0.004000364249706059,0.10257559219099052,0.1969170640116379
4-Methyl-2-Pentyne,CC(C)C#CC,100.0,298.15,82.1,0.0011982429055918799,0.0014321970387752131,-0.3230380576053218,-0.2458818294505654
4-Methyl-2-Pentyne,CC(C)C#CC,100.0,293.15,82.1,0.0008366072485278802,0.0009886969416015366,-0.4785945697064843,-0.4062493518959738
4-Methyl-2-Pentyne,CC(C)C#CC,100.0,288.15,82.1,0.0005743176192491508,0.000671782127202471,-0.6416252246097824,-0.5736748558110418
4-Methyl-2-Pentyne,CC(C)C#CC,100.0,283.15,82.1,0.0003872276140998208,0.0004487351022444704,-0.8125691981333701,-0.7486249988654613
4-Methyl-2-Pentyne,CC(C)C#CC,100.0,278.15,82.1,0.00025612782245561634,0.00029431085574006024,-0.9919092117268652,-0.9316090758876618
4-Methyl-2-Pentyne,CC(C)C#CC,100.0,303.15,82.1,0.0016891103504916673,0.0020442107254416324,-0.1745576185773567,-0.092147122152462
4-Methylpyrimidine,CC1=NC=NC=C1,100.0,313.15,94.11,0.09564794602931004,0.07152751827129405,1.4291498322161102,1.3244177793835434
4-Methylpyrimidine,CC1=NC=NC=C1,100.0,328.15,94.11,0.14696942301227817,0.10038912502069114,1.5732708639804103,1.446062583339753
4-Methylpyrimidine,CC1=NC=NC=C1,100.0,333.15,94.11,0.1683998319829921,0.11151196925100271,1.6158255876459013,1.482231951511879
4-Methylpyrimidine,CC1=NC=NC=C1,100.0,323.15,94.11,0.12782722082902834,0.09004006758250986,1.528012564014539,1.4078078989581084
4-Methylpyrimidine,CC1=NC=NC=C1,100.0,318.15,94.11,0.11078048077653689,0.08042972445442617,1.4799899047742358,1.367312931138988
4-Methylpyrimidine,CC1=NC=NC=C1,100.0,308.15,94.11,0.08225944424711426,0.0633063556159931,1.3754462337110707,1.278959337382645
4-Methylpyrimidine,CC1=NC=NC=C1,100.0,283.15,94.11,0.03625080385954601,0.031593241822640374,1.0627078620378076,1.007599127592382
4-Methylpyrimidine,CC1=NC=NC=C1,100.0,298.15,94.11,0.06008704549724023,0.04881055059669953,1.2592924825296663,1.179698726047435
4-Methylpyrimidine,CC1=NC=NC=C1,100.0,293.15,94.11,0.051014929067650185,0.042490601741960676,1.1967750962332175,1.1255765701636307
4-Methylpyrimidine,CC1=NC=NC=C1,100.0,288.15,94.11,0.04310961846131704,0.036759322156966666,1.1312567270457097,1.0682568310544376
4-Methylpyrimidine,CC1=NC=NC=C1,100.0,278.15,94.11,0.030327081416025657,0.026967354041929605,0.9910985891580912,0.9434756603858369
4-Methylpyrimidine,CC1=NC=NC=C1,100.0,303.15,94.11,0.070455498511439,0.05574169298742041,1.318838841514765,1.230773728642046
4-Phenyl-2-Butanol,CC(CCC1=CC=CC=C1)O,100.0,333.15,150.2,0.03677430373289953,0.03678945423622702,0.8847977308077999,0.8849692008830751
4-Phenyl-2-Butanol,CC(CCC1=CC=CC=C1)O,100.0,328.15,150.2,0.030482868755915316,0.030494334077822226,0.8063998520811578,0.8065575171784726
4-Phenyl-2-Butanol,CC(CCC1=CC=CC=C1)O,100.0,323.15,150.2,0.025122404392022943,0.025130617293326055,0.7250560777104244,0.7251939582199644
4-Phenyl-2-Butanol,CC(CCC1=CC=CC=C1)O,100.0,318.15,150.2,0.020580132339842114,0.020585719322326602,0.6407020197835526,0.6408171179182715
4-Phenyl-2-Butanol,CC(CCC1=CC=CC=C1)O,100.0,308.15,150.2,0.013548285175074011,0.013550470907658466,0.46265863364306015,0.4627275936093627
4-Phenyl-2-Butanol,CC(CCC1=CC=CC=C1)O,100.0,313.15,150.2,0.01675320310077227,0.016756805676485145,0.5532640967774494,0.5533556723266853
4-Phenyl-2-Butanol,CC(CCC1=CC=CC=C1)O,100.0,298.15,150.2,0.008676103844675006,0.008676718435536988,0.2715551158290158,0.2715855682491523
4-Phenyl-2-Butanol,CC(CCC1=CC=CC=C1)O,100.0,278.15,150.2,0.003238634513700123,0.003238547520498176,-0.15365015234309815,-0.15366177385837812
4-Phenyl-2-Butanol,CC(CCC1=CC=CC=C1)O,100.0,283.15,150.2,0.004196450251220415,0.004196398967921493,-0.04161702771903851,-0.041622309045986065
4-Phenyl-2-Butanol,CC(CCC1=CC=CC=C1)O,100.0,303.15,150.2,0.01088112881181232,0.010882356362940583,0.36879105030330117,0.3688394233620298
4-Phenyl-2-Butanol,CC(CCC1=CC=CC=C1)O,100.0,293.15,150.2,0.00686571160580668,0.006865959313098175,0.17083210247725958,0.17084764557222595
4-Phenyl-2-Butanol,CC(CCC1=CC=CC=C1)O,100.0,288.15,150.2,0.005390081415751202,0.005390127391784333,0.0664900637607157,0.06649374483570686
4-Tert-Butylpyridine,CC(C)(C)C1=CC=NC=C1,100.0,328.15,135.2,0.2086992199515892,0.1158477198260491,1.590317797381681,1.3811948642136918
4-Tert-Butylpyridine,CC(C)(C)C1=CC=NC=C1,100.0,323.15,135.2,0.1886926789493683,0.10690477803060866,1.5561610879370469,1.3510587097557654
4-Tert-Butylpyridine,CC(C)(C)C1=CC=NC=C1,100.0,318.15,135.2,0.1703526724130859,0.09856056449903924,1.520754397301621,1.3202481323651347
4-Tert-Butylpyridine,CC(C)(C)C1=CC=NC=C1,100.0,313.15,135.2,0.15355765048820422,0.09076842652862065,1.484085042865764,1.2887086906611145
4-Tert-Butylpyridine,CC(C)(C)C1=CC=NC=C1,100.0,308.15,135.2,0.1381945187382274,0.08348723836378122,1.4461409035682296,1.2563831783957957
4-Tert-Butylpyridine,CC(C)(C)C1=CC=NC=C1,100.0,333.15,135.2,0.23050285929335113,0.12544224482091176,1.6232376576883127,1.4107077933121357
4-Tert-Butylpyridine,CC(C)(C)C1=CC=NC=C1,100.0,298.15,135.2,0.11135049202450631,0.07031722378912181,1.3663838115826248,1.189134770954385
4-Tert-Butylpyridine,CC(C)(C)C1=CC=NC=C1,100.0,293.15,135.2,0.09968076875657429,0.06436852687997031,1.3245517452306943,1.1540892037906505
4-Tert-Butylpyridine,CC(C)(C)C1=CC=NC=C1,100.0,288.15,135.2,0.08906407128586387,0.05881004387691073,1.2814069258453238,1.1180138770834462
4-Tert-Butylpyridine,CC(C)(C)C1=CC=NC=C1,100.0,283.15,135.2,0.07942151176275394,0.05362003228740986,1.2369447995642322,1.0808483143655943
4-Tert-Butylpyridine,CC(C)(C)C1=CC=NC=C1,100.0,278.15,135.2,0.07067948358047448,0.04877923962271429,1.1911636972250086,1.0425343352678733
4-Tert-Butylpyridine,CC(C)(C)C1=CC=NC=C1,100.0,303.15,135.2,0.12415808137718255,0.07668078919145979,1.4069106089144932,1.2232121881465925
5-Methyl Thiazole,CC1=CN=CS1,100.0,333.15,99.15,0.1542519307366298,0.10153974178686363,1.5745649772955286,1.4336334597347689
5-Methyl Thiazole,CC1=CN=CS1,100.0,328.15,99.15,0.13364037786357363,0.09092876369583597,1.5277220703779482,1.3943655263211188
5-Methyl Thiazole,CC1=CN=CS1,100.0,323.15,99.15,0.11535506964849015,0.08110778114213194,1.478003140080785,1.3529054478513682
5-Methyl Thiazole,CC1=CN=CS1,100.0,318.15,99.15,0.09918587258653751,0.07203470372747589,1.4253549438948243,1.3090799201987953
5-Methyl Thiazole,CC1=CN=CS1,100.0,313.15,99.15,0.08493648273021401,0.06367280672442162,1.3697304022514623,1.262706982996484
5-Methyl Thiazole,CC1=CN=CS1,100.0,308.15,99.15,0.0724238578525704,0.05598975925341478,1.3110869307346238,1.213598051110179
5-Methyl Thiazole,CC1=CN=CS1,100.0,303.15,99.15,0.06147778687664378,0.048956625699197856,1.2493851593231051,1.1615605171001409
5-Methyl Thiazole,CC1=CN=CS1,100.0,293.15,99.15,0.04366513428849688,0.03673522200377648,1.116653543070104,1.0479282620142787
5-Methyl Thiazole,CC1=CN=CS1,100.0,288.15,99.15,0.036517234214482254,0.03149692819369626,1.0455439910685251,0.9859581587270237
5-Methyl Thiazole,CC1=CN=CS1,100.0,278.15,99.15,0.02511565142256822,0.022637718182854875,0.8936097543677275,0.8508406054250744
5-Methyl Thiazole,CC1=CN=CS1,100.0,298.15,99.15,0.051940297111130775,0.04254684686663666,1.1845869331753534,1.1064008775504273
5-Methyl Thiazole,CC1=CN=CS1,100.0,283.15,99.15,0.03037216614871367,0.026806627189737673,0.9712129880601491,0.9203160494387935
5-Methyl-1-Hexyne,C#CCCC(C)C,100.0,333.15,96.2,0.014898385208456849,0.017813097698977598,0.689032126603868,0.7637122592323635
5-Methyl-1-Hexyne,C#CCCC(C)C,100.0,313.15,96.2,0.0055502774791485856,0.006232263903146838,0.2697077785749288,0.31933876760848495
5-Methyl-1-Hexyne,C#CCCC(C)C,100.0,328.15,96.2,0.011786210883496084,0.013852717521078865,0.5904069092745866,0.6584803168551027
5-Methyl-1-Hexyne,C#CCCC(C)C,100.0,323.15,96.2,0.009248664375818023,0.010695503041547476,0.487688678738549,0.5493396919128962
5-Methyl-1-Hexyne,C#CCCC(C)C,100.0,318.15,96.2,0.0071963225267937725,0.0081963358852005,0.3808157382759572,0.4363025804770633
5-Methyl-1-Hexyne,C#CCCC(C)C,100.0,308.15,96.2,0.004241620901625249,0.004700273893918004,0.15427161396187108,0.19839047437013546
5-Methyl-1-Hexyne,C#CCCC(C)C,100.0,298.15,96.2,0.0024061931334548384,0.00260463705058497,-0.09003393262498305,-0.05582257469333915
5-Methyl-1-Hexyne,C#CCCC(C)C,100.0,278.15,96.2,0.0006810359758864933,0.0007115624553579355,-0.6364048629901746,-0.6173936213305405
5-Methyl-1-Hexyne,C#CCCC(C)C,100.0,283.15,96.2,0.0009499103139708001,0.000999950395401846,-0.4921717017882259,-0.4699278254230976
5-Methyl-1-Hexyne,C#CCCC(C)C,100.0,303.15,96.2,0.003210667644838442,0.003514660259921264,0.03439897187545032,0.07337300545996898
5-Methyl-1-Hexyne,C#CCCC(C)C,100.0,293.15,96.2,0.0017846531079879432,0.0019121496622351267,-0.2191667315455016,-0.1893308183495225
5-Methyl-1-Hexyne,C#CCCC(C)C,100.0,288.15,96.2,0.0013094000522051478,0.0013899670102452118,-0.3531552168851032,-0.3273066884306303
5-Methyl-2-Hepten-4-One,CCC(C)C(=O)C=CC,100.0,328.15,126.2,0.03589580193879359,0.03801925496176785,0.9441918471361251,0.9677671127080636
5-Methyl-2-Hepten-4-One,CCC(C)C(=O)C=CC,100.0,323.15,126.2,0.029662256634541726,0.031551213725861886,0.8654428793624258,0.8910111388714039
5-Methyl-2-Hepten-4-One,CCC(C)C(=O)C=CC,100.0,318.15,126.2,0.024357654258113686,0.025995156103472663,0.7833856800066428,0.8105556262031565
5-Methyl-2-Hepten-4-One,CCC(C)C(=O)C=CC,100.0,313.15,126.2,0.019870136976273656,0.02125698610275652,0.6979440460537083,0.7263177052468889
5-Methyl-2-Hepten-4-One,CCC(C)C(=O)C=CC,100.0,308.15,126.2,0.016097362068485006,0.017246982241613612,0.6090302231503409,0.6382154245457228
5-Methyl-2-Hepten-4-One,CCC(C)C(=O)C=CC,100.0,333.15,126.2,0.04317994604172478,0.04549751139792758,1.0196986750830064,1.0409095329603932
5-Methyl-2-Hepten-4-One,CCC(C)C(=O)C=CC,100.0,298.15,126.2,0.01033226843954891,0.011076683466437769,0.4203695296412205,0.45007825103229643
5-Methyl-2-Hepten-4-One,CCC(C)C(=O)C=CC,100.0,293.15,126.2,0.008179747215935918,0.008762278895197652,0.3203782781667251,0.34985863332461303
5-Methyl-2-Hepten-4-One,CCC(C)C(=O)C=CC,100.0,288.15,126.2,0.006420747821335034,0.0068685652287897745,0.2164244863550088,0.24539895988611987
5-Methyl-2-Hepten-4-One,CCC(C)C(=O)C=CC,100.0,283.15,126.2,0.004994940044038234,0.005333291435963853,0.10834467570801423,0.13657801743749212
5-Methyl-2-Hepten-4-One,CCC(C)C(=O)C=CC,100.0,278.15,126.2,0.003849097357535065,0.004100439554178775,-0.004041142972381534,0.023257938691588747
5-Methyl-2-Hepten-4-One,CCC(C)C(=O)C=CC,100.0,303.15,126.2,0.012946178957551138,0.013880159145245157,0.5165435994967316,0.5461650837257113
Acetoin Acetate,CC(C(=O)C)OC(=O)C,100.0,333.15,130.1,0.027399311178051274,0.029348361242019762,0.8201410516813933,0.8487580079433771
Acetoin Acetate,CC(C(=O)C)OC(=O)C,100.0,328.15,130.1,0.022433376287632954,0.023917323330902688,0.7364387052060974,0.7633151485228316
Acetoin Acetate,CC(C(=O)C)OC(=O)C,100.0,323.15,130.1,0.01824049330057343,0.01936376680128559,0.6492519021775282,0.6744879235474559
Acetoin Acetate,CC(C(=O)C)OC(=O)C,100.0,318.15,130.1,0.014723785116925618,0.015568593385310874,0.5584880050420792,0.5821755604322459
Acetoin Acetate,CC(C(=O)C)OC(=O)C,100.0,313.15,130.1,0.011794753180821389,0.012425664457979156,0.4640430339745957,0.48626694021277217
Acetoin Acetate,CC(C(=O)C)OC(=O)C,100.0,308.15,130.1,0.00937310274488091,0.009840591536007949,0.36580276294048814,0.386637994539734
Acetoin Acetate,CC(C(=O)C)OC(=O)C,100.0,303.15,130.1,0.007386370847318057,0.007729806222278219,0.2636388229867846,0.283153341521878
Acetoin Acetate,CC(C(=O)C)OC(=O)C,100.0,293.15,130.1,0.004465306512293227,0.004645394653640196,0.04696017025692578,0.06401405873140155
Acetoin Acetate,CC(C(=O)C)OC(=O)C,100.0,288.15,130.1,0.0034223851117540457,0.003550740004290898,-0.06788141874894559,-0.051975269950222856
Acetoin Acetate,CC(C(=O)C)OC(=O)C,100.0,278.15,130.1,0.0019487062503604667,0.002011657967998594,-0.31150009267994294,-0.2977335449310723
Acetoin Acetate,CC(C(=O)C)OC(=O)C,100.0,298.15,130.1,0.005769669271446958,0.006019622079643241,0.1574098384377771,0.17566545605786174
Acetoin Acetate,CC(C(=O)C)OC(=O)C,100.0,283.15,130.1,0.002596390599010509,0.0026868276110810912,-0.18730030942573092,-0.1724896868819418
Acetoin Butyrate,CCCC(=O)OC(C)C(=O)C,100.0,333.15,158.2,0.032311942400144254,0.034457179785488054,0.8097598226660722,0.836717576697232
Acetoin Butyrate,CCCC(=O)OC(C)C(=O)C,100.0,308.15,158.2,0.011258679025634485,0.011874063635518793,0.36140896765071107,0.38423950942619994
Acetoin Butyrate,CCCC(=O)OC(C)C(=O)C,100.0,328.15,158.2,0.026546914716581077,0.02825414712844115,0.7269982854608417,0.7532985809164133
Acetoin Butyrate,CCCC(=O)OC(C)C(=O)C,100.0,323.15,158.2,0.021661993201950648,0.023006849477539826,0.6408872390270135,0.6664379163892269
Acetoin Butyrate,CCCC(=O)OC(C)C(=O)C,100.0,318.15,158.2,0.017549858278106362,0.018597984680853427,0.55132698262673,0.5760432470767004
Acetoin Butyrate,CCCC(=O)OC(C)C(=O)C,100.0,313.15,158.2,0.014112028865912465,0.014919828726257148,0.45820779032880526,0.4820139387979901
Acetoin Butyrate,CCCC(=O)OC(C)C(=O)C,100.0,303.15,158.2,0.008908421474125168,0.00937159515929607,0.26079865145128767,0.2825990802850041
Acetoin Butyrate,CCCC(=O)OC(C)C(=O)C,100.0,293.15,158.2,0.00543197195078179,0.005684594713548834,0.0475524579791854,0.06717819583635361
Acetoin Butyrate,CCCC(=O)OC(C)C(=O)C,100.0,288.15,158.2,0.004182323345311803,0.00436523917972613,-0.06541194133534077,-0.04690579067221387
Acetoin Butyrate,CCCC(=O)OC(C)C(=O)C,100.0,283.15,158.2,0.0031880456318852616,0.0033186914269179185,-0.1828465682696356,-0.1654644907672885
Acetoin Butyrate,CCCC(=O)OC(C)C(=O)C,100.0,278.15,158.2,0.0024046829487181782,0.002496693303535254,-0.3049517326173473,-0.28868684066021993
Acetoin Butyrate,CCCC(=O)OC(C)C(=O)C,100.0,298.15,158.2,0.006988000021342276,0.007332280077989701,0.15623228802405875,0.176960276043195
Acetone,CC(C)=O,100.0,333.15,58.08,0.10241371225380069,0.08530891093222014,1.5921794689269104,1.5367862821888851
Acetone,CC(C)=O,100.0,328.15,58.08,0.08729138305892659,0.07441460427194836,1.543916290232836,1.4934371166596112
Acetone,CC(C)=O,100.0,323.15,58.08,0.07402727543097865,0.06452625872675699,1.4917500761507863,1.4465540522840108
Acetone,CC(C)=O,100.0,318.15,58.08,0.062447342245945,0.05559914478113442,1.4355605868476526,1.395924713328928
Acetone,CC(C)=O,100.0,313.15,58.08,0.05238733665806757,0.047587196013938446,1.37524701020825,1.3413449916392708
Acetone,CC(C)=O,100.0,308.15,58.08,0.0436931382661183,0.040442470006401623,1.3107289955059453,1.282621416212562
Acetone,CC(C)=O,100.0,298.15,58.08,0.029833843328924543,0.02855275540234787,1.168832487680243,1.1520393114553558
Acetone,CC(C)=O,100.0,293.15,58.08,0.0244090274297468,0.023701695611429645,1.0913598896501668,1.0798678583654637
Acetone,CC(C)=O,100.0,288.15,58.08,0.019830388261768438,0.01950637063614198,1.009487442101863,1.0029294999080365
Acetone,CC(C)=O,100.0,283.15,58.08,0.015991821020965243,0.015910304615955533,0.9231775928112069,0.9211107157708767
Acetone,CC(C)=O,100.0,278.15,58.08,0.012796433844622729,0.012856638883985663,0.8323889238343525,0.8343132090703589
Acetone,CC(C)=O,100.0,303.15,58.08,0.03622020098781239,0.03411502589040604,1.2419412927932696,1.2195744928477406
Allyl Methyl Sulfide,CSCC=C,100.0,313.15,88.2,0.007439902164368896,0.009119577341656802,0.4317525012061847,0.5182296751450939
Allyl Methyl Sulfide,CSCC=C,100.0,333.15,88.2,0.020653762942076777,0.026470298851128813,0.8602256678173289,0.9615605618340124
Allyl Methyl Sulfide,CSCC=C,100.0,328.15,88.2,0.01623742233343637,0.020599184199849838,0.7606859955786232,0.8591372392683096
Allyl Methyl Sulfide,CSCC=C,100.0,323.15,88.2,0.012645310040239142,0.015866117311996466,0.6561603046424465,0.7510576805957595
Allyl Methyl Sulfide,CSCC=C,100.0,318.15,88.2,0.009750385449552102,0.012093392295304456,0.5465540232798788,0.6374064460117076
Allyl Methyl Sulfide,CSCC=C,100.0,308.15,88.2,0.005614693287787217,0.006801538079451113,0.3116186489964503,0.3935282856596198
Allyl Methyl Sulfide,CSCC=C,100.0,278.15,88.2,0.0007944050216548848,0.0009027378438725294,-0.532050370104632,-0.4766576969331942
Allyl Methyl Sulfide,CSCC=C,100.0,298.15,88.2,0.0030864135118031447,0.003653810172689243,0.054682800673151746,0.12731402549164647
Allyl Methyl Sulfide,CSCC=C,100.0,293.15,88.2,0.0022452787861049817,0.0026290585645344267,-0.08251981578514311,-0.014437799996734953
Allyl Methyl Sulfide,CSCC=C,100.0,288.15,88.2,0.001611354009584348,0.0018670638943337218,-0.22585815481982188,-0.16218897980148456
Allyl Methyl Sulfide,CSCC=C,100.0,283.15,88.2,0.0011399750522930292,0.0013077434105972546,-0.375601974578508,-0.3161712516816755
Allyl Methyl Sulfide,CSCC=C,100.0,303.15,88.2,0.004188365354056911,0.00501496290245522,0.18599111596181508,0.2632550064581496
Amyl Acetate,O=C(OCCCCC)C,100.0,308.15,130.19,0.01263912517991237,0.013770679069204218,0.49323578779427657,0.5297464242548575
Amyl Acetate,O=C(OCCCCC)C,100.0,328.15,130.19,0.0292367753961617,0.031959759365707385,0.8468945784651205,0.883861418087366
Amyl Acetate,O=C(OCCCCC)C,100.0,323.15,130.19,0.023964557432383227,0.026195778180448853,0.7638591644133201,0.8011109472180691
Amyl Acetate,O=C(OCCCCC)C,100.0,318.15,130.19,0.01950680174035073,0.021310654458859112,0.6773068628450689,0.7145697614303931
Amyl Acetate,O=C(OCCCCC)C,100.0,313.15,130.19,0.01576245165124054,0.01720104727886947,0.5871368750362828,0.6241472998200039
Amyl Acetate,O=C(OCCCCC)C,100.0,333.15,130.19,0.03543337398097577,0.03871279725937506,0.9265023193683061,0.962907351288032
Amyl Acetate,O=C(OCCCCC)C,100.0,303.15,130.19,0.010052827806885014,0.01093052889615033,0.39547486382628366,0.4312610679948858
Amyl Acetate,O=C(OCCCCC)C,100.0,293.15,130.19,0.006195804073872256,0.006701873703719841,0.18778356751243444,0.2215533874116399
Amyl Acetate,O=C(OCCCCC)C,100.0,288.15,130.19,0.004796435714566413,0.005172505915178398,0.07751484897934481,0.11005238486094894
Amyl Acetate,O=C(OCCCCC)C,100.0,283.15,130.19,0.003676048308136375,0.00395146395236494,-0.03729234708366027,-0.006095150991088696
Amyl Acetate,O=C(OCCCCC)C,100.0,278.15,130.19,0.0027876513187833495,0.0029863974767837514,-0.15685521166733513,-0.1270758499716668
Amyl Acetate,O=C(OCCCCC)C,100.0,298.15,130.19,0.00792773303525118,0.008598977340539238,0.2937108749862255,0.3285738015362995
Anisole,COC1=CC=CC=C1,100.0,328.15,108.14,0.015109218167958663,0.019475027939903022,0.6464935995748643,0.7530250438904517
Anisole,COC1=CC=CC=C1,100.0,323.15,108.14,0.011625693285831722,0.014825278438687499,0.5356492854646904,0.6384965041185754
Anisole,COC1=CC=CC=C1,100.0,318.15,108.14,0.008849731587943341,0.011154431339338454,0.4195490072197899,0.5180824160760084
Anisole,COC1=CC=CC=C1,100.0,313.15,108.14,0.006660759015457222,0.008293322084918002,0.29803536556766863,0.3918277691978942
Anisole,COC1=CC=CC=C1,100.0,308.15,108.14,0.004953755322708383,0.006091458561195301,0.17092793459787187,0.2597265492998971
Anisole,COC1=CC=CC=C1,100.0,333.15,108.14,0.019437369681357935,0.025288292517724346,0.7522162696813199,0.8615821047705218
Anisole,COC1=CC=CC=C1,100.0,298.15,108.14,0.00263673262223328,0.0031632152577752226,-0.10092114651035164,-0.02231816799573076
Anisole,COC1=CC=CC=C1,100.0,293.15,108.14,0.0018844102061356777,0.0022340041065704273,-0.2461540874114586,-0.17255131785478145
Anisole,COC1=CC=CC=C1,100.0,288.15,108.14,0.0013270189671701915,0.001555380164033314,-0.3979644728582492,-0.32920501741350994
Anisole,COC1=CC=CC=C1,100.0,283.15,108.14,0.0009200670163368287,0.0010667546487313345,-0.5566655550680014,-0.4925490396592388
Anisole,COC1=CC=CC=C1,100.0,278.15,108.14,0.000627524731796064,0.0007201336674864761,-0.7225976528958441,-0.6628966052846115
Anisole,COC1=CC=CC=C1,100.0,303.15,108.14,0.0036381539310641974,0.004418328052468903,0.03801989997106819,0.12171715378210299
Benzyl Methyl Ether,COCC1=CC=CC=C1,100.0,333.15,122.2,0.038011254330396045,0.04123188602379657,0.9803514348692718,1.0134760649278285
Benzyl Methyl Ether,COCC1=CC=CC=C1,100.0,328.15,122.2,0.03131454494406794,0.03407096912762275,0.9007881570689387,0.9355260678593944
Benzyl Methyl Ether,COCC1=CC=CC=C1,100.0,323.15,122.2,0.02564822771119641,0.027958581081439348,0.8180324835652484,0.8538822976526406
Benzyl Methyl Ether,COCC1=CC=CC=C1,100.0,318.15,122.2,0.020880399950239808,0.022779644045113755,0.7320511723887962,0.7685268441078462
Benzyl Methyl Ether,COCC1=CC=CC=C1,100.0,313.15,122.2,0.01689177858070497,0.018424767786761616,0.6427994071997207,0.6794432573482019
Benzyl Methyl Ether,COCC1=CC=CC=C1,100.0,308.15,122.2,0.013575065487111862,0.014791063997060065,0.5502179271288744,0.5866116345199501
Benzyl Methyl Ether,COCC1=CC=CC=C1,100.0,303.15,122.2,0.010834373069434215,0.011782905226837658,0.45423293276044446,0.4900045659974836
Benzyl Methyl Ether,COCC1=CC=CC=C1,100.0,293.15,122.2,0.006750167467478576,0.007300122842888968,0.2516706974974896,0.28529103380025617
Benzyl Methyl Ether,COCC1=CC=CC=C1,100.0,288.15,122.2,0.005265390682724936,0.005674458425297275,0.1448557450621134,0.17705478376078204
Benzyl Methyl Ether,COCC1=CC=CC=C1,100.0,283.15,122.2,0.0040726159100755565,0.004372274005007909,0.03415926989449547,0.06477680205721224
Benzyl Methyl Ether,COCC1=CC=CC=C1,100.0,278.15,122.2,0.003122028823039433,0.003338243672700023,-0.08059013576886756,-0.05166539769407784
Benzyl Methyl Ether,COCC1=CC=CC=C1,100.0,298.15,122.2,0.008584488743924082,0.009312477250700469,0.3547535525299246,0.389582755050641
Bornyl Acetate,CC(=O)O[C@@H]1C[C@@H]2CC[C@]1(C2(C)C)C,100.0,318.15,196.3,0.020176494907622435,0.021836260840548023,0.5204465636609764,0.5543064383930572
Bornyl Acetate,CC(=O)O[C@@H]1C[C@@H]2CC[C@]1(C2(C)C)C,100.0,333.15,196.3,0.036946651372471294,0.039751787209198024,0.7784235311833342,0.8094152293976615
Bornyl Acetate,CC(=O)O[C@@H]1C[C@@H]2CC[C@]1(C2(C)C)C,100.0,328.15,196.3,0.03039984932547634,0.03280162588080125,0.6955689550275588,0.7279136237238312
Bornyl Acetate,CC(=O)O[C@@H]1C[C@@H]2CC[C@]1(C2(C)C)C,100.0,323.15,196.3,0.024850873201036024,0.02686645319416062,0.6096126153008343,0.6429091116839343
Bornyl Acetate,CC(=O)O[C@@H]1C[C@@H]2CC[C@]1(C2(C)C)C,100.0,313.15,196.3,0.016264264379605434,0.017606555576512865,0.4279514513169113,0.4620081403250629
Bornyl Acetate,CC(=O)O[C@@H]1C[C@@H]2CC[C@]1(C2(C)C)C,100.0,308.15,196.3,0.013012136238782602,0.014078949488769223,0.33199566939767616,0.3659120123011848
Bornyl Acetate,CC(=O)O[C@@H]1C[C@@H]2CC[C@]1(C2(C)C)C,100.0,298.15,196.3,0.008129465850668255,0.008770298053853928,0.12910917235394198,0.1618774995928883
Bornyl Acetate,CC(=O)O[C@@H]1C[C@@H]2CC[C@]1(C2(C)C)C,100.0,293.15,196.3,0.0063428667510097726,0.0068275574711826595,0.02184618218190607,0.05368660827895438
Bornyl Acetate,CC(=O)O[C@@H]1C[C@@H]2CC[C@]1(C2(C)C)C,100.0,288.15,196.3,0.004903218008654839,0.005264010488901684,-0.08954403395783085,-0.05881232386680198
Bornyl Acetate,CC(=O)O[C@@H]1C[C@@H]2CC[C@]1(C2(C)C)C,100.0,283.15,196.3,0.0037534144852765174,0.004017771590448272,-0.20526764409338188,-0.17578506600232432
Bornyl Acetate,CC(=O)O[C@@H]1C[C@@H]2CC[C@]1(C2(C)C)C,100.0,278.15,196.3,0.0028436974736281554,0.0030343787182788374,-0.3255486601841718,-0.29741722281273447
Bornyl Acetate,CC(=O)O[C@@H]1C[C@@H]2CC[C@]1(C2(C)C)C,100.0,303.15,196.3,0.010328049766087134,0.011161723758140311,0.23243448603228553,0.26590840777228725
Butyl Lactate,O=C(C(O)C)OCCCC,100.0,333.15,146.19,0.038246979447244304,0.038773094281662875,0.9119346852345752,0.9175985100955972
Butyl Lactate,O=C(C(O)C)OCCCC,100.0,328.15,146.19,0.031937895144754716,0.032326991783255515,0.8368886552258297,0.8419468382428328
Butyl Lactate,O=C(C(O)C)OCCCC,100.0,318.15,146.19,0.021922133080716014,0.0221246306286227,0.6786666922129739,0.6825541281211148
Butyl Lactate,O=C(C(O)C)OCCCC,100.0,313.15,146.19,0.018011782096287107,0.01815411716020894,0.5953883720876507,0.5987321128848897
Butyl Lactate,O=C(C(O)C)OCCCC,100.0,308.15,146.19,0.014712264253060898,0.014810510853034786,0.5092466669144794,0.51208541329043
Butyl Lactate,O=C(C(O)C)OCCCC,100.0,323.15,146.19,0.026531748854144985,0.026814839447206622,0.7591480930369489,0.76361035461231
Butyl Lactate,O=C(C(O)C)OCCCC,100.0,298.15,146.19,0.009633771527027393,0.009677993319212926,0.3280482759057314,0.3300138014787843
Butyl Lactate,O=C(C(O)C)OCCCC,100.0,293.15,146.19,0.007718430100506049,0.0077472281578527475,0.2327977944068378,0.23439985818847783
Butyl Lactate,O=C(C(O)C)OCCCC,100.0,288.15,146.19,0.00614025274384562,0.006158619879201992,0.1342947393593597,0.13558210939460585
Butyl Lactate,O=C(C(O)C)OCCCC,100.0,283.15,146.19,0.004848537281133953,0.004860000826307401,0.03240770096007614,0.03342719000132423
Butyl Lactate,O=C(C(O)C)OCCCC,100.0,278.15,146.19,0.00379868086305875,0.003805675948220158,-0.07300986241334011,-0.07221460184232285
Butyl Lactate,O=C(C(O)C)OCCCC,100.0,303.15,146.19,0.01194358271373575,0.012010140399559348,0.4201633978620216,0.4225416661693762
Butyraldehyde,CCCC=O,100.0,333.15,72.11,0.06220129091662262,0.062180654947605815,1.3638559303179802,1.3637377790976828
Butyraldehyde,CCCC=O,100.0,328.15,72.11,0.05138794644069227,0.052383257940652905,1.2947352695663534,1.301776156850303
Butyraldehyde,CCCC=O,100.0,323.15,72.11,0.042175981087006376,0.04373643505406371,1.2210674465203195,1.2347672042517008
Butyraldehyde,CCCC=O,100.0,318.15,72.11,0.034377285984280075,0.036176259210408304,1.1428129703033045,1.1625111210506145
Butyraldehyde,CCCC=O,100.0,313.15,72.11,0.027818449438769172,0.029632698879751163,1.0599402872678099,1.084851826994119
Butyraldehyde,CCCC=O,100.0,308.15,72.11,0.022340509463419356,0.02402954662438608,0.9724201411457868,1.0016777311275267
Butyraldehyde,CCCC=O,100.0,293.15,72.11,0.01101189807611943,0.012030475645540288,0.6816029491078769,0.7185221325202452
Butyraldehyde,CCCC=O,100.0,298.15,72.11,0.014061717041593164,0.015314535293726258,0.7832989506175461,0.818537343631822
Butyraldehyde,CCCC=O,100.0,288.15,72.11,0.008543984376336742,0.009346869333819691,0.5750607042755402,0.6128725021211459
Butyraldehyde,CCCC=O,100.0,283.15,72.11,0.006564821780900257,0.00718046903561663,0.4635804025520128,0.5015882352647605
Butyraldehyde,CCCC=O,100.0,278.15,72.11,0.004992588392388845,0.005452933368590154,0.34704684346831294,0.38465787874927154
Butyraldehyde,CCCC=O,100.0,303.15,72.11,0.017798631499583776,0.019285254755651893,0.8802199681286879,0.9129183840652751
Caprolactone (Epsilon),O=C1OCCCCC1,100.0,318.15,114.14,0.08687712665978285,0.06742374652530772,1.330614785777496,1.2342870524860334
Caprolactone (Epsilon),O=C1OCCCCC1,100.0,323.15,114.14,0.10214538668933591,0.07683673674887125,1.3904220882078029,1.2843281405588214
Caprolactone (Epsilon),O=C1OCCCCC1,100.0,313.15,114.14,0.07351357871850571,0.05881907478442352,1.267485595285535,1.1812228520106154
Caprolactone (Epsilon),O=C1OCCCCC1,100.0,333.15,114.14,0.13917212292723374,0.09823460900280592,1.5002858745055616,1.3761347204106051
Caprolactone (Epsilon),O=C1OCCCCC1,100.0,328.15,114.14,0.11950981184766647,0.08709398763711199,1.4469594841190412,1.331546498228142
Caprolactone (Epsilon),O=C1OCCCCC1,100.0,308.15,114.14,0.06187351368353014,0.05098902965623665,1.2009875298764194,1.1249297479766738
Caprolactone (Epsilon),O=C1OCCCCC1,100.0,303.15,114.14,0.05178594472648928,0.04390124026011117,1.131076368139289,1.0651996423017458
Caprolactone (Epsilon),O=C1OCCCCC1,100.0,298.15,114.14,0.04309040198163977,0.03752373092876659,1.0577103620492958,1.0018258975166932
Caprolactone (Epsilon),O=C1OCCCCC1,100.0,293.15,114.14,0.03563660580406424,0.031824015392149664,0.9808458932994097,0.9346073730820829
Caprolactone (Epsilon),O=C1OCCCCC1,100.0,288.15,114.14,0.029284678977907506,0.02676837037774548,0.9004370907565035,0.8633537748534427
Caprolactone (Epsilon),O=C1OCCCCC1,100.0,283.15,114.14,0.02390502181929378,0.02232108554877373,0.8164336443776526,0.7878886617615438
Caprolactone (Epsilon),O=C1OCCCCC1,100.0,278.15,114.14,0.019378174352192797,0.01844411831664522,0.7287786519637105,0.7080538322734049
Caryophyllene,CC1=CCCC(=C)[C@H]2CC([C@@H]2CC1)(C)C,100.0,333.15,204.3,0.004620416586309993,0.005317849599331396,-0.13248032615629945,-0.07160651614824386
Caryophyllene,CC1=CCCC(=C)[C@H]2CC([C@@H]2CC1)(C)C,100.0,328.15,204.3,0.00346492678220511,0.003939945290577186,-0.25716717996456406,-0.20149449462460794
Caryophyllene,CC1=CCCC(=C)[C@H]2CC([C@@H]2CC1)(C)C,100.0,323.15,204.3,0.0025671772104384535,0.0028877083165602447,-0.3871719971716986,-0.3361578680217496
Caryophyllene,CC1=CCCC(=C)[C@H]2CC([C@@H]2CC1)(C)C,100.0,318.15,204.3,0.0018778518700801315,0.0020919665491720865,-0.5227872197143676,-0.4759495145573891
Caryophyllene,CC1=CCCC(=C)[C@H]2CC([C@@H]2CC1)(C)C,100.0,313.15,204.3,0.0013551401474325626,0.001496614831380404,-0.6643283308304639,-0.6212393134600575
Caryophyllene,CC1=CCCC(=C)[C@H]2CC([C@@H]2CC1)(C)C,100.0,308.15,204.3,0.000963996101012477,0.0010563766386162531,-0.8121354630329407,-0.7724159978752171
Caryophyllene,CC1=CCCC(=C)[C@H]2CC([C@@H]2CC1)(C)C,100.0,298.15,204.3,0.00046562736480436985,0.0005034991822167059,-1.1280425005244499,-1.0940920876026516
Caryophyllene,CC1=CCCC(=C)[C@H]2CC([C@@H]2CC1)(C)C,100.0,293.15,204.3,0.00031555774595267967,0.00033928501886998597,-1.2969630747358958,-1.2654834146836624
Caryophyllene,CC1=CCCC(=C)[C@H]2CC([C@@H]2CC1)(C)C,100.0,288.15,204.3,0.000209999703973723,0.00022462973691199118,-1.473795749244121,-1.4445509931967215
Caryophyllene,CC1=CCCC(=C)[C@H]2CC([C@@H]2CC1)(C)C,100.0,283.15,204.3,0.00013707557667449362,0.0001459429497908563,-1.6590353590963567,-1.6318146300870824
Caryophyllene,CC1=CCCC(=C)[C@H]2CC([C@@H]2CC1)(C)C,100.0,278.15,204.3,8.765297431089196e-05,9.29296256779803e-05,-1.853215912009848,-1.8278297559342638
Caryophyllene,CC1=CCCC(=C)[C@H]2CC([C@@H]2CC1)(C)C,100.0,303.15,204.3,0.0006753990208639087,0.0007349568821280427,-0.9665751857600592,-0.9298892567087802
"Cis-3,7-Dimethyl-2,6-Octadien-1-ol",C\C(CC\C=C(C)\C)=C/CO,100.0,313.15,154.2,0.01614867879513612,0.016159152068620994,0.5265803135461283,0.5268568838397077
"Cis-3,7-Dimethyl-2,6-Octadien-1-ol",C\C(CC\C=C(C)\C)=C/CO,100.0,333.15,154.2,0.034085326973936556,0.03426735763040505,0.8425286804668055,0.8447565957618595
"Cis-3,7-Dimethyl-2,6-Octadien-1-ol",C\C(CC\C=C(C)\C)=C/CO,100.0,328.15,154.2,0.028499896072171623,0.028606310001253805,0.767428081503715,0.7689965127374007
"Cis-3,7-Dimethyl-2,6-Octadien-1-ol",C\C(CC\C=C(C)\C)=C/CO,100.0,323.15,154.2,0.0237097085494604,0.023767661443843145,0.6897737624484732,0.6908065537659173
"Cis-3,7-Dimethyl-2,6-Octadien-1-ol",C\C(CC\C=C(C)\C)=C/CO,100.0,318.15,154.2,0.01962111929362078,0.01964916012597621,0.6095120225754322,0.6101188966912884
"Cis-3,7-Dimethyl-2,6-Octadien-1-ol",C\C(CC\C=C(C)\C)=C/CO,100.0,308.15,154.2,0.013214803993274673,0.013215673189831374,0.4409073516570769,0.4409354997817454
"Cis-3,7-Dimethyl-2,6-Octadien-1-ol",C\C(CC\C=C(C)\C)=C/CO,100.0,278.15,154.2,0.0034627923032129315,0.003459612061227928,-0.13602956685442738,-0.1364270676915813
"Cis-3,7-Dimethyl-2,6-Octadien-1-ol",C\C(CC\C=C(C)\C)=C/CO,100.0,298.15,154.2,0.008689227142732835,0.008683690096402245,0.2610013462422785,0.26072717808970636
"Cis-3,7-Dimethyl-2,6-Octadien-1-ol",C\C(CC\C=C(C)\C)=C/CO,100.0,293.15,154.2,0.006977961135826507,0.006972278951399263,0.16657348193730157,0.16622243108724744
"Cis-3,7-Dimethyl-2,6-Octadien-1-ol",C\C(CC\C=C(C)\C)=C/CO,100.0,288.15,154.2,0.005565267410411347,0.00556021954022513,0.0690129982813864,0.06862133990885208
"Cis-3,7-Dimethyl-2,6-Octadien-1-ol",C\C(CC\C=C(C)\C)=C/CO,100.0,283.15,154.2,0.004406616673448529,0.0044024905173021085,-0.03180758691261334,-0.03221243490421797
"Cis-3,7-Dimethyl-2,6-Octadien-1-ol",C\C(CC\C=C(C)\C)=C/CO,100.0,303.15,154.2,0.010749349182987072,0.010745560090981817,0.35241157041035454,0.35226027703791696
Citronellal,CC(CCC=C(C)C)CC=O,100.0,313.15,154.2,0.013269454457795118,0.01430802702717814,0.4426735125156768,0.47490294536955163
Citronellal,CC(CCC=C(C)C)CC=O,100.0,333.15,154.2,0.030465061061115,0.033146457301438045,0.795461972342481,0.8308382330528337
Citronellal,CC(CCC=C(C)C)CC=O,100.0,328.15,154.2,0.024998900409390134,0.027151441050612422,0.7121583171856497,0.7470134683333527
Citronellal,CC(CCC=C(C)C)CC=O,100.0,323.15,154.2,0.020380842248447648,0.022089209010261682,0.6256491036964689,0.6597958637315429
Citronellal,CC(CCC=C(C)C)CC=O,100.0,318.15,154.2,0.016503570115386404,0.01784361258947733,0.5358517779843903,0.569117456713181
Citronellal,CC(CCC=C(C)C)CC=O,100.0,308.15,154.2,0.010590174249822656,0.011385285599139887,0.34600897881142245,0.37706793729353655
Citronellal,CC(CCC=C(C)C)CC=O,100.0,303.15,154.2,0.00838639288157869,0.008987535296527242,0.2457412363117352,0.2755171965300573
Citronellal,CC(CCC=C(C)C)CC=O,100.0,298.15,154.2,0.0065872801643919445,0.007036002396448577,0.14173957784222788,0.17014291586548058
Citronellal,CC(CCC=C(C)C)CC=O,100.0,293.15,154.2,0.005130049734951865,0.00546066490776998,0.03385886890160873,0.060823031312942734
Citronellal,CC(CCC=C(C)C)CC=O,100.0,288.15,154.2,0.003959451547981605,0.0041998366206409754,-0.07806144099024567,-0.05258041523876073
Citronellal,CC(CCC=C(C)C)CC=O,100.0,283.15,154.2,0.0030272386772375445,0.003199673722906231,-0.1941983588332269,-0.17022286973775583
Citronellal,CC(CCC=C(C)C)CC=O,100.0,278.15,154.2,0.0022916175301744435,0.0024136193153183926,-0.31474630873915393,-0.2922788300689401
Crotonlactone,O=C1OCC=C1,100.0,328.15,84.07,0.009524234486435993,0.010096524889909177,0.5567154099791851,0.5813593598227018
Crotonlactone,O=C1OCC=C1,100.0,323.15,84.07,0.007683472491988146,0.008059782814770019,0.4656952616260334,0.4859996488649791
Crotonlactone,O=C1OCC=C1,100.0,318.15,84.07,0.006157056035322717,0.006402949567834791,0.37138747865932276,0.38809159157784384
Crotonlactone,O=C1OCC=C1,100.0,313.15,84.07,0.004899450002375543,0.005059118428606162,0.27371398182746065,0.28744410903132406
Crotonlactone,O=C1OCC=C1,100.0,308.15,84.07,0.003870298293247592,0.003973333511092377,0.17258552611904426,0.18386834693925805
Crotonlactone,O=C1OCC=C1,100.0,333.15,84.07,0.01173046747853715,0.012595469592174915,0.6445163645520025,0.6743674862394343
Crotonlactone,O=C1OCC=C1,100.0,298.15,84.07,0.0023595503724405014,0.0024016931112291065,-0.040452044338178145,-0.0328162719933725
Crotonlactone,O=C1OCC=C1,100.0,293.15,84.07,0.001819749575969633,0.0018464682890913583,-0.15259681254484853,-0.14629991507826284
Crotonlactone,O=C1OCC=C1,100.0,288.15,84.07,0.0013912429516256283,0.0014080901663457608,-0.2686705883576619,-0.263464141548615
Crotonlactone,O=C1OCC=C1,100.0,283.15,84.07,0.0010539742545466668,0.0010645406814333831,-0.38882211099600966,-0.3845030608679887
Crotonlactone,O=C1OCC=C1,100.0,278.15,84.07,0.0007908798142714898,0.0007974698993842805,-0.5132125745502772,-0.5096170113009059
Crotonlactone,O=C1OCC=C1,100.0,303.15,84.07,0.0030340362784024924,0.00310012996085559,0.06790019197453714,0.07717716803782902
Cyclobutanol,OC1CCC1,100.0,333.15,72.1,0.03348832049284453,0.03493734922184991,1.132704552209115,1.1491176240754892
Cyclobutanol,OC1CCC1,100.0,328.15,72.1,0.02775114628402466,0.028768491187526044,1.0590356439020585,1.0732525753838669
Cyclobutanol,OC1CCC1,100.0,323.15,72.1,0.022884006810699988,0.02358611972122244,0.9821415114617806,0.9942704050769152
Cyclobutanol,OC1CCC1,100.0,318.15,72.1,0.01877395321389873,0.019250418610402893,0.9020391118150993,0.9122385263954607
Cyclobutanol,OC1CCC1,100.0,313.15,72.1,0.01531982862526764,0.01563780366500876,0.8187359875687782,0.8271952612590987
Cyclobutanol,OC1CCC1,100.0,308.15,72.1,0.01243142699184929,0.012640101965568931,0.732227697333666,0.7391506977228111
Cyclobutanol,OC1CCC1,100.0,303.15,72.1,0.010028666935276537,0.010163296031775916,0.6424958307478401,0.6480877499564585
Cyclobutanol,OC1CCC1,100.0,293.15,72.1,0.006405469790670991,0.006458614856372995,0.4532059471891091,0.4567146180135493
Cyclobutanol,OC1CCC1,100.0,288.15,72.1,0.005068280510205109,0.00510075368268399,0.35352650871532965,0.35625127246433685
Cyclobutanol,OC1CCC1,100.0,283.15,72.1,0.003981729012098166,0.004001180928178655,0.2503784382863292,0.2524654985937564
Cyclobutanol,OC1CCC1,100.0,278.15,72.1,0.0031046792820184415,0.0031160913667039954,0.14365251000499948,0.1452286302272333
Cyclobutanol,OC1CCC1,100.0,298.15,72.1,0.008040767377807779,0.008126118499289663,0.5495058374155478,0.5539641717217347
Cyclobutanone,O=C1CCC1,100.0,313.15,70.09,0.04340193651366884,0.041475023402025746,1.2420874905673274,1.2250179089641922
Cyclobutanone,O=C1CCC1,100.0,328.15,70.09,0.07806085346000466,0.06782429253465631,1.451869837431449,1.4036732848066498
Cyclobutanone,O=C1CCC1,100.0,323.15,70.09,0.0646248653441549,0.05807390736637021,1.3867836540498413,1.348874251251577
Cyclobutanone,O=C1CCC1,100.0,318.15,70.09,0.05314644368915589,0.04930374064883382,1.3168795105506004,1.2894323056825538
Cyclobutanone,O=C1CCC1,100.0,308.15,70.09,0.035184153748198464,0.034547052047828083,1.1623539352312071,1.1553165247382442
Cyclobutanone,O=C1CCC1,100.0,333.15,70.09,0.09369463438582734,0.07859332405256347,1.5122296688281187,1.454164003414515
Cyclobutanone,O=C1CCC1,100.0,298.15,70.09,0.022581821936133426,0.023212007228081536,0.9878977523699943,0.9989265666277458
Cyclobutanone,O=C1CCC1,100.0,293.15,70.09,0.017863556128054108,0.018702134057764008,0.893094853338104,0.9117678486372671
Cyclobutanone,O=C1CCC1,100.0,288.15,70.09,0.014003922681577264,0.014886702582300435,0.793177903741506,0.8183929874358479
Cyclobutanone,O=C1CCC1,100.0,283.15,70.09,0.010874039016379027,0.011701780097595737,0.6880810658330029,0.7186776528031266
Cyclobutanone,O=C1CCC1,100.0,278.15,70.09,0.008359210466493773,0.009080146993681655,0.5777198349279375,0.6125361111140706
Cyclobutanone,O=C1CCC1,100.0,303.15,70.09,0.02830236758979261,0.02847563722834751,1.077637012982221,1.0800380284835946
Cycloheptene,C1CCC=CCC1,100.0,328.15,96.2,0.004979938896381056,0.006674165887167455,0.22320349380590926,0.34863685972903113
Cycloheptene,C1CCC=CCC1,100.0,323.15,96.2,0.003691240990837721,0.004826230672372803,0.09447978488561593,0.20974572673323705
Cycloheptene,C1CCC=CCC1,100.0,318.15,96.2,0.002701383642956432,0.003454363086914211,-0.04008361237407745,0.06591989607761807
Cycloheptene,C1CCC=CCC1,100.0,313.15,96.2,0.001950480818227913,0.002444847336154016,-0.18075073971912367,-0.0831526816382186
Cycloheptene,C1CCC=CCC1,100.0,308.15,96.2,0.0013883280125728654,0.001709278150354726,-0.3278173938295106,-0.237829655029005
Cycloheptene,C1CCC=CCC1,100.0,333.15,96.2,0.006638105492759093,0.009143917851814894,0.34632096677177926,0.482848677499538
Cycloheptene,C1CCC=CCC1,100.0,298.15,96.2,0.0006715318005463144,0.0008018327111205798,-0.6424984545146845,-0.5656166900289792
Cycloheptene,C1CCC=CCC1,100.0,293.15,96.2,0.0004554764309361909,0.0005367885950311951,-0.8108744903011251,-0.7396216754668701
Cycloheptene,C1CCC=CCC1,100.0,288.15,96.2,0.000303393094011037,0.0003533582328763774,-0.9871765131945252,-0.9210189691850389
Cycloheptene,C1CCC=CCC1,100.0,283.15,96.2,0.0001982406389148817,0.0002284362968485969,-1.171880103488357,-1.1103391025890936
Cycloheptene,C1CCC=CCC1,100.0,278.15,96.2,0.00012690998223847713,0.0001448333859972637,-1.3655027731257394,-1.3081485270429811
Cycloheptene,C1CCC=CCC1,100.0,303.15,96.2,0.0009733439543350728,0.0011791935284306211,-0.4816123106887311,-0.3985073245946307
Cyclohexyl Carbinol C6h11-Ch2oh,OCC1CCCCC1,100.0,333.15,114.2,0.03664912318440085,0.03670428394817752,0.9920396648213574,0.9926510811780871
Cyclohexyl Carbinol C6h11-Ch2oh,OCC1CCCCC1,100.0,328.15,114.2,0.030316875082391868,0.03035874730424498,0.9144802260882283,0.915047592200479
Cyclohexyl Carbinol C6h11-Ch2oh,OCC1CCCCC1,100.0,323.15,114.2,0.024943079429773207,0.024973132539236945,0.8338784426661777,0.834378173786084
Cyclohexyl Carbinol C6h11-Ch2oh,OCC1CCCCC1,100.0,318.15,114.2,0.020406060671050757,0.02042657113446575,0.7502075049760347,0.7506278251801191
Cyclohexyl Carbinol C6h11-Ch2oh,OCC1CCCCC1,100.0,313.15,114.2,0.016595999622044173,0.01660931244647787,0.6634299095301058,0.6637677064770992
Cyclohexyl Carbinol C6h11-Ch2oh,OCC1CCCCC1,100.0,308.15,114.2,0.013414261830703473,0.013422451318653054,0.5734960452915364,0.5737546433495466
Cyclohexyl Carbinol C6h11-Ch2oh,OCC1CCCCC1,100.0,303.15,114.2,0.010772710017669673,0.010777438443626622,0.480343109718212,0.4805299430612475
Cyclohexyl Carbinol C6h11-Ch2oh,OCC1CCCCC1,100.0,293.15,114.2,0.006805820078923197,0.006806989150627899,0.2840545174097535,0.2841281786054496
Cyclohexyl Carbinol C6h11-Ch2oh,OCC1CCCCC1,100.0,288.15,114.2,0.00535031490227854,0.005350727784757251,0.18071711985927869,0.18075030240893056
Cyclohexyl Carbinol C6h11-Ch2oh,OCC1CCCCC1,100.0,283.15,114.2,0.004173244216049063,0.004173270531488101,0.07375496705457427,0.07375768448476759
Cyclohexyl Carbinol C6h11-Ch2oh,OCC1CCCCC1,100.0,278.15,114.2,0.003228374838149831,0.003228233661597262,-0.03697610595648243,-0.03699498456155042
Cyclohexyl Carbinol C6h11-Ch2oh,OCC1CCCCC1,100.0,298.15,114.2,0.008592987194116218,0.008595494951160637,0.3838935737541482,0.3840183029525646
Cyclohexyl Formate,O=COC1CCCCC1,100.0,313.15,128.2,0.015982185271441667,0.017917879212306403,0.599434101643868,0.6478154373745479
Cyclohexyl Formate,O=COC1CCCCC1,100.0,333.15,128.2,0.03845784208371985,0.04247270677842202,0.9662706711199865,1.006853651030556
Cyclohexyl Formate,O=COC1CCCCC1,100.0,328.15,128.2,0.031240037127102667,0.03472598963944751,0.8806050772779223,0.9243166644719922
Cyclohexyl Formate,O=COC1CCCCC1,100.0,323.15,128.2,0.02518688837057986,0.028126520892471727,0.7909703765942097,0.8370123826815593
Cyclohexyl Formate,O=COC1CCCCC1,100.0,318.15,128.2,0.0201468892929651,0.022561413452407135,0.6972799959536767,0.7448657096592133
Cyclohexyl Formate,O=COC1CCCCC1,100.0,308.15,128.2,0.012568161462005144,0.014085167462158949,0.49731712325922767,0.5458073147940306
Cyclohexyl Formate,O=COC1CCCCC1,100.0,303.15,128.2,0.00979300713087332,0.010956608568749467,0.39079691808262684,0.43878644809148104
Cyclohexyl Formate,O=COC1CCCCC1,100.0,298.15,128.2,0.007557138996537493,0.008431503445111677,0.27972271481516375,0.32668920639844057
Cyclohexyl Formate,O=COC1CCCCC1,100.0,293.15,128.2,0.005772581700888701,0.0064167057475833286,0.1639238639058439,0.20943655394735444
Cyclohexyl Formate,O=COC1CCCCC1,100.0,288.15,128.2,0.00436227955843957,0.004827731757104834,0.0432088020933507,0.08692747297565853
Cyclohexyl Formate,O=COC1CCCCC1,100.0,283.15,128.2,0.003259340709435265,0.003589399385648454,-0.08263717241348319,-0.04096605781488522
Cyclohexyl Formate,O=COC1CCCCC1,100.0,278.15,128.2,0.0024062664150235813,0.002636005973987183,-0.21385173964502419,-0.1744030381848877
Cyclopentanone,O=C1CCCC1,100.0,328.15,84.12,0.17608616628895288,0.1056177299558399,1.6567224653182808,1.4976273804280906
Cyclopentanone,O=C1CCCC1,100.0,323.15,84.12,0.15144838252036946,0.09474709543173661,1.6122313079971435,1.4610237518483675
Cyclopentanone,O=C1CCCC1,100.0,318.15,84.12,0.1296309378746057,0.08460122831873482,1.5641292306245784,1.421934781611196
Cyclopentanone,O=C1CCCC1,100.0,313.15,84.12,0.11039588386495804,0.07515387002768983,1.5122787370172845,1.3801303586088354
Cyclopentanone,O=C1CCCC1,100.0,308.15,84.12,0.09351633188887999,0.06638292498882516,1.4565580963647144,1.3353623580558232
Cyclopentanone,O=C1CCCC1,100.0,333.15,84.12,0.20379268534908931,0.11724429954922135,1.6977542025546397,1.5319576676276514
Cyclopentanone,O=C1CCCC1,100.0,298.15,84.12,0.06597174535010178,0.050798008030143914,1.3330965602161184,1.2358590353379821
Cyclopentanone,O=C1CCCC1,100.0,293.15,84.12,0.0549088547023719,0.043953389455239945,1.2651853048662227,1.1805499845983578
Cyclopentanone,O=C1CCCC1,100.0,288.15,84.12,0.045406122337166524,0.03772197154498636,1.1930595927203411,1.1211371807346893
Cyclopentanone,O=C1CCCC1,100.0,283.15,84.12,0.037293238010641216,0.032089487701052806,1.1166576407926867,1.0573175331266296
Cyclopentanone,O=C1CCCC1,100.0,278.15,84.12,0.030411491686624516,0.027040085383392354,1.0359211296985733,0.9887925832479169
Cyclopentanone,O=C1CCCC1,100.0,303.15,84.12,0.0787764787569229,0.05826968686953945,1.396861184559697,1.2873654762646132
Decanal,CCCCCCCCCC=O,100.0,333.15,156.3,0.03079495457335581,0.03317965009091323,0.7944781243574822,0.8257785748396032
Decanal,CCCCCCCCCC=O,100.0,328.15,156.3,0.025441278196006455,0.027357930839273185,0.7139985970801598,0.7446602184079925
Decanal,CCCCCCCCCC=O,100.0,323.15,156.3,0.02088835579744307,0.02241487168576602,0.6304679593628506,0.660393377888889
Decanal,CCCCCCCCCC=O,100.0,318.15,156.3,0.01703910104230831,0.01824310190537286,0.543797216438855,0.5728895310408509
Decanal,CCCCCCCCCC=O,100.0,313.15,156.3,0.013804759639297582,0.014744619721155705,0.4538864828638111,0.4820527268208146
Decanal,CCCCCCCCCC=O,100.0,308.15,156.3,0.011104632464182997,0.011830362879443175,0.3606240098581309,0.3877782802294912
Decanal,CCCCCCCCCC=O,100.0,303.15,156.3,0.008865761430954659,0.009419808813750895,0.2638852214275453,0.28995135064428873
Decanal,CCCCCCCCCC=O,100.0,293.15,156.3,0.005516544693441412,0.005828056655230905,0.05941085010223497,0.08312078548138498
Decanal,CCCCCCCCCC=O,100.0,288.15,156.3,0.004295697557853414,0.004524929679451086,-0.04864722876016813,-0.026177182801088966
Decanal,CCCCCCCCCC=O,100.0,283.15,156.3,0.003314285324062252,0.0034807824756857195,-0.16082795507353545,-0.13961956106207332
Decanal,CCCCCCCCCC=O,100.0,278.15,156.3,0.0025322890907398354,0.0026516088772747266,-0.2773352280800324,-0.25739542281965383
Decanal,CCCCCCCCCC=O,100.0,298.15,156.3,0.007022581029282104,0.0074405826796533235,0.1635317462596821,0.1884454327805805
Delta-Hexalactone,CC1CCCC(=O)O1,100.0,313.15,114.1,0.06374002870231898,0.05409079810964065,1.2126701944016909,1.1484209569463124
Delta-Hexalactone,CC1CCCC(=O)O1,100.0,328.15,114.1,0.10442354872380229,0.0815679658889144,1.3985698702620397,1.3070639085688966
Delta-Hexalactone,CC1CCCC(=O)O1,100.0,323.15,114.1,0.08903174174027893,0.07154764811014301,1.3398750715559515,1.2572395826416713
Delta-Hexalactone,CC1CCCC(=O)O1,100.0,318.15,114.1,0.07552934966220023,0.06240158586884634,1.2779247989805271,1.2044232423732875
Delta-Hexalactone,CC1CCCC(=O)O1,100.0,308.15,114.1,0.05349719192445273,0.0465777721564649,1.1440653697262493,1.089037551545495
Delta-Hexalactone,CC1CCCC(=O)O1,100.0,333.15,114.1,0.12189090234578388,0.09250397138941316,1.4540630694124328,1.354086107481925
Delta-Hexalactone,CC1CCCC(=O)O1,100.0,298.15,114.1,0.037033680613394585,0.033796695427579355,0.9966246901633109,0.9593606136894471
Delta-Hexalactone,CC1CCCC(=O)O1,100.0,293.15,114.1,0.03052902197927482,0.028452852416767666,0.9176953356720357,0.888701658695937
Delta-Hexalactone,CC1CCCC(=O)O1,100.0,288.15,114.1,0.025002738237626335,0.02375384690584172,0.8352242880682732,0.8139378951344292
Delta-Hexalactone,CC1CCCC(=O)O1,100.0,283.15,114.1,0.02033721497541863,0.019657481190091777,0.7491525589726412,0.734919526323023
Delta-Hexalactone,CC1CCCC(=O)O1,100.0,278.15,114.1,0.016424389969031006,0.016119480233532654,0.6594134629699128,0.6515148558378384
Delta-Hexalactone,CC1CCCC(=O)O1,100.0,303.15,114.1,0.04464406622102768,0.03982551843346817,1.0720655439698452,1.0260799097843174
Di-Isobutyl Ketone,CC(C)CC(CC(C)C)=O,100.0,328.15,142.24,0.025575672069703716,0.02789633286202032,0.7549342984519715,0.7913903600819042
Di-Isobutyl Ketone,CC(C)CC(CC(C)C)=O,100.0,323.15,142.24,0.020927404244863595,0.02278436450816659,0.6703655086530298,0.7062694017376832
Di-Isobutyl Ketone,CC(C)CC(CC(C)C)=O,100.0,318.15,142.24,0.01701023917512277,0.018479320060199533,0.5825151282419961,0.6176814021275601
Di-Isobutyl Ketone,CC(C)CC(CC(C)C)=O,100.0,313.15,142.24,0.0137299354831754,0.01487855116261232,0.49128573392512015,0.525542352423057
Di-Isobutyl Ketone,CC(C)CC(CC(C)C)=O,100.0,308.15,142.24,0.011001094175940977,0.011888328756417306,0.39656672450618297,0.42975894763972444
Di-Isobutyl Ketone,CC(C)CC(CC(C)C)=O,100.0,333.15,142.24,0.031058470528810327,0.03392698493806888,0.8363068797525209,0.8731208786402025
Di-Isobutyl Ketone,CC(C)CC(CC(C)C)=O,100.0,298.15,142.24,0.0068980840192607775,0.007407909666571119,0.19614511088278258,0.2268276293504707
Di-Isobutyl Ketone,CC(C)CC(CC(C)C)=O,100.0,293.15,142.24,0.0053937153129847825,0.005772757903685649,0.0901457591374255,0.119429003423231
Di-Isobutyl Ketone,CC(C)CC(CC(C)C)=O,100.0,288.15,142.24,0.004179491666921054,0.004457576504350787,-0.019938722410934633,0.007880772855762778
Di-Isobutyl Ketone,CC(C)CC(CC(C)C)=O,100.0,283.15,142.24,0.0032078683709761556,0.0034091355208801504,-0.13430068170670748,-0.10798589849369883
Di-Isobutyl Ketone,CC(C)CC(CC(C)C)=O,100.0,278.15,142.24,0.0024374326996364037,0.002581100290405109,-0.25315197882064383,-0.2283604361348907
Di-Isobutyl Ketone,CC(C)CC(CC(C)C)=O,100.0,303.15,142.24,0.008746776283270788,0.009423633967815143,0.2982332529656683,0.33022663186819734
Diethyl Carbonate,O=C(OCC)OCC,100.0,333.15,118.13,0.02853317607439227,0.03285781258404251,0.8759408971855546,0.9340820930296589
Diethyl Carbonate,O=C(OCC)OCC,100.0,328.15,118.13,0.023130893830766205,0.026543017067402922,0.7887471247257765,0.8459971420343542
Diethyl Carbonate,O=C(OCC)OCC,100.0,323.15,118.13,0.018605144861703535,0.021264904004421614,0.6975366164860907,0.7535957575983903
Diethyl Carbonate,O=C(OCC)OCC,100.0,318.15,118.13,0.014842028582244636,0.01689008527677022,0.6022011595393061,0.6568112477965514
Diethyl Carbonate,O=C(OCC)OCC,100.0,313.15,118.13,0.011737704728762862,0.01329526166682518,0.5026181774502144,0.5555627328172796
Diethyl Carbonate,O=C(OCC)OCC,100.0,308.15,118.13,0.009198157797063308,0.01036780063934135,0.398648895921177,0.44975253786032515
Diethyl Carbonate,O=C(OCC)OCC,100.0,303.15,118.13,0.007138898834639061,0.00800598682667867,0.2901367203318757,0.3392638896123094
Diethyl Carbonate,O=C(OCC)OCC,100.0,293.15,118.13,0.0041686681083355544,0.004626612254766357,0.05875913244581559,0.10367627639277169
Diethyl Carbonate,O=C(OCC)OCC,100.0,288.15,118.13,0.0031327553741666825,0.003458816343024651,-0.06452201286447223,-0.02176970992397024
Diethyl Carbonate,O=C(OCC)OCC,100.0,283.15,118.13,0.0023262278709414723,0.002555145965855709,-0.193180418792239,-0.1525918376536778
Diethyl Carbonate,O=C(OCC)OCC,100.0,278.15,118.13,0.0017055880398531562,0.0018640094994833505,-0.32748404769328865,-0.2890312320412013
Diethyl Carbonate,O=C(OCC)OCC,100.0,298.15,118.13,0.005484600356549953,0.006118992141300101,0.17690571271206595,0.2239588340155873
Diethyl Sulfide,CCSCC,100.0,313.15,90.19,0.010956794844751958,0.013618188290644432,0.5865251194086012,0.6780230956747372
Diethyl Sulfide,CCSCC,100.0,328.15,90.19,0.02271103377078311,0.028582762816432957,0.8902507004819825,0.9838491640752263
Diethyl Sulfide,CCSCC,100.0,323.15,90.19,0.017970402678291,0.02256616407962211,0.7936997120411956,0.8876273559587174
Diethyl Sulfide,CCSCC,100.0,318.15,90.19,0.014096171284703548,0.017625555973488433,0.6924793976527955,0.7856601342629259
Diethyl Sulfide,CCSCC,100.0,308.15,90.19,0.008435495555845213,0.010407345561532723,0.47575382531484706,0.5647905669840764
Diethyl Sulfide,CCSCC,100.0,333.15,90.19,0.02846511565230032,0.03581997693970859,0.9821826307276128,1.0742660485062314
Diethyl Sulfide,CCSCC,100.0,298.15,90.19,0.004849148068236817,0.005878116157386634,0.2393251699214627,0.3217416992048692
Diethyl Sulfide,CCSCC,100.0,278.15,90.19,0.0013963205827246293,0.0016271743418465705,-0.2974527532690204,-0.23126581307725744
Diethyl Sulfide,CCSCC,100.0,283.15,90.19,0.0019421194318096583,0.002285641070890167,-0.15478115900910905,-0.08443832851571217
Diethyl Sulfide,CCSCC,100.0,303.15,90.19,0.00642949828536204,0.007865775600693417,0.36006232969737895,0.44602035340349255
Diethyl Sulfide,CCSCC,100.0,293.15,90.19,0.0036169682160938927,0.004342265219310744,0.11339300496444195,0.19194675766471117
Diethyl Sulfide,CCSCC,100.0,288.15,90.19,0.00266666814098538,0.003169800367208246,-0.017908746853581993,0.05658525354085011
Diethyl Sulfite,CCOS(OCC)=O,100.0,333.15,138.2,0.02824783130205437,0.03195252188167909,0.8083567828340789,0.8597675438007496
Diethyl Sulfite,CCOS(OCC)=O,100.0,328.15,138.2,0.02292630839468336,0.025836288150094054,0.7207536553275123,0.770980330984112
Diethyl Sulfite,CCOS(OCC)=O,100.0,323.15,138.2,0.018465647632556696,0.020724397400346765,0.6293554548230083,0.6781688442439099
Diethyl Sulfite,CCOS(OCC)=O,100.0,318.15,138.2,0.014753811682018716,0.016486010506646612,0.534046532787098,0.5812525576230301
Diethyl Sulfite,CCOS(OCC)=O,100.0,308.15,138.2,0.009178405634221868,0.01015990059384426,0.33116121851395874,0.3747092365084058
Diethyl Sulfite,CCOS(OCC)=O,100.0,313.15,138.2,0.011688805479401945,0.01300093250079635,0.43469697966330495,0.48013648880093673
Diethyl Sulfite,CCOS(OCC)=O,100.0,298.15,138.2,0.0054993229285982435,0.006027540436691636,0.11086231062087565,0.15038256848064896
Diethyl Sulfite,CCOS(OCC)=O,100.0,293.15,138.2,0.00419174096162328,0.004571543289544679,-0.006282511777517864,0.031162102631042306
Diethyl Sulfite,CCOS(OCC)=O,100.0,288.15,138.2,0.0031600129432150146,0.0034293546135702436,-0.12837959342186334,-0.0930149939011561
Diethyl Sulfite,CCOS(OCC)=O,100.0,283.15,138.2,0.0023546130274657165,0.0025429360518303425,-0.2556733096373647,-0.22236866791906862
Diethyl Sulfite,CCOS(OCC)=O,100.0,278.15,138.2,0.0017329785860989478,0.0018627578021988061,-0.3884322133974296,-0.3571457555680601
Diethyl Sulfite,CCOS(OCC)=O,100.0,303.15,138.2,0.0071398261009898555,0.007864613657174287,0.2232766454806296,0.26484114838427425
Diethylene Glycol Monobutyl Ether,CCCCOCCOCCO,100.0,333.15,162.23,0.059865830777103654,0.05786642297163448,1.0557488704357303,1.0418278095374303
Diethylene Glycol Monobutyl Ether,CCCCOCCOCCO,100.0,328.15,162.23,0.051027012114792866,0.04954237361273406,0.9900571002985914,0.9778561691405965
Diethylene Glycol Monobutyl Ether,CCCCOCCOCCO,100.0,323.15,162.23,0.04329604099538217,0.042208205428004464,0.9219559796004201,0.9113640692730475
Diethylene Glycol Monobutyl Ether,CCCCOCCOCCO,100.0,318.15,162.23,0.036563002671443516,0.03577673761486364,0.8514008156971568,0.8422938725377943
Diethylene Glycol Monobutyl Ether,CCCCOCCOCCO,100.0,313.15,162.23,0.030725211383246423,0.030164866494700914,0.7783411498002563,0.7705871751712882
Diethylene Glycol Monobutyl Ether,CCCCOCCOCCO,100.0,308.15,162.23,0.02568718689170204,0.025293561250765297,0.7027208795938402,0.6961833790629698
Diethylene Glycol Monobutyl Ether,CCCCOCCOCCO,100.0,303.15,162.23,0.021360444075549642,0.0210880107584533,0.6244765921706286,0.6190194365633019
Diethylene Glycol Monobutyl Ether,CCCCOCCOCCO,100.0,293.15,162.23,0.014521072490395992,0.014396432207062038,0.4598246602410595,0.45613496735295717
Diethylene Glycol Monobutyl Ether,CCCCOCCOCCO,100.0,288.15,162.23,0.011865020724047772,0.011782692759024022,0.37324930019047386,0.3702611971316537
Diethylene Glycol Monobutyl Ether,CCCCOCCOCCO,100.0,283.15,162.23,0.009632949605108878,0.009579457120431517,0.28371295620909115,0.28131790766514814
Diethylene Glycol Monobutyl Ether,CCCCOCCOCCO,100.0,278.15,162.23,0.007768517175117142,0.007734343942316648,0.1911061021124885,0.18920639255000665
Diethylene Glycol Monobutyl Ether,CCCCOCCOCCO,100.0,298.15,162.23,0.01766338831876775,0.017477669774803896,0.5435376808679948,0.5390275903135792
Diethylene Glycol Monoethyl Ether,CCOCCOCCO,100.0,333.15,134.18,0.05598961923563786,0.05459412223925666,1.1011504625490414,1.0909949513466122
Diethylene Glycol Monoethyl Ether,CCOCCOCCO,100.0,328.15,134.18,0.04764100110342511,0.04658380758543379,1.035868896649441,1.0267404104872546
Diethylene Glycol Monoethyl Ether,CCOCCOCCO,100.0,323.15,134.18,0.04035583022919588,0.0395626525583573,0.9680668272203693,0.9599136640782522
Diethylene Glycol Monoethyl Ether,CCOCCOCCO,100.0,318.15,134.18,0.034025612314017205,0.033436372840158386,0.897713401996056,0.8904770381739775
Diethylene Glycol Monoethyl Ether,CCOCCOCCO,100.0,313.15,134.18,0.02854942168392822,0.02811609866325919,0.8247724589751357,0.8183898227381731
Diethylene Glycol Monoethyl Ether,CCOCCOCCO,100.0,308.15,134.18,0.023833767360423763,0.023518374323562498,0.7492015492017643,0.743606337547432
Diethylene Glycol Monoethyl Ether,CCOCCOCCO,100.0,303.15,134.18,0.019792385713644313,0.01956525169076887,0.6709503282646584,0.6660753504857254
Diethylene Glycol Monoethyl Ether,CCOCCOCCO,100.0,293.15,134.18,0.013422418154929148,0.013308426512877876,0.5061622145269413,0.5025278976032171
Diethylene Glycol Monoethyl Ether,CCOCCOCCO,100.0,288.15,134.18,0.010955551886678027,0.010876172383927667,0.4194773725618715,0.41636792508035964
Diethylene Glycol Monoethyl Ether,CCOCCOCCO,100.0,283.15,134.18,0.008885858300778725,0.008831237075401056,0.3298148481315434,0.3271706374392278
Diethylene Glycol Monoethyl Ether,CCOCCOCCO,100.0,278.15,134.18,0.007159645886219162,0.007122528734978057,0.23707106172351985,0.2348366370043372
Diethylene Glycol Monoethyl Ether,CCOCCOCCO,100.0,298.15,134.18,0.01634607305402515,0.01618426138670067,0.5899600960504349,0.585738133359597
Dihydropyran,C1CCOC=C1,100.0,313.15,84.12,0.01496910328871284,0.019153589620657246,0.7462424314109628,0.8482995496789757
Dihydropyran,C1CCOC=C1,100.0,328.15,84.12,0.0308875765107976,0.03866327867160101,1.0421191671108279,1.130779076741206
Dihydropyran,C1CCOC=C1,100.0,323.15,84.12,0.024473867568664525,0.03098817184405942,0.9484802162354974,1.0434155706296604
Dihydropyran,C1CCOC=C1,100.0,318.15,84.12,0.019226494399425996,0.024520981638701686,0.8498629192768319,0.9492603253057452
Dihydropyran,C1CCOC=C1,100.0,308.15,84.12,0.011545123091575973,0.014767575770534938,0.6375774759170928,0.740597983570661
Dihydropyran,C1CCOC=C1,100.0,333.15,84.12,0.03866472420405538,0.04764113545576209,1.1307936842306245,1.2114581990547233
Dihydropyran,C1CCOC=C1,100.0,298.15,84.12,0.00666349689291085,0.00844332585486492,0.4048413734755881,0.5054701393816065
Dihydropyran,C1CCOC=C1,100.0,293.15,84.12,0.004981478089220626,0.0062616598601386445,0.28057016999169015,0.378322936395558
Dihydropyran,C1CCOC=C1,100.0,288.15,84.12,0.0036815359939528875,0.0045839015715658,0.1508497352353276,0.24493861632850064
Dihydropyran,C1CCOC=C1,100.0,283.15,84.12,0.002688137528360889,0.003312038262526788,0.01550557470881077,0.10537439010302045
Dihydropyran,C1CCOC=C1,100.0,278.15,84.12,0.0019379545497864303,0.0023613830547951254,-0.12566856548594232,-0.04037300075616513
Dihydropyran,C1CCOC=C1,100.0,303.15,84.12,0.008816695183520686,0.0112388963396567,0.5238059451143016,0.6262740690894382
Dimethyl Carbonate,O=C(OC)OC,100.0,328.15,90.08,0.020444669893722955,0.023772084340744442,0.8475306732580975,0.9094285399648133
Dimethyl Carbonate,O=C(OC)OC,100.0,323.15,90.08,0.016278367160531708,0.018753038265242574,0.7530978482647894,0.8118584166754496
Dimethyl Carbonate,O=C(OC)OC,100.0,318.15,90.08,0.01284963734070014,0.014670717227409083,0.6541470934957445,0.7097015773283262
Dimethyl Carbonate,O=C(OC)OC,100.0,313.15,90.08,0.010051316789868323,0.011377412670321734,0.5505798171627732,0.6029282481171337
Dimethyl Carbonate,O=C(OC)OC,100.0,308.15,90.08,0.00778748391942053,0.008742934650015494,0.4422787220177111,0.4914714498342175
Dimethyl Carbonate,O=C(OC)OC,100.0,333.15,90.08,0.025467398976810857,0.02989288711219329,0.9375284722369159,1.0024030972967535
Dimethyl Carbonate,O=C(OC)OC,100.0,298.15,90.08,0.004532834179221369,0.005012676971515665,0.2109069994709911,0.2540659910817557
Dimethyl Carbonate,O=C(OC)OC,100.0,293.15,90.08,0.003401564177382564,0.0037357499372923644,0.08749371522150813,0.12781495735511103
Dimethyl Carbonate,O=C(OC)OC,100.0,288.15,90.08,0.002522605079136503,0.002752515188358878,-0.04134021701189437,-0.003720365470086935
Dimethyl Carbonate,O=C(OC)OC,100.0,283.15,90.08,0.0018475411861785043,0.0020037008752486858,-0.17582925373114455,-0.14076783347446598
Dimethyl Carbonate,O=C(OC)OC,100.0,278.15,90.08,0.0013353806895005124,0.0014400417367685671,-0.316236159187629,-0.28358519470009863
Dimethyl Carbonate,O=C(OC)OC,100.0,303.15,90.08,0.005972991448816428,0.006653923632617165,0.32910768551701586,0.3752290920272557
Dimethyl Sulfite,O(C)S(=O)OC,100.0,333.15,110.1,0.022441076846847728,0.025971653605295714,0.8047926051863493,0.8653676153306891
Dimethyl Sulfite,O(C)S(=O)OC,100.0,328.15,110.1,0.017930946866287486,0.020523254846697224,0.7110603554355256,0.767568111898786
Dimethyl Sulfite,O(C)S(=O)OC,100.0,323.15,110.1,0.01420777808077548,0.016090731745429982,0.6130685174625997,0.6655550897726505
Dimethyl Sulfite,O(C)S(=O)OC,100.0,318.15,110.1,0.011158977096992805,0.012512197997708582,0.5107095661866551,0.5592883073691151
Dimethyl Sulfite,O(C)S(=O)OC,100.0,313.15,110.1,0.008683569896325048,0.009645760640123797,0.4038590854613317,0.44868929668750596
Dimethyl Sulfite,O(C)S(=O)OC,100.0,308.15,110.1,0.006691692298748448,0.007368441831271352,0.29237414344778556,0.33364320894285265
Dimethyl Sulfite,O(C)S(=O)OC,100.0,303.15,110.1,0.005104011418680372,0.005574696622143905,0.1760914911698869,0.2140029057032661
Dimethyl Sulfite,O(C)S(=O)OC,100.0,293.15,110.1,0.0028727868805051297,0.003092547749517854,-0.07162420318506961,-0.03979796669922182
Dimethyl Sulfite,O(C)S(=O)OC,100.0,288.15,110.1,0.0021173395713793594,0.002264708600142679,-0.20349445069169333,-0.1743980747703486
Dimethyl Sulfite,O(C)S(=O)OC,100.0,283.15,110.1,0.0015408333136801855,0.0016383535161070496,-0.34103824002555333,-0.3144693883452377
Dimethyl Sulfite,O(C)S(=O)OC,100.0,278.15,110.1,0.0011063334132739447,0.001169975901558346,-0.48453739827845715,-0.46030079476698044
Dimethyl Sulfite,O(C)S(=O)OC,100.0,298.15,110.1,0.0038511118611588555,0.004174687788908167,0.054827686670413836,0.08959110980806813
Dimethyl Sulfoxide (DMSO),O=S(C)C,100.0,313.15,78.14,0.08404863629174969,0.06102263860486522,1.443023338050945,1.329847636895596
Dimethyl Sulfoxide (DMSO),O=S(C)C,100.0,333.15,78.14,0.14210674227747,0.09770025528844116,1.6120074086160536,1.4937512909332804
Dimethyl Sulfoxide (DMSO),O=S(C)C,100.0,328.15,78.14,0.12532098600244884,0.08716917100726386,1.5736931043099314,1.4554660301494617
Dimethyl Sulfoxide (DMSO),O=S(C)C,100.0,323.15,78.14,0.11012021407385707,0.07759783593829332,1.5328215677446217,1.415434198450341
Dimethyl Sulfoxide (DMSO),O=S(C)C,100.0,318.15,78.14,0.09639713943837934,0.06890704974575756,1.4892958168267578,1.3735896541811445
Dimethyl Sulfoxide (DMSO),O=S(C)C,100.0,308.15,78.14,0.0729754031014847,0.053876361231383785,1.3939151125734677,1.284105588092655
Dimethyl Sulfoxide (DMSO),O=S(C)C,100.0,303.15,78.14,0.06308280466714443,0.04740635917590661,1.3418897900296372,1.2362453994480485
Dimethyl Sulfoxide (DMSO),O=S(C)C,100.0,298.15,78.14,0.05427939162298725,0.041556521215499936,1.28686705122641,1.1861307944258193
Dimethyl Sulfoxide (DMSO),O=S(C)C,100.0,293.15,78.14,0.046477813501402794,0.03627641396559599,1.2287710578738689,1.1336096812223921
Dimethyl Sulfoxide (DMSO),O=S(C)C,100.0,288.15,78.14,0.0395945494186427,0.03152098971447328,1.1675286175348003,1.0785179011074453
Dimethyl Sulfoxide (DMSO),O=S(C)C,100.0,283.15,78.14,0.03354979234552572,0.02724958226348624,1.1030669003959954,1.0206767668787096
Dimethyl Sulfoxide (DMSO),O=S(C)C,100.0,278.15,78.14,0.028267889621095516,0.023425495134850344,1.035317105126981,0.9598967739366782
Ethanol,CCO,100.0,333.15,46.07,0.021199508622157425,0.024904867064970033,1.1244493620687537,1.1858088992372842
Ethanol,CCO,100.0,328.15,46.07,0.017523266398268487,0.020042087864200236,1.0504415981548583,1.102787790207684
Ethanol,CCO,100.0,323.15,46.07,0.014415492899114236,0.016109430871178283,0.9731517592600034,1.0173007709978363
Ethanol,CCO,100.0,318.15,46.07,0.011799795017377199,0.01292707950329386,0.8926074442292858,0.9294589695749824
Ethanol,CCO,100.0,313.15,46.07,0.009608322055069394,0.010350608841545947,0.8088253601784731,0.8392918002248121
Ethanol,CCO,100.0,308.15,46.07,0.007781044579690754,0.00826452781354861,0.7218084548350528,0.7467686601751963
Ethanol,CCO,100.0,298.15,46.07,0.005013958461702808,0.005212080034748628,0.5379999704968105,0.5543218133079137
Ethanol,CCO,100.0,293.15,46.07,0.003987154090968389,0.0041116381185662566,0.44112725003358416,0.45415759026918123
Ethanol,CCO,100.0,288.15,46.07,0.0031493487721926633,0.003226521360240088,0.34085512713306265,0.35116856125016166
Ethanol,CCO,100.0,283.15,46.07,0.0024699622495155623,0.002517126463086515,0.23709247250155804,0.2451842366667894
Ethanol,CCO,100.0,278.15,46.07,0.0019226282210821157,0.00195101823349722,0.12972690519002908,0.1360186605000566
Ethanol,CCO,100.0,303.15,46.07,0.00626506598910189,0.006576417821617647,0.631543725702523,0.6518144823059909
Ethyl 3-Hexenoate,CCC=CCC(=O)OCC,100.0,313.15,142.2,0.00975026336022922,0.010769772572787665,0.3449621976062253,0.3875850900872612
Ethyl 3-Hexenoate,CCC=CCC(=O)OCC,100.0,333.15,142.2,0.023659882553871664,0.026724887683475414,0.7222817891156806,0.7735116236611105
Ethyl 3-Hexenoate,CCC=CCC(=O)OCC,100.0,328.15,142.2,0.01917870476809089,0.021540973209473523,0.6335468323481269,0.6826952151850704
Ethyl 3-Hexenoate,CCC=CCC(=O)OCC,100.0,323.15,142.2,0.015429994588522254,0.017233369775193887,0.5411606017317516,0.5881693143428919
Ethyl 3-Hexenoate,CCC=CCC(=O)OCC,100.0,318.15,142.2,0.012316551833304564,0.013679584772329256,0.4450084227483129,0.4898364072525053
Ethyl 3-Hexenoate,CCC=CCC(=O)OCC,100.0,308.15,142.2,0.00765180223066076,0.008406089868175013,0.24087958847356908,0.28128896314326157
Ethyl 3-Hexenoate,CCC=CCC(=O)OCC,100.0,278.15,142.2,0.0014484703841081093,0.00154437659788762,-0.47849730363892484,-0.450707683301463
Ethyl 3-Hexenoate,CCC=CCC(=O)OCC,100.0,298.15,142.2,0.004582693469053955,0.004981559961956008,0.019953543653913882,0.05597458398693199
Ethyl 3-Hexenoate,CCC=CCC(=O)OCC,100.0,293.15,142.2,0.0034938052750950782,0.0037786265207490517,-0.09725780157194643,-0.06338237119772357
Ethyl 3-Hexenoate,CCC=CCC(=O)OCC,100.0,288.15,142.2,0.002635297944894121,0.002836109037990562,-0.21924462351843524,-0.18746424956954869
Ethyl 3-Hexenoate,CCC=CCC(=O)OCC,100.0,283.15,142.2,0.0019654326188752614,0.002105158780152788,-0.34623960862227804,-0.3164914872407914
Ethyl 3-Hexenoate,CCC=CCC(=O)OCC,100.0,303.15,142.2,0.005950243922319169,0.006502003411001807,0.1326016475560716,0.17080545629448296
Ethyl Acetate,CC(OCC)=O,100.0,313.15,88.11,0.02619875029619896,0.028160873875909747,0.9577833025850214,0.9869985508971693
Ethyl Acetate,CC(OCC)=O,100.0,333.15,88.11,0.057339948713621476,0.05899176269816799,1.2650283049820594,1.2756834244748099
Ethyl Acetate,CC(OCC)=O,100.0,328.15,88.11,0.04762456346739342,0.049663489103669696,1.1944105820963962,1.2104971379344038
Ethyl Acetate,CC(OCC)=O,100.0,323.15,88.11,0.039296983227508304,0.041467173485264526,1.119705170242094,1.140748745338223
Ethyl Acetate,CC(OCC)=O,100.0,318.15,88.11,0.032202867603711736,0.034326272036877076,1.040850599065365,1.066290829612241
Ethyl Acetate,CC(OCC)=O,100.0,308.15,88.11,0.021151983781366686,0.022888242133830707,0.8704340264562611,0.9027674840769366
Ethyl Acetate,CC(OCC)=O,100.0,303.15,88.11,0.01694062547372748,0.018423842668029506,0.7787243627740402,0.8135097592067291
Ethyl Acetate,CC(OCC)=O,100.0,298.15,88.11,0.013453257648189682,0.014682714426182965,0.682563395416826,0.7191488147448752
Ethyl Acetate,CC(OCC)=O,100.0,293.15,88.11,0.010588762565983604,0.011581014542851396,0.5818452300149093,0.619613179262837
Ethyl Acetate,CC(OCC)=O,100.0,288.15,88.11,0.008255991663138862,0.00903757370930368,0.4764456958978132,0.5148297407036723
Ethyl Acetate,CC(OCC)=O,100.0,283.15,88.11,0.006373412553497796,0.006975319646443506,0.3662204901797062,0.40471694594972
Ethyl Acetate,CC(OCC)=O,100.0,278.15,88.11,0.004868673739851499,0.005322462175113012,0.2510030552497499,0.28917830838697206
Ethyl Aceto Acetate (Keto),CC(CC(OCC)=O)=O,100.0,333.15,130.14,0.025769893397486376,0.027683930339474673,0.794417501402048,0.8243251270186084
Ethyl Aceto Acetate (Keto),CC(CC(OCC)=O)=O,100.0,328.15,130.14,0.02107330354712604,0.02249259847052261,0.7100147239183464,0.7374198704049562
Ethyl Aceto Acetate (Keto),CC(CC(OCC)=O)=O,100.0,323.15,130.14,0.017115018546516238,0.018159911134641743,0.6221846240851073,0.6472529623904797
Ethyl Aceto Acetate (Keto),CC(CC(OCC)=O)=O,100.0,318.15,130.14,0.013800959604883384,0.014564453113041194,0.5308420571237265,0.5537363528887659
Ethyl Aceto Acetate (Keto),CC(CC(OCC)=O)=O,100.0,313.15,130.14,0.011045468774408065,0.011598919531116999,0.43589215593641306,0.45676839440311073
Ethyl Aceto Acetate (Keto),CC(CC(OCC)=O)=O,100.0,308.15,130.14,0.008771023479996724,0.00916883574958762,0.33722908055156736,0.3562353889972678
Ethyl Aceto Acetate (Keto),CC(CC(OCC)=O)=O,100.0,298.15,130.14,0.005394021275131719,0.005593895967739796,0.1282844794353742,0.14395610276405602
Ethyl Aceto Acetate (Keto),CC(CC(OCC)=O)=O,100.0,293.15,130.14,0.004174122951077482,0.004313648042189741,0.01773199141399066,0.031920468199408594
Ethyl Aceto Acetate (Keto),CC(CC(OCC)=O)=O,100.0,288.15,130.14,0.003199786387135643,0.003296108094805153,-0.09707629975761568,-0.08425875208561427
Ethyl Aceto Acetate (Keto),CC(CC(OCC)=O)=O,100.0,283.15,130.14,0.002428761837334411,0.0024944719083906373,-0.21630843923730006,-0.204757720819958
Ethyl Aceto Acetate (Keto),CC(CC(OCC)=O)=O,100.0,278.15,130.14,0.0018245281612359221,0.0018687919396934564,-0.3401474818871322,-0.3297660721705153
Ethyl Aceto Acetate (Keto),CC(CC(OCC)=O)=O,100.0,303.15,130.14,0.006907946521993217,0.007191301289906098,0.23473628194388885,0.25201078106518443
Ethyl Methyl Carbonate,O=C(OC)OCC,100.0,313.15,104.1,0.010865596850869035,0.012341197696550489,0.5229311133206985,0.5768969707222148
Ethyl Methyl Carbonate,O=C(OC)OCC,100.0,333.15,104.1,0.026967014444248566,0.031420554250750056,0.9033301391973432,0.9658162818291249
Ethyl Methyl Carbonate,O=C(OC)OCC,100.0,328.15,104.1,0.02175612778955136,0.025195036123597365,0.814680831553003,0.8753717018180962
Ethyl Methyl Carbonate,O=C(OC)OCC,100.0,323.15,104.1,0.017411087671589665,0.02003552951051108,0.7218000636258154,0.7804303621175295
Ethyl Methyl Carbonate,O=C(OC)OCC,100.0,318.15,104.1,0.013815980374105205,0.015795527729407163,0.6245883512309365,0.6809579301632636
Ethyl Methyl Carbonate,O=C(OC)OCC,100.0,308.15,104.1,0.008465129646476492,0.009551971683261523,0.41669638612746224,0.4681650382061162
Ethyl Methyl Carbonate,O=C(OC)OCC,100.0,278.15,104.1,0.0015056673223267645,0.0016381826483611384,-0.3268098436077448,-0.290299262881763
Ethyl Methyl Carbonate,O=C(OC)OCC,100.0,298.15,104.1,0.004984489479902691,0.005552642271717339,0.1898716881896104,0.23622867601468356
Ethyl Methyl Carbonate,O=C(OC)OCC,100.0,293.15,104.1,0.0037630585428722165,0.004166028114765452,0.06891636906606105,0.11272631473360879
Ethyl Methyl Carbonate,O=C(OC)OCC,100.0,288.15,104.1,0.002807978920439922,0.003090009163707784,-0.05734953020260265,-0.016044015653357214
Ethyl Methyl Carbonate,O=C(OC)OCC,100.0,283.15,104.1,0.0020696284725849516,0.002264323747175039,-0.18916849453038104,-0.15030243293766124
Ethyl Methyl Carbonate,O=C(OC)OCC,100.0,303.15,104.1,0.006529819693884571,0.007320579084279312,0.30573379682084617,0.3546540253723499
Ethyl Methyl Mercaptopropionate,CCOC(=O)CCSC,100.0,313.15,148.2,0.010219657349911622,0.011203712270367788,0.34758006519663925,0.3869971496881578
Ethyl Methyl Mercaptopropionate,CCOC(=O)CCSC,100.0,333.15,148.2,0.025468246235163604,0.02842879288292697,0.7363288972681901,0.7825873589915595
Ethyl Methyl Mercaptopropionate,CCOC(=O)CCSC,100.0,328.15,148.2,0.02052366516632236,0.022813234381579457,0.6451031721394132,0.6898671653142444
Ethyl Methyl Mercaptopropionate,CCOC(=O)CCSC,100.0,323.15,148.2,0.016407176288853728,0.018156594490332745,0.5499899203810555,0.5930934402265002
Ethyl Methyl Mercaptopropionate,CCOC(=O)CCSC,100.0,318.15,148.2,0.013006407910155974,0.014326749846793966,0.4508625402842402,0.49217292859912876
Ethyl Methyl Mercaptopropionate,CCOC(=O)CCSC,100.0,308.15,148.2,0.00795554499370343,0.008679595470988132,0.23998595245812132,0.27744026598637134
Ethyl Methyl Mercaptopropionate,CCOC(=O)CCSC,100.0,303.15,148.2,0.006132601858600073,0.006658382275932292,0.12790695369262883,0.16335780010427012
Ethyl Methyl Mercaptopropionate,CCOC(=O)CCSC,100.0,298.15,148.2,0.0046787910324263835,0.005055485911959938,0.011151888007935718,0.044585116727279675
Ethyl Methyl Mercaptopropionate,CCOC(=O)CCSC,100.0,293.15,148.2,0.0035309764322580157,0.0037971579897422233,-0.11048908867395965,-0.07906395740162263
Ethyl Methyl Mercaptopropionate,CCOC(=O)CCSC,100.0,288.15,148.2,0.0026343290568572454,0.002819775768909532,-0.23724628227751685,-0.20779848233396245
Ethyl Methyl Mercaptopropionate,CCOC(=O)CCSC,100.0,283.15,148.2,0.0019417056569954615,0.002069042840607466,-0.3693713593976438,-0.34185176479472534
Ethyl Methyl Mercaptopropionate,CCOC(=O)CCSC,100.0,278.15,148.2,0.0014129920050820338,0.0014991348630463669,-0.5071388596732722,-0.48148287178662097
Ethyl Methyl Sulfide,CSCC,100.0,328.15,76.16,0.025673226603084208,0.03292185866625231,1.0068340025576668,1.1053877880927614
Ethyl Methyl Sulfide,CSCC,100.0,323.15,76.16,0.020292558108745414,0.02606588108423602,0.9118405884006571,1.0129087489358137
Ethyl Methyl Sulfide,CSCC,100.0,318.15,76.16,0.015897522804742374,0.02039282294324751,0.8117623368995329,0.913846817069063
Ethyl Methyl Sulfide,CSCC,100.0,313.15,76.16,0.012338596785145817,0.015764584391872397,0.7065598231324329,0.8082960129302822
Ethyl Methyl Sulfide,CSCC,100.0,308.15,76.16,0.009482927564169876,0.01204142230960401,0.5961768028705415,0.6963802246569707
Ethyl Methyl Sulfide,CSCC,100.0,333.15,76.16,0.03220645936335556,0.04109154135671322,1.0967700046649724,1.1912457976347735
Ethyl Methyl Sulfide,CSCC,100.0,298.15,76.16,0.005428022030694882,0.0067755028992517894,0.3595331690908455,0.45394497897117075
Ethyl Methyl Sulfide,CSCC,100.0,293.15,76.16,0.004038258476832717,0.004989979498000876,0.2330416897956308,0.3236058971003038
Ethyl Methyl Sulfide,CSCC,100.0,288.15,76.16,0.002968545956543371,0.0036291780716345458,0.10090293244461028,0.18723329291157276
Ethyl Methyl Sulfide,CSCC,100.0,283.15,76.16,0.002154846042109583,0.0026056883556161347,-0.037071248939347656,0.044795568674565016
Ethyl Methyl Sulfide,CSCC,100.0,278.15,76.16,0.0015435419748786449,0.0018460874808411307,-0.1811005615362694,-0.10379677694608663
Ethyl Methyl Sulfide,CSCC,100.0,303.15,76.16,0.007213460799651388,0.009087495820507697,0.48053520534647887,0.5782270485784363
Ethyl Tiglate.,C(/C)=C(/C)C(OCC)=O,100.0,333.15,128.2,0.04348273687584954,0.046303085831783,1.0164234091095976,1.0419421991340359
Ethyl Tiglate.,C(/C)=C(/C)C(OCC)=O,100.0,328.15,128.2,0.036001337722523334,0.038571025186881575,0.9391671246352622,0.9674750744492027
Ethyl Tiglate.,C(/C)=C(/C)C(OCC)=O,100.0,323.15,128.2,0.029614509616166507,0.03188738161679754,0.8584425820722444,0.8890971353090477
Ethyl Tiglate.,C(/C)=C(/C)C(OCC)=O,100.0,318.15,128.2,0.0241952135351094,0.02615383679597922,0.7741679842459653,0.8067055415249019
Ethyl Tiglate.,C(/C)=C(/C)C(OCC)=O,100.0,313.15,128.2,0.019626315025991683,0.021274818883039563,0.6862505613695499,0.7202025330113488
Ethyl Tiglate.,C(/C)=C(/C)C(OCC)=O,100.0,308.15,128.2,0.015800395971746293,0.017157954289559515,0.5945852897564325,0.6294921302753698
Ethyl Tiglate.,C(/C)=C(/C)C(OCC)=O,100.0,303.15,128.2,0.012619452061027412,0.013714755859435074,0.4990520195363932,0.5344773589260144
Ethyl Tiglate.,C(/C)=C(/C)C(OCC)=O,100.0,293.15,128.2,0.007846075154145355,0.008519087169239246,0.29582564961725993,0.33111907959633424
Ethyl Tiglate.,C(/C)=C(/C)C(OCC)=O,100.0,288.15,128.2,0.006102064143434173,0.006615308846632247,0.18781087203080263,0.22254225964064073
Ethyl Tiglate.,C(/C)=C(/C)C(OCC)=O,100.0,283.15,128.2,0.0046990751458569876,0.0050836234532643885,0.07528266433034535,0.10918685094159233
Ethyl Tiglate.,C(/C)=C(/C)C(OCC)=O,100.0,278.15,128.2,0.003581078633201454,0.003864254673180675,-0.04196841691364692,-0.009105976275895761
Ethyl Tiglate.,C(/C)=C(/C)C(OCC)=O,100.0,298.15,128.2,0.009994679629393766,0.010861333034357218,0.3995160780467933,0.43505647281691223
Ethylcyclopentane,CCC1CCCC1,100.0,313.15,98.2,0.0007291887919726305,0.0008287544201083264,-0.6156995231303138,-0.5602141370552112
Ethylcyclopentane,CCC1CCCC1,100.0,328.15,98.2,0.0020010730259176724,0.002380484377736298,-0.1785584780611882,-0.10353775010340428
Ethylcyclopentane,CCC1CCCC1,100.0,323.15,98.2,0.001449694676946321,0.0016950356331350896,-0.317989612365449,-0.25033447968183126
Ethylcyclopentane,CCC1CCCC1,100.0,318.15,98.2,0.001035750503572175,0.0011928858035837725,-0.46359367871784846,-0.40240842753795836
Ethylcyclopentane,CCC1CCCC1,100.0,308.15,98.2,0.0005054130568224383,0.0005677495511480069,-0.7746671192720003,-0.7242197257688884
Ethylcyclopentane,CCC1CCCC1,100.0,333.15,98.2,0.0027261477034142465,0.0033079640308628666,-0.045001132742343436,0.03842610169849534
Ethylcyclopentane,CCC1CCCC1,100.0,298.15,98.2,0.00023080380582865423,0.0002542538489906733,-1.1147931955652979,-1.0727923218015167
Ethylcyclopentane,CCC1CCCC1,100.0,293.15,98.2,0.0001517444691375221,0.00016579688992871485,-1.2968433907305088,-1.2583940846380754
Ethylcyclopentane,CCC1CCCC1,100.0,288.15,98.2,9.780434510689745e-05,0.00010607923623799424,-1.4875435898282068,-1.4522797196724346
Ethylcyclopentane,CCC1CCCC1,100.0,283.15,98.2,6.17198908039871e-05,6.650125826052079e-05,-1.6874401125837022,-1.6550402326510785
Ethylcyclopentane,CCC1CCCC1,100.0,278.15,98.2,3.808167485949451e-05,4.078844304563637e-05,-1.8971253234617251,-1.8673069727162677
Ethylcyclopentane,CCC1CCCC1,100.0,303.15,98.2,0.0003445576465195024,0.00038307126543725775,-0.94088920670262,-0.8949104302397081
Ethylene Glycol Diacetate,CC(OCCOC(C)=O)=O,100.0,328.15,146.14,0.023635267493234722,0.02542920030361019,0.7105912231274188,0.741428525643929
Ethylene Glycol Diacetate,CC(OCCOC(C)=O)=O,100.0,323.15,146.14,0.019106756909715705,0.02048291690046877,0.6205866289802894,0.6500701908022812
Ethylene Glycol Diacetate,CC(OCCOC(C)=O)=O,100.0,318.15,146.14,0.015327958515456135,0.016372153992881767,0.526870666264143,0.5549422768407782
Ethylene Glycol Diacetate,CC(OCCOC(C)=O)=O,100.0,313.15,146.14,0.012197906379199736,0.012981328400593021,0.4293241769821136,0.4559438149655596
Ethylene Glycol Diacetate,CC(OCCOC(C)=O)=O,100.0,308.15,146.14,0.009625260534066864,0.010206218294373463,0.32781434387663233,0.3529585418214653
Ethylene Glycol Diacetate,CC(OCCOC(C)=O)=O,100.0,333.15,146.14,0.02902438192083628,0.03133823295621578,0.7969912698937293,0.8291050877147695
Ethylene Glycol Diacetate,CC(OCCOC(C)=O)=O,100.0,298.15,146.14,0.005832894609543278,0.006140870303216145,0.11230298000827672,0.13448462625383517
Ethylene Glycol Diacetate,CC(OCCOC(C)=O)=O,100.0,293.15,146.14,0.004475249500672298,0.004695227687158163,-0.002039539178444587,0.01868241638748198
Ethylene Glycol Diacetate,CC(OCCOC(C)=O)=O,100.0,288.15,146.14,0.0033982301955265506,0.003553269970395792,-0.12102850421893709,-0.10173598397223195
Ethylene Glycol Diacetate,CC(OCCOC(C)=O)=O,100.0,283.15,146.14,0.002552411289323394,0.0026601925930224684,-0.24487815288260953,-0.2269734159856809
Ethylene Glycol Diacetate,CC(OCCOC(C)=O)=O,100.0,278.15,146.14,0.0018952032090048727,0.001969075325132926,-0.37382111325529743,-0.3572541366698802
Ethylene Glycol Diacetate,CC(OCCOC(C)=O)=O,100.0,303.15,146.14,0.007527982956394764,0.007953624239448827,0.22219477330041557,0.24585483840395855
Ethylene Glycol Sulfite,C1COS(=O)O1,100.0,333.15,108.12,0.00842730768647206,0.009233382241850588,0.39875069040110167,0.43772696800383415
Ethylene Glycol Sulfite,C1COS(=O)O1,100.0,328.15,108.12,0.006588295370750226,0.007106132064994549,0.2934262537830181,0.32583777699712435
Ethylene Glycol Sulfite,C1COS(=O)O1,100.0,323.15,108.12,0.005105004532582747,0.005434931214563646,0.18393712220335726,0.2108482683121198
Ethylene Glycol Sulfite,C1COS(=O)O1,100.0,318.15,108.12,0.00391884793554953,0.004127246845334893,0.07013198182437186,0.09245241985624301
Ethylene Glycol Sulfite,C1COS(=O)O1,100.0,313.15,108.12,0.0029788611604885454,0.0031093219845546817,-0.048156137932822037,-0.029654606947161297
Ethylene Glycol Sulfite,C1COS(=O)O1,100.0,308.15,108.12,0.0022410239548358306,0.0023219470089666278,-0.171115136807808,-0.15578009345242838
Ethylene Glycol Sulfite,C1COS(=O)O1,100.0,303.15,108.12,0.0016676633527822169,0.001717388160368976,-0.29895155348368535,-0.28623500681275726
Ethylene Glycol Sulfite,C1COS(=O)O1,100.0,293.15,108.12,0.0008916516995850169,0.0009098870185223405,-0.5701847536196546,-0.561408516453419
Ethylene Glycol Sulfite,C1COS(=O)O1,100.0,288.15,108.12,0.0006398215941305408,0.0006506991150215899,-0.7141002186685902,-0.7067884392532308
Ethylene Glycol Sulfite,C1COS(=O)O1,100.0,283.15,108.12,0.000452965206071044,0.0004593859670586159,-0.8639303021129425,-0.8578230562987814
Ethylene Glycol Sulfite,C1COS(=O)O1,100.0,278.15,108.12,0.00031614115703935025,0.0003198899440929436,-1.019994004784655,-1.0148777462660512
Ethylene Glycol Sulfite,C1COS(=O)O1,100.0,298.15,108.12,0.0012268223127251555,0.0012570836065489352,-0.4318921371825158,-0.4213361574361375
Farnesene,CC(=CCC/C(=C/C\C=C(/C)\C=C)/C)C,100.0,313.15,204.3,0.0018192845010617598,0.0019917096957344387,-0.5365326941012278,-0.4972521329667473
Farnesene,CC(=CCC/C(=C/C\C=C(/C)\C=C)/C)C,100.0,333.15,204.3,0.005892861481929906,0.006673403066541373,-0.02716559345197531,0.026653002210233347
Farnesene,CC(=CCC/C(=C/C\C=C(/C)\C=C)/C)C,100.0,328.15,204.3,0.004473031113550224,0.00501585080882465,-0.14652125927680104,-0.09691954375582608
Farnesene,CC(=CCC/C(=C/C\C=C(/C)\C=C)/C)C,100.0,323.15,204.3,0.0033560170806785417,0.003730115332645003,-0.2710087718038102,-0.22520790121117154
Farnesene,CC(=CCC/C(=C/C\C=C(/C)\C=C)/C)C,100.0,318.15,204.3,0.002487117241634061,0.0027424329740944665,-0.4009107677170898,-0.3585373964921412
Farnesene,CC(=CCC/C(=C/C\C=C(/C)\C=C)/C)C,100.0,308.15,204.3,0.0013124929015556302,0.0014276265198960643,-0.6782044809056674,-0.6417167990944241
Farnesene,CC(=CCC/C(=C/C\C=C(/C)\C=C)/C)C,100.0,303.15,204.3,0.0009330830387616323,0.0010090292561637931,-0.8262823986292092,-0.7923187037869063
Farnesene,CC(=CCC/C(=C/C\C=C(/C)\C=C)/C)C,100.0,298.15,204.3,0.0006530984815876224,0.0007025425342995045,-0.9811511325582039,-0.9494700560128435
Farnesene,CC(=CCC/C(=C/C\C=C(/C)\C=C)/C)C,100.0,293.15,204.3,0.0004496252790331973,0.0004813650783606969,-1.1432261093632077,-1.1136105137277095
Farnesene,CC(=CCC/C(=C/C\C=C(/C)\C=C)/C)C,100.0,288.15,204.3,0.00030414650576399425,0.00032421475508048194,-1.312956117083351,-1.2852113984288764
Farnesene,CC(=CCC/C(=C/C\C=C(/C)\C=C)/C)C,100.0,283.15,204.3,0.000201923126871635,0.00021440856791893676,-1.4908262656329871,-1.4647734438295628
Farnesene,CC(=CCC/C(=C/C\C=C(/C)\C=C)/C)C,100.0,278.15,204.3,0.00013141236649102285,0.00013904565709286728,-1.6773577296666642,-1.6528385249896267
Furfural Diethyl Acetal,CCOC(C1=CC=CO1)OCC,100.0,328.15,170.2,0.01611914528610784,0.01797998633576766,0.484296488709587,0.5310116518606537
Furfural Diethyl Acetal,CCOC(C1=CC=CO1)OCC,100.0,323.15,170.2,0.01287206641492354,0.014256224582493893,0.3878833416311465,0.4316932486304328
Furfural Diethyl Acetal,CCOC(C1=CC=CO1)OCC,100.0,318.15,170.2,0.010198927589736626,0.011218348457629004,0.2878466582959038,0.3288176468294814
Furfural Diethyl Acetal,CCOC(C1=CC=CO1)OCC,100.0,313.15,170.2,0.008015077742314353,0.008758156563075175,0.18406539590885027,0.22227566941458243
Furfural Diethyl Acetal,CCOC(C1=CC=CO1)OCC,100.0,308.15,170.2,0.006245208418231631,0.006781051018786221,0.07640729824200809,0.11194450389281496
Furfural Diethyl Acetal,CCOC(C1=CC=CO1)OCC,100.0,333.15,170.2,0.0200345713941481,0.02251255965023497,0.5771953648122873,0.6268688892296401
Furfural Diethyl Acetal,CCOC(C1=CC=CO1)OCC,100.0,298.15,170.2,0.003689674373804986,0.0039589610664468936,-0.1511349443230261,-0.12064899450783001
Furfural Diethyl Acetal,CCOC(C1=CC=CO1)OCC,100.0,293.15,170.2,0.002795204577924895,0.002982697100741629,-0.27135298030183463,-0.24323215851438287
Furfural Diethyl Acetal,CCOC(C1=CC=CO1)OCC,100.0,288.15,170.2,0.002095895139944803,0.0022247984853407217,-0.39611818216129935,-0.3702484656603904
Furfural Diethyl Acetal,CCOC(C1=CC=CO1)OCC,100.0,283.15,170.2,0.001554648534366916,0.0016421156148653236,-0.5256395683992888,-0.5019029635944431
Furfural Diethyl Acetal,CCOC(C1=CC=CO1)OCC,100.0,278.15,170.2,0.001140145270738834,0.0011986938258987854,-0.6601461518980595,-0.6384214469975042
Furfural Diethyl Acetal,CCOC(C1=CC=CO1)OCC,100.0,303.15,170.2,0.004822819888809452,0.0052049088457484126,-0.03527302771392797,-0.0023129406918079953
Furfuryl Butyrate,CCCC(=O)OCC1=CC=CO1,100.0,333.15,168.2,0.026693512002650844,0.029295151952285676,0.7040911250312719,0.7434430445579607
Furfuryl Butyrate,CCCC(=O)OCC1=CC=CO1,100.0,328.15,168.2,0.021665089000178963,0.02368516979907953,0.6154594117247453,0.653365415888069
Furfuryl Butyrate,CCCC(=O)OCC1=CC=CO1,100.0,323.15,168.2,0.01745535636764678,0.0190058815089056,0.5233205616570935,0.5596555610120203
Furfuryl Butyrate,CCCC(=O)OCC1=CC=CO1,100.0,318.15,168.2,0.013955822962622027,0.015131916137476002,0.42755964103546096,0.4622229529484001
Furfuryl Butyrate,CCCC(=O)OCC1=CC=CO1,100.0,313.15,168.2,0.011068184191567274,0.011949468809544108,0.32804943405002374,0.36096459361295874
Furfuryl Butyrate,CCCC(=O)OCC1=CC=CO1,100.0,308.15,168.2,0.008703964225020082,0.009356127661827482,0.22464949704920767,0.255763694788693
Furfuryl Butyrate,CCCC(=O)OCC1=CC=CO1,100.0,303.15,168.2,0.006784101240515852,0.007260544226305724,0.11720531641899364,0.1464883235578766
Furfuryl Butyrate,CCCC(=O)OCC1=CC=CO1,100.0,293.15,168.2,0.004005375403592144,0.0042496892271583694,-0.11051148562138306,-0.0848972131179687
Furfuryl Butyrate,CCCC(=O)OCC1=CC=CO1,100.0,288.15,168.2,0.0030309858662685807,0.0032023451107333913,-0.23117305076826164,-0.2073588047993627
Furfuryl Butyrate,CCCC(=O)OCC1=CC=CO1,100.0,283.15,168.2,0.002268748240355144,0.0023872268491565707,-0.3566592534840323,-0.33460028635322503
Furfuryl Butyrate,CCCC(=O)OCC1=CC=CO1,100.0,278.15,168.2,0.001678778001779837,0.0017594956811894547,-0.4872111107226276,-0.46684918039295387
Furfuryl Butyrate,CCCC(=O)OCC1=CC=CO1,100.0,298.15,168.2,0.0052384701432086735,0.005581971235016597,0.005546927630445518,0.032990079042309196
Furfuryl Mercaptan,C1=COC(=C1)CS,100.0,313.15,114.2,0.005049799767939673,0.00589766343277723,0.15585259413844973,0.22257977225547293
Furfuryl Mercaptan,C1=COC(=C1)CS,100.0,328.15,114.2,0.011809882298441838,0.014359096377312279,0.5194423408629321,0.6023116577832772
Furfuryl Mercaptan,C1=COC(=C1)CS,100.0,323.15,114.2,0.009002229689305856,0.010793835218615672,0.403773926754029,0.48117717868449034
Furfuryl Mercaptan,C1=COC(=C1)CS,100.0,318.15,114.2,0.006783530020707779,0.008024853156151743,0.28264760309776604,0.35463888624185347
Furfuryl Mercaptan,C1=COC(=C1)CS,100.0,308.15,114.2,0.0037110689157087793,0.004281878161336471,0.02315116861207466,0.08482831930069447
Furfuryl Mercaptan,C1=COC(=C1)CS,100.0,333.15,114.2,0.015325434606674928,0.018900644962038814,0.6298369971047408,0.7180992354056487
Furfuryl Mercaptan,C1=COC(=C1)CS,100.0,298.15,114.2,0.0019223285588677492,0.00216973304989306,-0.26108143930479516,-0.20870203989546932
Furfuryl Mercaptan,C1=COC(=C1)CS,100.0,293.15,114.2,0.0013527216677686727,0.0015118347830669707,-0.41324143862108204,-0.36507386549399395
Furfuryl Mercaptan,C1=COC(=C1)CS,100.0,288.15,114.2,0.0009365743281083286,0.0010372339622599118,-0.5725718634382486,-0.5283186263392603
Furfuryl Mercaptan,C1=COC(=C1)CS,100.0,283.15,114.2,0.0006373868994848421,0.0006999752637364121,-0.739469417225963,-0.6988404020363466
Furfuryl Mercaptan,C1=COC(=C1)CS,100.0,278.15,114.2,0.00042592588096493914,0.00046414065308235527,-0.9143677060373809,-0.8770830014533727
Furfuryl Mercaptan,C1=COC(=C1)CS,100.0,303.15,114.2,0.002690294518882955,0.0030689573726879055,-0.11572753661892224,-0.05884105320891566
Furfuryl Methyl Sulfide,CSCC1=CC=CO1,100.0,328.15,128.2,0.013131437064714327,0.015969731481164273,0.5159860254569774,0.599103731805968
Furfuryl Methyl Sulfide,CSCC1=CC=CO1,100.0,323.15,128.2,0.010114984008499885,0.012162374457658392,0.4046326954498112,0.4833316443771308
Furfuryl Methyl Sulfide,CSCC1=CC=CO1,100.0,318.15,128.2,0.00770833055464929,0.009164341185217044,0.2882250942476886,0.36239897372647084
Furfuryl Methyl Sulfide,CSCC1=CC=CO1,100.0,313.15,128.2,0.005808225971829206,0.006829046013193431,0.1665735099835673,0.23620984277559687
Furfuryl Methyl Sulfide,CSCC1=CC=CO1,100.0,308.15,128.2,0.004324595924799544,0.005030108719771071,0.03946602876108894,0.10462657576834199
Furfuryl Methyl Sulfide,CSCC1=CC=CO1,100.0,333.15,128.2,0.01687492600837711,0.020753591525805245,0.6224540454550695,0.7097695766991386
Furfuryl Methyl Sulfide,CSCC1=CC=CO1,100.0,298.15,128.2,0.002307005512451624,0.0026294841305764425,-0.23208027203758635,-0.17547450383487126
Furfuryl Methyl Sulfide,CSCC1=CC=CO1,100.0,293.15,128.2,0.001650543897316907,0.001863660659679027,-0.3770614738393007,-0.3244647219400693
Furfuryl Methyl Sulfide,CSCC1=CC=CO1,100.0,288.15,128.2,0.0011635290194099142,0.0013021604518247208,-0.528584357622065,-0.4797901764392088
Furfuryl Methyl Sulfide,CSCC1=CC=CO1,100.0,283.15,128.2,0.0008074933078959975,0.0008962030186332954,-0.6869834512787458,-0.6417755904852319
Furfuryl Methyl Sulfide,CSCC1=CC=CO1,100.0,278.15,128.2,0.0005512264662398611,0.000607028095286111,-0.8526200734882139,-0.8107788552466472
Furfuryl Methyl Sulfide,CSCC1=CC=CO1,100.0,303.15,128.2,0.0031796640959640557,0.0036602116773087833,-0.09333234605796505,-0.03252901980451635
Furfuryl Propionate,CCC(=O)OCC1=CC=CO1,100.0,333.15,154.2,0.02196304944475627,0.024560910028554043,0.6573681979018253,0.7046890566942607
Furfuryl Propionate,CCC(=O)OCC1=CC=CO1,100.0,328.15,154.2,0.017620999485365777,0.019574867091886543,0.563771331664532,0.6085090701794649
Furfuryl Propionate,CCC(=O)OCC1=CC=CO1,100.0,323.15,154.2,0.014023814617572464,0.015477340413581323,0.4663253751218288,0.5084603615407445
Furfuryl Propionate,CCC(=O)OCC1=CC=CO1,100.0,318.15,154.2,0.011066884091896946,0.01213607841254968,0.36490224645218017,0.40444210955933657
Furfuryl Propionate,CCC(=O)OCC1=CC=CO1,100.0,313.15,154.2,0.00865612751439,0.00943351783224729,0.2593597789694613,0.2963356503134257
Furfuryl Propionate,CCC(=O)OCC1=CC=CO1,100.0,308.15,154.2,0.006707575943763296,0.007266042064678244,0.14954098887941683,0.18400389397692807
Furfuryl Propionate,CCC(=O)OCC1=CC=CO1,100.0,303.15,154.2,0.005146876681027107,0.005543104210243187,0.03527292203246971,0.06729071328201751
Furfuryl Propionate,CCC(=O)OCC1=CC=CO1,100.0,293.15,154.2,0.0029363812370841423,0.003128168797845522,-0.20738855646584706,-0.1800037435482504
Furfuryl Propionate,CCC(=O)OCC1=CC=CO1,100.0,288.15,154.2,0.002180810323171801,0.0023115273368855774,-0.3362168132834569,-0.310999065374914
Furfuryl Propionate,CCC(=O)OCC1=CC=CO1,100.0,283.15,154.2,0.0016002456161803298,0.0016880675536040197,-0.4703664024967992,-0.44720584449846973
Furfuryl Propionate,CCC(=O)OCC1=CC=CO1,100.0,278.15,154.2,0.001159398302890198,0.0012175291867103219,-0.6101063906900921,-0.5888878941866954
Furfuryl Propionate,CCC(=O)OCC1=CC=CO1,100.0,298.15,154.2,0.0039087475759436085,0.004186263105675763,-0.08363430609501885,-0.05397972290116809
Furfuryl Thiopropionate,CCC(=O)SCC1=CC=CO1,100.0,313.15,170.2,0.007959506260683183,0.008783092873261655,0.1810658321321349,0.22350055414654982
Furfuryl Thiopropionate,CCC(=O)SCC1=CC=CO1,100.0,328.15,170.2,0.016557056289773154,0.01864559769036755,0.49576518848280143,0.5465370054576878
Furfuryl Thiopropionate,CCC(=O)SCC1=CC=CO1,100.0,323.15,170.2,0.013086929978734495,0.014637735730407322,0.3949879933068131,0.4430121546404726
Furfuryl Thiopropionate,CCC(=O)SCC1=CC=CO1,100.0,318.15,170.2,0.010253411887508859,0.011390738226701773,0.2901389823060464,0.3353724074714241
Furfuryl Thiopropionate,CCC(=O)SCC1=CC=CO1,100.0,308.15,170.2,0.006119153934056105,0.006707858505591141,0.06760183208354285,0.10726045552677464
Furfuryl Thiopropionate,CCC(=O)SCC1=CC=CO1,100.0,333.15,170.2,0.02077224268900901,0.023550950389072036,0.5926093249689444,0.6460460775744639
Furfuryl Thiopropionate,CCC(=O)SCC1=CC=CO1,100.0,298.15,170.2,0.003505962532975345,0.00379487126827479,-0.17324253675518034,-0.13896783301872517
Furfuryl Thiopropionate,CCC(=O)SCC1=CC=CO1,100.0,278.15,170.2,0.0010006670631546692,0.0010592034130598716,-0.7167610501865127,-0.6920946554108465
Furfuryl Thiopropionate,CCC(=O)SCC1=CC=CO1,100.0,283.15,170.2,0.0013953260313813924,0.0014845824350420784,-0.5725325078183775,-0.5456395099964356
Furfuryl Thiopropionate,CCC(=O)SCC1=CC=CO1,100.0,303.15,170.2,0.004656643563574971,0.005071886180210825,-0.05043495144493741,-0.013503658542773501
Furfuryl Thiopropionate,CCC(=O)SCC1=CC=CO1,100.0,293.15,170.2,0.002610097813501662,0.002808295181601051,-0.3010360033173606,-0.26932904251913975
Furfuryl Thiopropionate,CCC(=O)SCC1=CC=CO1,100.0,288.15,170.2,0.0019203004020572013,0.0020543068137868783,-0.4340485141830384,-0.40480583733018793
Furfuryl Valerate,CCCCC(=O)OCC1=CC=CO1,100.0,333.15,182.2,0.02145415586520287,0.02383952378903193,0.5779383097067606,0.6229166940474703
Furfuryl Valerate,CCCCC(=O)OCC1=CC=CO1,100.0,328.15,182.2,0.01724504408926242,0.019048472501094833,0.4845201986688754,0.5271031974768804
Furfuryl Valerate,CCCCC(=O)OCC1=CC=CO1,100.0,323.15,182.2,0.013752589332440342,0.015101919178692491,0.38742964734565677,0.4276174419472676
Furfuryl Valerate,CCCCC(=O)OCC1=CC=CO1,100.0,318.15,182.2,0.0108768483498876,0.01187554123022083,0.28652997089128024,0.3243391224070405
Furfuryl Valerate,CCCCC(=O)OCC1=CC=CO1,100.0,308.15,182.2,0.0066253579276461015,0.007154027536263029,0.07269170095407379,0.1058517119959966
Furfuryl Valerate,CCCCC(=O)OCC1=CC=CO1,100.0,313.15,182.2,0.008527883427208562,0.009258773819884722,0.18167169565234426,0.21713373031250624
Furfuryl Valerate,CCCCC(=O)OCC1=CC=CO1,100.0,298.15,182.2,0.003883433545737581,0.004149986758189704,-0.15836050066294588,-0.12962126123880702
Furfuryl Valerate,CCCCC(=O)OCC1=CC=CO1,100.0,293.15,182.2,0.002926922257995707,0.003112548059357218,-0.2808363530439339,-0.2541953100413869
Furfuryl Valerate,CCCCC(=O)OCC1=CC=CO1,100.0,288.15,182.2,0.0021814609218322144,0.002308982074984154,-0.4082436485684157,-0.3836144053542653
Furfuryl Valerate,CCCCC(=O)OCC1=CC=CO1,100.0,283.15,182.2,0.0016068056866086306,0.001693181882492246,-0.5408299292691444,-0.5181194130829078
Furfuryl Valerate,CCCCC(=O)OCC1=CC=CO1,100.0,278.15,182.2,0.0011689045614057428,0.0012265613362118656,-0.6788634495414576,-0.657973088694057
Furfuryl Valerate,CCCCC(=O)OCC1=CC=CO1,100.0,303.15,182.2,0.005098068998754366,0.005475840969029432,-0.040587889299854386,-0.009672452299429058
Geraniol,C/C(C)=C\CC/C(C)=C/CO,100.0,333.15,154.2,0.0335766837101045,0.03379319220741022,0.8362372807902214,0.8389272639744134
Geraniol,C/C(C)=C\CC/C(C)=C/CO,100.0,328.15,154.2,0.028046404847588326,0.028178596140393867,0.760675715171287,0.7626555621281366
Geraniol,C/C(C)=C\CC/C(C)=C/CO,100.0,323.15,154.2,0.023308123832919695,0.02338513358201721,0.6825450970959006,0.6839411488928422
Geraniol,C/C(C)=C\CC/C(C)=C/CO,100.0,318.15,154.2,0.019268026793716694,0.01930999288231426,0.6017934929691815,0.6027183935633799
Geraniol,C/C(C)=C\CC/C(C)=C/CO,100.0,313.15,154.2,0.0158405478537546,0.015861071995389234,0.5183606849707793,0.518913219280686
Geraniol,C/C(C)=C\CC/C(C)=C/CO,100.0,308.15,154.2,0.012948037565418359,0.012956066992612933,0.4321783993332612,0.4324437856787202
Geraniol,C/C(C)=C\CC/C(C)=C/CO,100.0,303.15,154.2,0.010520333512784922,0.010521572206467987,0.34316893889322964,0.3432194757284337
Geraniol,C/C(C)=C\CC/C(C)=C/CO,100.0,293.15,154.2,0.006813730877184054,0.006810422875360942,0.15630914454543146,0.1560998435787737
Geraniol,C/C(C)=C\CC/C(C)=C/CO,100.0,288.15,154.2,0.00542824695444148,0.005424789240218413,0.05825276696016295,0.05797771045547446
Geraniol,C/C(C)=C\CC/C(C)=C/CO,100.0,283.15,154.2,0.0042935256096053665,0.004290448082589507,-0.04304408720379382,-0.04335400475329969
Geraniol,C/C(C)=C\CC/C(C)=C/CO,100.0,278.15,154.2,0.0033705214771335753,0.0033680192956087583,-0.14771422287809638,-0.14803553884853388
Geraniol,C/C(C)=C\CC/C(C)=C/CO,100.0,298.15,154.2,0.008494366779342653,0.008492312794505701,0.25124503900518375,0.251141000687771
Glycerol Triacetate,CC(OCC(OC(C)=O)COC(C)=O)=O,100.0,333.15,218.21,0.024205273615334852,0.02560305692519657,0.554142978284729,0.5782263555568199
Glycerol Triacetate,CC(OCC(OC(C)=O)COC(C)=O)=O,100.0,328.15,218.21,0.019706131461291142,0.020756350407585736,0.46579638883917585,0.4881212526964146
Glycerol Triacetate,CC(OCC(OC(C)=O)COC(C)=O)=O,100.0,323.15,218.21,0.015925032792422286,0.016708754990514888,0.3740854949065833,0.39478120415086154
Glycerol Triacetate,CC(OCC(OC(C)=O)COC(C)=O)=O,100.0,318.15,218.21,0.012769796349416048,0.013350293990964632,0.27886633738784317,0.29804852450814984
Glycerol Triacetate,CC(OCC(OC(C)=O)COC(C)=O)=O,100.0,313.15,218.21,0.010156375407591206,0.01058287214346603,0.1799828289809131,0.19775591398434786
Glycerol Triacetate,CC(OCC(OC(C)=O)COC(C)=O)=O,100.0,308.15,218.21,0.008008680386534343,0.008319289311468723,0.07726720673900112,0.09372560215653825
Glycerol Triacetate,CC(OCC(OC(C)=O)COC(C)=O)=O,100.0,298.15,218.21,0.004844126068096184,0.00500414286510052,-0.14039644250831293,-0.12631668457749107
Glycerol Triacetate,CC(OCC(OC(C)=O)COC(C)=O)=O,100.0,293.15,218.21,0.003712109019809396,0.0038251475880744213,-0.25574697801455987,-0.2427438928444967
Glycerol Triacetate,CC(OCC(OC(C)=O)COC(C)=O)=O,100.0,288.15,218.21,0.0028147305967548635,0.002893669432439749,-0.3757372017873782,-0.36374215858306885
Glycerol Triacetate,CC(OCC(OC(C)=O)COC(C)=O)=O,100.0,283.15,218.21,0.002110639274339151,0.002165099168680953,-0.5006080091632373,-0.48955599068946326
Glycerol Triacetate,CC(OCC(OC(C)=O)COC(C)=O)=O,100.0,278.15,218.21,0.0015641766715458812,0.0016012714403721385,-0.6306182033075534,-0.620447062102326
Glycerol Triacetate,CC(OCC(OC(C)=O)COC(C)=O)=O,100.0,303.15,218.21,0.006258289830739736,0.00648236662077801,-0.029461053788039895,-0.014231420075514077
Grape Butyrate,CCOC(=O)CC(C)O,100.0,313.15,132.2,0.034242374990229224,0.03342747904360803,0.9062820485144708,0.8963180802969274
Grape Butyrate,CCOC(=O)CC(C)O,100.0,333.15,132.2,0.06681455626716212,0.06328896998196416,1.1772027820940494,1.1557168162059521
Grape Butyrate,CCOC(=O)CC(C)O,100.0,328.15,132.2,0.056930895742159565,0.05439533305987023,1.113471400408273,1.095183361848203
Grape Butyrate,CCOC(=O)CC(C)O,100.0,323.15,132.2,0.04828866509146252,0.046505116371504465,1.0470968902542326,1.0318183657486184
Grape Butyrate,CCOC(=O)CC(C)O,100.0,318.15,132.2,0.040764261921034904,0.039540907394986724,0.9780461138813042,0.9655516631111039
Grape Butyrate,CCOC(=O)CC(C)O,100.0,308.15,132.2,0.028615799105029642,0.0280917377082179,0.8317623458261075,0.8240567068514955
Grape Butyrate,CCOC(=O)CC(C)O,100.0,303.15,132.2,0.023785299508427272,0.02346283479991466,0.7544387956786527,0.7487098933206463
Grape Butyrate,CCOC(=O)CC(C)O,100.0,298.15,132.2,0.019659378785845862,0.019472373481496035,0.6742561430633162,0.6702214581563263
Grape Butyrate,CCOC(=O)CC(C)O,100.0,293.15,132.2,0.016154031240651824,0.016054748507186713,0.5911508651908114,0.5885354602030827
Grape Butyrate,CCOC(=O)CC(C)O,100.0,288.15,132.2,0.013192514433727612,0.01314747543119358,0.5050509440623079,0.503593982084955
Grape Butyrate,CCOC(=O)CC(C)O,100.0,283.15,132.2,0.010705034129323889,0.010691532317526266,0.4158743085721622,0.41533470395151606
Grape Butyrate,CCOC(=O)CC(C)O,100.0,278.15,132.2,0.00862846343178152,0.008631693282475582,0.32352874785574054,0.32368924566882257
Hexanal,CCCCCC=O,100.0,328.15,100.16,0.050472227429833094,0.050762283189185534,1.169696765932575,1.1719296728382915
Hexanal,CCCCCC=O,100.0,323.15,100.16,0.04204658918585647,0.04278111138965216,1.0978712525987204,1.104733875598184
Hexanal,CCCCCC=O,100.0,318.15,100.16,0.03481149646444652,0.03578429769050402,1.0224050450249444,1.0334895015734493
Hexanal,CCCCCC=O,100.0,313.15,100.16,0.02863470301755819,0.029696556879960475,0.9432390572944652,0.9580734965659946
Hexanal,CCCCCC=O,100.0,308.15,100.16,0.023393576778357652,0.024442309212110457,0.8603076529584961,0.8783754868476822
Hexanal,CCCCCC=O,100.0,333.15,100.16,0.060230353418103635,0.05980286040685718,1.237936699728574,1.235213146524333
Hexanal,CCCCCC=O,100.0,298.15,100.16,0.015275067098340386,0.01613252592973371,0.6828387479838068,0.7057442028687714
Hexanal,CCCCCC=O,100.0,293.15,100.16,0.012199105796456238,0.012928330253685298,0.5881155396134607,0.6126331109516512
Hexanal,CCCCCC=O,100.0,288.15,100.16,0.009661177521708034,0.01026200032589834,0.4892516789439768,0.5148761702886299
Hexanal,CCCCCC=O,100.0,283.15,100.16,0.0075838674299398634,0.008065339733789837,0.3861148579937757,0.4123818332929303
Hexanal,CCCCCC=O,100.0,278.15,100.16,0.0058979044662391435,0.00627418475017712,0.27855392786172684,0.30504871304195424
Hexanal,CCCCCC=O,100.0,303.15,100.16,0.018974980119850042,0.019945969404049427,0.7735363208674938,0.7942961046765662
Hexenyl Isobutyrate,CC\C=C/CCOC(=O)C(C)C,100.0,333.15,170.2,0.022151919473281573,0.02477399291508637,0.6199966016844057,0.667555500305449
Hexenyl Isobutyrate,CC\C=C/CCOC(=O)C(C)C,100.0,328.15,170.2,0.017983526429862243,0.02000165264241704,0.5310957602928159,0.5764941075817452
Hexenyl Isobutyrate,CC\C=C/CCOC(=O)C(C)C,100.0,323.15,170.2,0.014494546418296249,0.01603454829851693,0.4387993495945745,0.48204452483028576
Hexenyl Isobutyrate,CC\C=C/CCOC(=O)C(C)C,100.0,318.15,170.2,0.011594357574104028,0.012758858950906365,0.3429867027391294,0.38409162130167523
Hexenyl Isobutyrate,CC\C=C/CCOC(=O)C(C)C,100.0,313.15,170.2,0.009201042789433293,0.010073181746132328,0.243524469591673,0.28250860873442096
Hexenyl Isobutyrate,CC\C=C/CCOC(=O)C(C)C,100.0,308.15,170.2,0.0072410370282717865,0.007887648377252818,0.14026560862621185,0.17715575505535017
Hexenyl Isobutyrate,CC\C=C/CCOC(=O)C(C)C,100.0,303.15,170.2,0.005648731000843488,0.006123085064199929,0.033048335901073686,0.06787918420529844
Hexenyl Isobutyrate,CC\C=C/CCOC(=O)C(C)C,100.0,293.15,170.2,0.0033419151820264377,0.0035887518861506306,-0.1939890296744394,-0.16313935213804828
Hexenyl Isobutyrate,CC\C=C/CCOC(=O)C(C)C,100.0,288.15,170.2,0.002531889899031886,0.002706818577317058,-0.3142167885402662,-0.2852721971340669
Hexenyl Isobutyrate,CC\C=C/CCOC(=O)C(C)C,100.0,283.15,170.2,0.0018975256179147488,0.002019965949381023,-0.4392209533252056,-0.41211339696973215
Hexenyl Isobutyrate,CC\C=C/CCOC(=O)C(C)C,100.0,278.15,170.2,0.0014059081065259395,0.0014905143103632382,-0.5692554928865061,-0.5439100452123786
Hexenyl Isobutyrate,CC\C=C/CCOC(=O)C(C)C,100.0,298.15,170.2,0.004366035916082298,0.004710194221964354,-0.07830498506666023,-0.0454904421041029
Hexyl Isovalerate,O=C(OCCCCCC)CC(C)C,100.0,318.15,186.3,0.01370085707231821,0.014779193953274768,0.37637849163335224,0.4089320228675223
Hexyl Isovalerate,O=C(OCCCCCC)CC(C)C,100.0,333.15,186.3,0.025140895125194768,0.027422881752258998,0.6363181117447119,0.6733174768356458
Hexyl Isovalerate,O=C(OCCCCCC)CC(C)C,100.0,328.15,186.3,0.020668187317244284,0.022458898788457353,0.5526800268096957,0.5881888930416058
Hexyl Isovalerate,O=C(OCCCCCC)CC(C)C,100.0,323.15,186.3,0.016883748205360673,0.018278833290946754,0.4660688783791482,0.5000974706755459
Hexyl Isovalerate,O=C(OCCCCCC)CC(C)C,100.0,313.15,186.3,0.011040728906537208,0.011867178859573262,0.2834918360124323,0.3145731728598253
Hexyl Isovalerate,O=C(OCCCCCC)CC(C)C,100.0,308.15,186.3,0.008832183165794134,0.009459853257426029,0.18728023750293263,0.21689237023921618
Hexyl Isovalerate,O=C(OCCCCCC)CC(C)C,100.0,298.15,186.3,0.005520957249011421,0.005872483584338717,-0.01569461260176712,0.01099815634170849
Hexyl Isovalerate,O=C(OCCCCCC)CC(C)C,100.0,293.15,186.3,0.004310546028748836,0.004569513621356164,-0.12278167518892023,-0.09752853378762524
Hexyl Isovalerate,O=C(OCCCCCC)CC(C)C,100.0,288.15,186.3,0.0033354482872214298,0.003524121066639049,-0.23384125197312977,-0.2100062889383047
Hexyl Isovalerate,O=C(OCCCCCC)CC(C)C,100.0,283.15,186.3,0.002556631195689646,0.002692513338824262,-0.34907282519829963,-0.3266274690653265
Hexyl Isovalerate,O=C(OCCCCCC)CC(C)C,100.0,278.15,186.3,0.0019402000764228917,0.0020369004781518266,-0.46869280664242036,-0.4476011429814231
Hexyl Isovalerate,O=C(OCCCCCC)CC(C)C,100.0,303.15,186.3,0.007011282513103061,0.007483409318235769,0.08760257456627589,0.11575079227741415
Hexyl Propanoate,O=C(OCCCCCC)CC,100.0,333.15,158.2,0.0258819764340795,0.028685390017347625,0.7162811015358036,0.7596833945731741
Hexyl Propanoate,O=C(OCCCCCC)CC,100.0,328.15,158.2,0.021185053981278748,0.023386250455229345,0.6314342450489385,0.6733699745544374
Hexyl Propanoate,O=C(OCCCCCC)CC,100.0,318.15,158.2,0.013898329257680517,0.015220311341722153,0.4516783968386018,0.4905367430448583
Hexyl Propanoate,O=C(OCCCCCC)CC,100.0,313.15,158.2,0.011131462277587477,0.012141452285455618,0.3565319427727679,0.39378856481742924
Hexyl Propanoate,O=C(OCCCCCC)CC,100.0,308.15,158.2,0.008844344269733904,0.009608115747228075,0.2576929179669645,0.2933153982349015
Hexyl Propanoate,O=C(OCCCCCC)CC,100.0,323.15,158.2,0.01722138922961912,0.01893504645382729,0.5432708333991055,0.5836907702690577
Hexyl Propanoate,O=C(OCCCCCC)CC,100.0,298.15,158.2,0.005441496025772068,0.005864201927604491,0.0483088723065847,0.08060497379270479
Hexyl Propanoate,O=C(OCCCCCC)CC,100.0,293.15,158.2,0.004209703770947309,0.004518771302237291,-0.06259062899467809,-0.031964208279160376
Hexyl Propanoate,O=C(OCCCCCC)CC,100.0,288.15,158.2,0.0032247355555204307,0.003447986885717553,-0.17789391708680108,-0.1489253946413383
Hexyl Propanoate,O=C(OCCCCCC)CC,100.0,283.15,158.2,0.0024445796543801036,0.0026038283201964053,-0.2978237841399062,-0.27048914918435074
Hexyl Propanoate,O=C(OCCCCCC)CC,100.0,278.15,158.2,0.0018328286788181429,0.0019449583002576752,-0.4226235699815157,-0.39688694770722455
Hexyl Propanoate,O=C(OCCCCCC)CC,100.0,303.15,158.2,0.006968184901746021,0.007539586361265556,0.15500816129836323,0.1889735429948884
Isoamyl Acetate,CC(OCCC(C)C)=O,100.0,333.15,130.19,0.03831452492275582,0.04146604404034937,0.9586631207644088,0.9910425711219069
Isoamyl Acetate,CC(OCCC(C)C)=O,100.0,328.15,130.19,0.03166934495290054,0.034350634192911525,0.8800787554370901,0.9136992180117528
Isoamyl Acetate,CC(OCCC(C)C)=O,100.0,323.15,130.19,0.026004711362649053,0.02824906758589126,0.7980522538310996,0.8325901359192918
Isoamyl Acetate,CC(OCCC(C)C)=O,100.0,318.15,130.19,0.021205850666094952,0.0230546257540192,0.712495278177065,0.7476242124144081
Isoamyl Acetate,CC(OCCC(C)C)=O,100.0,313.15,130.19,0.017166998559392833,0.018666012523061264,0.6233085495114843,0.6587083908849771
Isoamyl Acetate,CC(OCCC(C)C)=O,100.0,308.15,130.19,0.013791170425232287,0.014987719292880874,0.5303790257528322,0.5657452945335117
Isoamyl Acetate,CC(OCCC(C)C)=O,100.0,293.15,130.19,0.006799842737687084,0.007354348861067537,0.22779240473903237,0.26147789342221767
Isoamyl Acetate,CC(OCCC(C)C)=O,100.0,298.15,130.19,0.008683583093502117,0.009411286244434873,0.3327711810605481,0.3672503125798533
Isoamyl Acetate,CC(OCCC(C)C)=O,100.0,288.15,130.19,0.005274518612179594,0.0056905893731441755,0.11846782876421667,0.15117157674684023
Isoamyl Acetate,CC(OCCC(C)C)=O,100.0,283.15,130.19,0.004050604952830002,0.00435802666647886,0.004602075215584059,0.036171694860994925
Isoamyl Acetate,CC(OCCC(C)C)=O,100.0,278.15,130.19,0.003077960258953546,0.0033016227768181304,-0.11402023665253813,-0.08370179607801156
Isoamyl Acetate,CC(OCCC(C)C)=O,100.0,303.15,130.19,0.010990034164371769,0.01193041187994746,0.4335805381966853,0.46863060714201765
Isoamyl Isobutyrate,CC(C)CCOC(=O)C(C)C,100.0,318.15,158.2,0.01481245119211406,0.01627814698795373,0.4789259632165683,0.5192365848068126
Isoamyl Isobutyrate,CC(C)CCOC(=O)C(C)C,100.0,323.15,158.2,0.01832522814943292,0.020203362562986917,0.5697505741453802,0.6112729453846559
Isoamyl Isobutyrate,CC(C)CCOC(=O)C(C)C,100.0,313.15,158.2,0.011883056171400466,0.013015099860018278,0.3845641768052546,0.42356637085858556
Isoamyl Isobutyrate,CC(C)CCOC(=O)C(C)C,100.0,333.15,158.2,0.027459909816454655,0.030455696337188014,0.7412725359193153,0.7848967337910264
Isoamyl Isobutyrate,CC(C)CCOC(=O)C(C)C,100.0,328.15,158.2,0.02250901568443691,0.024892077406596373,0.6571622586313425,0.699790958464353
Isoamyl Isobutyrate,CC(C)CCOC(=O)C(C)C,100.0,308.15,158.2,0.009457601550693483,0.010322525200277727,0.2865271573250154,0.32413589945463184
Isoamyl Isobutyrate,CC(C)CCOC(=O)C(C)C,100.0,303.15,158.2,0.007464512572993842,0.008117937837626694,0.18466195269398958,0.2208062409952883
Isoamyl Isobutyrate,CC(C)CCOC(=O)C(C)C,100.0,298.15,158.2,0.005839723576651651,0.006327633289472917,0.07879960848086733,0.11342422221843115
Isoamyl Isobutyrate,CC(C)CCOC(=O)C(C)C,100.0,293.15,158.2,0.004526286645900474,0.00488623631641311,-0.031245978428817524,0.0018206458429051381
Isoamyl Isobutyrate,CC(C)CCOC(=O)C(C)C,100.0,288.15,158.2,0.00347395118571802,0.0037362194970446045,-0.14567926301063047,-0.11419153145517762
Isoamyl Isobutyrate,CC(C)CCOC(=O)C(C)C,100.0,283.15,158.2,0.0026387197600650685,0.0028273894388930747,-0.26472433236359744,-0.23481905167464825
Isoamyl Isobutyrate,CC(C)CCOC(=O)C(C)C,100.0,278.15,158.2,0.001982386109805622,0.0021163435427787665,-0.3886262853421959,-0.3602902376340116
Isobutyl Isopentanoate,CC(C)CC(OCC(C)C)=O,100.0,333.15,158.2,0.023882276934621326,0.026711343864429752,0.6822611395999775,0.7296059555538409
Isobutyl Isopentanoate,CC(C)CC(OCC(C)C)=O,100.0,328.15,158.2,0.019461284122199565,0.02166085738297854,0.5953571778429025,0.6408649806581567
Isobutyl Isopentanoate,CC(C)CC(OCC(C)C)=O,100.0,323.15,158.2,0.015747274014900732,0.017442453924132878,0.5050786208599097,0.5487097605903142
Isobutyl Isopentanoate,CC(C)CC(OCC(C)C)=O,100.0,318.15,158.2,0.01264804613517842,0.013942370950582426,0.411309923905567,0.45303234530545267
Isobutyl Isopentanoate,CC(C)CC(OCC(C)C)=O,100.0,313.15,158.2,0.010080018738731752,0.011058590487312156,0.31392233585032003,0.3537128378691708
Isobutyl Isopentanoate,CC(C)CC(OCC(C)C)=O,100.0,308.15,158.2,0.007967891950434276,0.008700127606341103,0.21277282155959,0.2506190406283922
Isobutyl Isopentanoate,CC(C)CC(OCC(C)C)=O,100.0,298.15,158.2,0.00484925057604098,0.005245940635730538,-0.0014621630084388597,0.03250393756105445
Isobutyl Isopentanoate,CC(C)CC(OCC(C)C)=O,100.0,293.15,158.2,0.003729974330715738,0.004016916175730461,-0.11491519140407444,-0.08286054458233132
Isobutyl Isopentanoate,CC(C)CC(OCC(C)C)=O,100.0,288.15,158.2,0.0028401604138107352,0.0030452019714486485,-0.2328677070757474,-0.20268909163697207
Isobutyl Isopentanoate,CC(C)CC(OCC(C)C)=O,100.0,283.15,158.2,0.0021396145652899465,0.0022842948778924363,-0.35555160717947765,-0.3272018018568535
Isobutyl Isopentanoate,CC(C)CC(OCC(C)C)=O,100.0,278.15,158.2,0.0015937289908897253,0.0016944959060523521,-0.4832204915290262,-0.456641003789717
Isobutyl Isopentanoate,CC(C)CC(OCC(C)C)=O,100.0,303.15,158.2,0.006244270571385154,0.006786277481040146,0.10770296505558219,0.14360370057183408
Isobutyl Mercaptan,CC(CS)C,100.0,313.15,90.2,0.005709220077498651,0.007220548878936838,0.30922271775957516,0.4095230355280775
Isobutyl Mercaptan,CC(CS)C,100.0,333.15,90.2,0.016605050119297592,0.022344348454863296,0.7608249703269298,0.8835315276212912
Isobutyl Mercaptan,CC(CS)C,100.0,328.15,90.2,0.012916672471684378,0.017117646092679968,0.6557808919574512,0.773469570771779
Isobutyl Mercaptan,CC(CS)C,100.0,323.15,90.2,0.009946505388781085,0.012976842622233753,0.5455861036779405,0.6577329836285714
Isobutyl Mercaptan,CC(CS)C,100.0,318.15,90.2,0.007578155629392875,0.009733212356853465,0.43011668769829225,0.5364086653717696
Isobutyl Mercaptan,CC(CS)C,100.0,308.15,90.2,0.004250549339777076,0.005295781679601073,0.18273139710515915,0.2770403247559543
Isobutyl Mercaptan,CC(CS)C,100.0,278.15,90.2,0.0005427097330764547,0.0006267875804520489,-0.7069481583570179,-0.644491027456103
Isobutyl Mercaptan,CC(CS)C,100.0,298.15,90.2,0.002267784779345033,0.0027470028330853773,-0.08787205544723055,-0.0051571786346520584
Isobutyl Mercaptan,CC(CS)C,100.0,293.15,90.2,0.0016228353852151371,0.0019403207518283892,-0.23246837742190604,-0.15522933877424464
Isobutyl Mercaptan,CC(CS)C,100.0,288.15,90.2,0.0011443740721943704,0.001351544708546365,-0.3836317080424549,-0.3116045555511755
Isobutyl Mercaptan,CC(CS)C,100.0,283.15,90.2,0.0007945574262473858,0.0009276285891114196,-0.5416768994784704,-0.474579328829222
Isobutyl Mercaptan,CC(CS)C,100.0,303.15,90.2,0.0031252616254250514,0.0038380721322524196,0.05044244579097098,0.1388644603368302
Isodihydrolavandulal,CC(C)CC=C(C=O)C(C)C,100.0,313.15,154.2,0.021034437119373174,0.02204557768774155,0.6390473098812536,0.6589578838448708
Isodihydrolavandulal,CC(C)CC=C(C=O)C(C)C,100.0,333.15,154.2,0.04440935145129943,0.04585102154147866,0.9526275767948108,0.9658349678773828
Isodihydrolavandulal,CC(C)CC=C(C=O)C(C)C,100.0,328.15,154.2,0.03715630087454618,0.03854607923526424,0.8785579130450649,0.8938574450240243
Isodihydrolavandulal,CC(C)CC=C(C=O)C(C)C,100.0,323.15,154.2,0.030917448865131793,0.03220580528751067,0.8016509372965556,0.8187764598887898
Isodihydrolavandulal,CC(C)CC=C(C=O)C(C)C,100.0,318.15,154.2,0.025578560832792512,0.026735512548982585,0.7218394592570198,0.7405053909527104
Isodihydrolavandulal,CC(C)CC=C(C=O)C(C)C,100.0,308.15,154.2,0.0171886329789158,0.01805140154416701,0.5531883192340732,0.5740465664363169
Isodihydrolavandulal,CC(C)CC=C(C=O)C(C)C,100.0,303.15,154.2,0.013953160980350822,0.014673479401142948,0.4641656380868803,0.4856814632488309
Isodihydrolavandulal,CC(C)CC=C(C=O)C(C)C,100.0,298.15,154.2,0.011248148480966128,0.011837533539005348,0.371870886887186,0.3937681809046487
Isodihydrolavandulal,CC(C)CC=C(C=O)C(C)C,100.0,293.15,154.2,0.0090014726951769,0.00947466018338247,0.27618344754506124,0.2982058253286996
Isodihydrolavandulal,CC(C)CC=C(C=O)C(C)C,100.0,288.15,154.2,0.007148370298557889,0.007521468252782205,0.1769697788663454,0.1988854509903085
Isodihydrolavandulal,CC(C)CC=C(C=O)C(C)C,100.0,283.15,154.2,0.0056310264314834565,0.005920137534887769,0.07408275602408902,0.09568733124239655
Isodihydrolavandulal,CC(C)CC=C(C=O)C(C)C,100.0,278.15,154.2,0.004398147403450549,0.004618434601692369,-0.03263898234215561,-0.011520524623497268
Isopropyl 2-Methyl Butyrate,CCC(C)C(=O)OC(C)C,100.0,328.15,144.2,0.022572555647759947,0.02522681914632526,0.6966831991303064,0.7435479865989851
Isopropyl 2-Methyl Butyrate,CCC(C)C(=O)OC(C)C,100.0,323.15,144.2,0.018353884805817334,0.020445544369738264,0.6090921553079329,0.6548399925870196
Isopropyl 2-Methyl Butyrate,CCC(C)C(=O)OC(C)C,100.0,318.15,144.2,0.014817127074600688,0.01644844404754415,0.5180333819009497,0.5625143824043879
Isopropyl 2-Methyl Butyrate,CCC(C)C(=O)OC(C)C,100.0,313.15,144.2,0.011872192245332659,0.013130813241815663,0.4233931115833972,0.4664723554827949
Isopropyl 2-Methyl Butyrate,CCC(C)C(=O)OC(C)C,100.0,308.15,144.2,0.009437572800805084,0.01039782102381182,0.3250437338054383,0.3666041656970179
Isopropyl 2-Methyl Butyrate,CCC(C)C(=O)OC(C)C,100.0,333.15,144.2,0.027572126804485123,0.03090718416287491,0.7809075574273138,0.8287279253614379
Isopropyl 2-Methyl Butyrate,CCC(C)C(=O)OC(C)C,100.0,298.15,144.2,0.005813988080422294,0.006353631683819986,0.11663148931916173,0.15488484982390172
Isopropyl 2-Methyl Butyrate,CCC(C)C(=O)OC(C)C,100.0,293.15,144.2,0.004501527821010306,0.004898757850607034,0.006234467379402408,0.042743315173215654
Isopropyl 2-Methyl Butyrate,CCC(C)C(=O)OC(C)C,100.0,288.15,144.2,0.0034515066885203245,0.003740245659557472,-0.10854212772748967,-0.07380880765705766
Isopropyl 2-Methyl Butyrate,CCC(C)C(=O)OC(C)C,100.0,283.15,144.2,0.0026192896906996168,0.002826477104129481,-0.2279113419278475,-0.19496296642231756
Isopropyl 2-Methyl Butyrate,CCC(C)C(=O)OC(C)C,100.0,278.15,144.2,0.0019662106610349645,0.0021129293891372827,-0.3521066715338474,-0.3209322225394937
Isopropyl 2-Methyl Butyrate,CCC(C)C(=O)OC(C)C,100.0,303.15,144.2,0.007439987769074728,0.008164155193971616,0.22284270719180027,0.26278733787836317
Isovaleraldehyde Propylene Glycol Acetal,CC1COC(O1)CC(C)C,100.0,333.15,144.2,0.03172888623002079,0.03514056427308075,0.8396886130030081,0.8822422971247005
Isovaleraldehyde Propylene Glycol Acetal,CC1COC(O1)CC(C)C,100.0,328.15,144.2,0.026098969448509746,0.028872885025170558,0.7578442633011699,0.8002367351113856
Isovaleraldehyde Propylene Glycol Acetal,CC1COC(O1)CC(C)C,100.0,323.15,144.2,0.02133213373074969,0.02356063226630823,0.6728005498950778,0.7147613843616214
Isovaleraldehyde Propylene Glycol Acetal,CC1COC(O1)CC(C)C,100.0,318.15,144.2,0.017320287733663318,0.019088879579750827,0.584475182660987,0.6257497030091224
Isovaleraldehyde Propylene Glycol Acetal,CC1COC(O1)CC(C)C,100.0,313.15,144.2,0.013965100665431808,0.015351378321291565,0.49277367873156475,0.5331284177615455
Isovaleraldehyde Propylene Glycol Acetal,CC1COC(O1)CC(C)C,100.0,308.15,144.2,0.01117762249911853,0.012250618668460281,0.39758815121024943,0.43681520732503226
Isovaleraldehyde Propylene Glycol Acetal,CC1COC(O1)CC(C)C,100.0,303.15,144.2,0.008877862257099004,0.0096978250501332,0.2987961363629747,0.3367163375263099
Isovaleraldehyde Propylene Glycol Acetal,CC1COC(O1)CC(C)C,100.0,293.15,144.2,0.005463541772589926,0.0059240446423234495,0.08982300104685323,0.12471558969868282
Isovaleraldehyde Propylene Glycol Acetal,CC1COC(O1)CC(C)C,100.0,288.15,144.2,0.004229513274936704,0.00456783199289406,-0.0206862917776238,0.012548391310877816
Isovaleraldehyde Propylene Glycol Acetal,CC1COC(O1)CC(C)C,100.0,283.15,144.2,0.003243216823013716,0.00348844349708508,-0.13546078588331573,-0.1039393806010796
Isovaleraldehyde Propylene Glycol Acetal,CC1COC(O1)CC(C)C,100.0,278.15,144.2,0.002462041036486362,0.002637379738259229,-0.25471337788554926,-0.22493212676412705
Isovaleraldehyde Propylene Glycol Acetal,CC1COC(O1)CC(C)C,100.0,298.15,144.2,0.006994329082492698,0.007612862948373874,0.19625944242929064,0.2327243123827976
Laevo-Carvone,CC1=CCC(CC1=O)C(=C)C,100.0,313.15,150.2,0.04538192191206717,0.042960809311860644,0.9719428796814605,0.9493078291468864
Laevo-Carvone,CC1=CCC(CC1=O)C(=C)C,100.0,328.15,150.2,0.07552209900559886,0.06784505458317938,1.1787621015760528,1.135822045146596
Laevo-Carvone,CC1=CCC(CC1=O)C(=C)C,100.0,323.15,150.2,0.06405495292169558,0.058630179918115956,1.1126528207014696,1.0768053079406994
Laevo-Carvone,CC1=CCC(CC1=O)C(=C)C,100.0,318.15,150.2,0.054057520327307894,0.05035283085552812,1.043730297103721,1.0146805807632775
Laevo-Carvone,CC1=CCC(CC1=O)C(=C)C,100.0,308.15,150.2,0.037890128497162806,0.036401493165370204,0.8972334768388559,0.8805550064546008
Laevo-Carvone,CC1=CCC(CC1=O)C(=C)C,100.0,333.15,150.2,0.08861682456396397,0.078050039536208,1.2421053963706599,1.1918771045386987
Laevo-Carvone,CC1=CCC(CC1=O)C(=C)C,100.0,298.15,150.2,0.02595402800984646,0.025565386115844274,0.7387873277435972,0.7324275539714097
Laevo-Carvone,CC1=CCC(CC1=O)C(=C)C,100.0,293.15,150.2,0.02128121434876719,0.021177778281466626,0.6549008299979726,0.6528363579827013
Laevo-Carvone,CC1=CCC(CC1=O)C(=C)C,100.0,288.15,150.2,0.017334703876735486,0.017401598006233553,0.5677915406811096,0.5694307671650217
Laevo-Carvone,CC1=CCC(CC1=O)C(=C)C,100.0,283.15,150.2,0.014022524467033696,0.014179654512875431,0.47736218640387856,0.4821226940345879
Laevo-Carvone,CC1=CCC(CC1=O)C(=C)C,100.0,278.15,150.2,0.01126109318930283,0.011455148933225884,0.3835061022263593,0.3908284943494608
Laevo-Carvone,CC1=CCC(CC1=O)C(=C)C,100.0,303.15,150.2,0.03145378892132291,0.030621290837708034,0.819538569872806,0.8082992715268249
Laevo-Fenchone,CC1([C@H]2CC[C@](C2)(C1=O)C)C,100.0,328.15,152.2,0.06966256438809693,0.06408397986983719,1.141500120979887,1.1078317123498325
Laevo-Fenchone,CC1([C@H]2CC[C@](C2)(C1=O)C)C,100.0,323.15,152.2,0.05853508929083498,0.05504748553943789,1.0710816684769116,1.0460343339901577
Laevo-Fenchone,CC1([C@H]2CC[C@](C2)(C1=O)C)C,100.0,318.15,152.2,0.04891030135396235,0.04695196444059173,0.9975830636005865,0.9807614082778053
Laevo-Fenchone,CC1([C@H]2CC[C@](C2)(C1=O)C)C,100.0,313.15,152.2,0.040628469320717044,0.03974656820652482,0.9209381870736566,0.9118274194129175
Laevo-Fenchone,CC1([C@H]2CC[C@](C2)(C1=O)C)C,100.0,308.15,152.2,0.03354115489292351,0.033379818314408415,0.8410730229195299,0.8390563961897722
Laevo-Fenchone,CC1([C@H]2CC[C@](C2)(C1=O)C)C,100.0,333.15,152.2,0.08246393123767783,0.07411273159533732,1.208898049982853,1.1663450496730674
Laevo-Fenchone,CC1([C@H]2CC[C@](C2)(C1=O)C)C,100.0,298.15,152.2,0.022411478189343935,0.022948472259192564,0.671338688632806,0.6813611835752309
Laevo-Fenchone,CC1([C@H]2CC[C@](C2)(C1=O)C)C,100.0,293.15,152.2,0.01812659654126411,0.018772009274799818,0.5812709603252453,0.5961505290082323
Laevo-Fenchone,CC1([C@H]2CC[C@](C2)(C1=O)C)C,100.0,288.15,152.2,0.01455057084461768,0.01521068986385259,0.4875837616084236,0.5065292457790638
Laevo-Fenchone,CC1([C@H]2CC[C@](C2)(C1=O)C)C,100.0,283.15,152.2,0.011587452975538984,0.01220477468972897,0.39014633409964977,0.41238466531104606
Laevo-Fenchone,CC1([C@H]2CC[C@](C2)(C1=O)C)C,100.0,278.15,152.2,0.009150735827395992,0.009694394134842611,0.2888142338063437,0.31361089750822285
Laevo-Fenchone,CC1([C@H]2CC[C@](C2)(C1=O)C)C,100.0,303.15,152.2,0.02751100063571063,0.02779875759146751,0.757904375893924,0.7622844044771498
Leaf Acetal,CC\C=C\CCOC(C)OCC,100.0,333.15,172.3,0.022549294744904323,0.024636980444507905,0.6224614630748113,0.6601197168296434
Leaf Acetal,CC\C=C\CCOC(C)OCC,100.0,328.15,172.3,0.01860306864658595,0.020204178922080505,0.5404222132820192,0.5756658978296388
Leaf Acetal,CC\C=C\CCOC(C)OCC,100.0,323.15,172.3,0.015259545157184338,0.016481060565888557,0.4556619680683849,0.4886364565843882
Leaf Acetal,CC\C=C\CCOC(C)OCC,100.0,318.15,172.3,0.012442175058220699,0.01336868085792974,0.3681005300213366,0.39893605265373167
Leaf Acetal,CC\C=C\CCOC(C)OCC,100.0,313.15,172.3,0.01008166213249974,0.010779928010995731,0.2776465386614574,0.3064608212138995
Leaf Acetal,CC\C=C\CCOC(C)OCC,100.0,308.15,172.3,0.008115652124700513,0.00863824855510342,0.18419734444978025,0.21109759530063826
Leaf Acetal,CC\C=C\CCOC(C)OCC,100.0,303.15,172.3,0.006488352638446039,0.006876534730298424,0.08763804232959471,0.11272294956538423
Leaf Acetal,CC\C=C\CCOC(C)OCC,100.0,293.15,172.3,0.004057103663281777,0.004266017689941355,-0.11533783510294993,-0.09361235264417837
Leaf Acetal,CC\C=C\CCOC(C)OCC,100.0,288.15,172.3,0.003170699580109857,0.003321902164349142,-0.22205472426396114,-0.20188170101592812
Leaf Acetal,CC\C=C\CCOC(C)OCC,100.0,283.15,172.3,0.0024572427333666297,0.0025656189484212647,-0.33248458315148016,-0.3137826035371884
Leaf Acetal,CC\C=C\CCOC(C)OCC,100.0,278.15,172.3,0.0018875203294029044,0.0019644117529817647,-0.4468195414198358,-0.42950855138974564
Leaf Acetal,CC\C=C\CCOC(C)OCC,100.0,298.15,172.3,0.0051501321210164755,0.005436142894320301,-0.012159530105601805,0.011202094600215554
Linalool,CC(=CCCC(C)(C=C)O)C,100.0,313.15,154.2,0.01419663175430508,0.014277329760846214,0.4715618177660346,0.47398487314658455
Linalool,CC(=CCCC(C)(C=C)O)C,100.0,333.15,154.2,0.03113513959281153,0.03153607866460839,0.804595820458941,0.8099643736999802
Linalool,CC(=CCCC(C)(C=C)O)C,100.0,328.15,154.2,0.02581684831579088,0.02609066984672677,0.7257539674278525,0.7302066074601808
Linalool,CC(=CCCC(C)(C=C)O)C,100.0,323.15,154.2,0.021282500356205058,0.021467165259032184,0.644021253171488,0.6476856223515846
Linalool,CC(=CCCC(C)(C=C)O)C,100.0,318.15,154.2,0.01743778633962491,0.017560700455633765,0.5593195042774923,0.5623113777055484
Linalool,CC(=CCCC(C)(C=C)O)C,100.0,308.15,154.2,0.011480843709136592,0.011533068839259397,0.3806519421042676,0.38259795397734825
Linalool,CC(=CCCC(C)(C=C)O)C,100.0,303.15,154.2,0.009219742496099595,0.00925303375117146,0.286483625056379,0.28803296012852686
Linalool,CC(=CCCC(C)(C=C)O)C,100.0,298.15,154.2,0.007349780581531229,0.007370666701485493,0.1889399791070032,0.19016230688086616
Linalool,CC(=CCCC(C)(C=C)O)C,100.0,293.15,154.2,0.005814147682762045,0.005827032157511667,0.08789278710290137,0.08884791948679274
Linalool,CC(=CCCC(C)(C=C)O)C,100.0,288.15,154.2,0.004562364429470296,0.004570172059828185,-0.016798229836123817,-0.016059428114912348
Linalool,CC(=CCCC(C)(C=C)O)C,100.0,283.15,154.2,0.003549866034131567,0.0035545083084585955,-0.12528621395890494,-0.12472089209930941
Linalool,CC(=CCCC(C)(C=C)O)C,100.0,278.15,154.2,0.0027375786113084557,0.002740283590960579,-0.23773805121350178,-0.23731045122591377
Linalyl Acetate,O=C(C)OC(C=C)(C)CC/C=C(C)\C,100.0,328.15,196.3,0.019132121823403077,0.020961103379415535,0.4976616648823034,0.536791472528517
Linalyl Acetate,O=C(C)OC(C=C)(C)CC/C=C(C)\C,100.0,323.15,196.3,0.015462606976055929,0.01686165029954575,0.40622881590884596,0.4434464803846352
Linalyl Acetate,O=C(C)OC(C=C)(C)CC/C=C(C)\C,100.0,318.15,196.3,0.012409547745999656,0.013469597126569265,0.31157556879248105,0.34687072906746413
Linalyl Acetate,O=C(C)OC(C=C)(C)CC/C=C(C)\C,100.0,313.15,196.3,0.0098865809606226,0.010681848757935897,0.21358891995640875,0.24696113338796585
Linalyl Acetate,O=C(C)OC(C=C)(C)CC/C=C(C)\C,100.0,308.15,196.3,0.007816416207217207,0.008406909553788807,0.11214475822577039,0.1436038589886636
Linalyl Acetate,O=C(C)OC(C=C)(C)CC/C=C(C)\C,100.0,333.15,196.3,0.023513970306283844,0.02588339918429925,0.5859768660096337,0.6269990625972097
Linalyl Acetate,O=C(C)OC(C=C)(C)CC/C=C(C)\C,100.0,298.15,196.3,0.0047677403499758126,0.005082851085686512,-0.10167364607355901,-0.07396955089521723
Linalyl Acetate,O=C(C)OC(C=C)(C)CC/C=C(C)\C,100.0,293.15,196.3,0.0036754591844198967,0.003901752138531863,-0.21436011035559735,-0.18847721836160714
Linalyl Acetate,O=C(C)OC(C=C)(C)CC/C=C(C)\C,100.0,288.15,196.3,0.0028073123870400217,0.002967896650123722,-0.33113082342490846,-0.30701907366197323
Linalyl Acetate,O=C(C)OC(C=C)(C)CC/C=C(C)\C,100.0,283.15,196.3,0.0021234591625787806,0.0022360226464031496,-0.4521805040101434,-0.4297806765883212
Linalyl Acetate,O=C(C)OC(C=C)(C)CC/C=C(C)\C,100.0,278.15,196.3,0.001589823575012828,0.001667733084632319,-0.5777215804852617,-0.5569664418089856
Linalyl Acetate,O=C(C)OC(C=C)(C)CC/C=C(C)\C,100.0,303.15,196.3,0.006130348874096359,0.0065641157976093845,0.007106898657924754,0.036673212553701845
Linalyl Formate,CC(=CCCC(C)(C=C)OC=O)C,100.0,333.15,182.3,0.020186863068648864,0.02269329547023634,0.5516956665313703,0.6016758770504134
Linalyl Formate,CC(=CCCC(C)(C=C)OC=O)C,100.0,328.15,182.3,0.01618915801859625,0.018081077043336627,0.4572079028152799,0.5045652963496496
Linalyl Formate,CC(=CCCC(C)(C=C)OC=O)C,100.0,323.15,182.3,0.012882989321799434,0.014296087101774518,0.3591256043653274,0.4038448117539691
Linalyl Formate,CC(=CCCC(C)(C=C)OC=O)C,100.0,318.15,182.3,0.010169335091107378,0.011213361015962663,0.25732734281056224,0.2994141615774445
Linalyl Formate,CC(=CCCC(C)(C=C)OC=O)C,100.0,313.15,182.3,0.00795958618370624,0.008722292186093349,0.15168064293378544,0.19115991652750236
Linalyl Formate,CC(=CCCC(C)(C=C)OC=O)C,100.0,308.15,182.3,0.006175042065303145,0.006725773627747933,0.042041053212361235,0.07895473156019814
Linalyl Formate,CC(=CCCC(C)(C=C)OC=O)C,100.0,303.15,182.3,0.004746357041978244,0.005139257718153271,-0.07174869937653428,-0.037343451415355014
Linalyl Formate,CC(=CCCC(C)(C=C)OC=O)C,100.0,293.15,182.3,0.0027223062726563644,0.0029148381340794102,-0.31247731461597555,-0.2828659950051511
Linalyl Formate,CC(=CCCC(C)(C=C)OC=O)C,100.0,288.15,182.3,0.0020294204916615575,0.002161548904382297,-0.43980415137200635,-0.4124565420437578
Linalyl Formate,CC(=CCCC(C)(C=C)OC=O)C,100.0,283.15,182.3,0.0014960072846014459,0.0015854357573401806,-0.5720590912995043,-0.5468749025350551
Linalyl Formate,CC(=CCCC(C)(C=C)OC=O)C,100.0,278.15,182.3,0.001089865268068718,0.0011495321822095905,-0.7094802990657436,-0.686352502041116
Linalyl Formate,CC(=CCCC(C)(C=C)OC=O)C,100.0,298.15,182.3,0.003612938105023873,0.003889760927140005,-0.18985964534178856,-0.1578922823634671
Linalyl Propionate,CCC(=O)OC(C)(CCC=C(C)C)C=C,100.0,313.15,210.3,0.00892511456498062,0.009606882594537864,0.1399408159115225,0.17174628531503613
Linalyl Propionate,CCC(=O)OC(C)(CCC=C(C)C)C=C,100.0,328.15,210.3,0.017237779449477537,0.018836153762991956,0.42382246925800876,0.4619525690775737
Linalyl Propionate,CCC(=O)OC(C)(CCC=C(C)C)C=C,100.0,323.15,210.3,0.013937951652133934,0.015151228838327094,0.33232733410113824,0.36828662391547656
Linalyl Propionate,CCC(=O)OC(C)(CCC=C(C)C)C=C,100.0,318.15,210.3,0.0111931621759141,0.01210661355146654,0.2377370824543673,0.2715885740066689
Linalyl Propionate,CCC(=O)OC(C)(CCC=C(C)C)C=C,100.0,308.15,210.3,0.00706385582966832,0.0075680881762860775,0.03881473853177494,0.06863825265318699
Linalyl Propionate,CCC(=O)OC(C)(CCC=C(C)C)C=C,100.0,333.15,210.3,0.021179812259385394,0.02326934406643539,0.5123246823626973,0.552690034388175
Linalyl Propionate,CCC(=O)OC(C)(CCC=C(C)C)C=C,100.0,298.15,210.3,0.004321148268249928,0.004589015458467258,-0.17397002381915583,-0.1479139688847239
Linalyl Propionate,CCC(=O)OC(C)(CCC=C(C)C)C=C,100.0,293.15,210.3,0.003337336285161623,0.0035295688027219174,-0.285932990492734,-0.26165747734551004
Linalyl Propionate,CCC(=O)OC(C)(CCC=C(C)C)C=C,100.0,288.15,210.3,0.002554520003141642,0.0026909760203889916,-0.401835592787388,-0.37926786027041737
Linalyl Propionate,CCC(=O)OC(C)(CCC=C(C)C)C=C,100.0,283.15,210.3,0.0019370027720193865,0.0020327741467157075,-0.5218662512709217,-0.5009303848059559
Linalyl Propionate,CCC(=O)OC(C)(CCC=C(C)C)C=C,100.0,278.15,210.3,0.0014542879491090193,0.0015207202905046392,-0.6462300426251508,-0.6268470796519743
Linalyl Propionate,CCC(=O)OC(C)(CCC=C(C)C)C=C,100.0,303.15,210.3,0.005547403626427941,0.00591676972496912,-0.06577369236052806,-0.03786738947759062
Menthofuran,CC1=COC2=C1CCC(C)C2,100.0,328.15,150.22,0.006582302369728251,0.00813337250348024,0.15261096868919158,0.2437186792070537
Menthofuran,CC1=COC2=C1CCC(C)C2,100.0,323.15,150.22,0.0049644761274589425,0.0060404390885497854,0.030926996877712453,0.11557626591949709
Menthofuran,CC1=COC2=C1CCC(C)C2,100.0,318.15,150.22,0.0036999291851377496,0.004438461925882578,-0.09611066142843856,-0.017446845122029216
Menthofuran,CC1=COC2=C1CCC(C)C2,100.0,313.15,150.22,0.002722897305913183,0.0032242497620547958,-0.22877585336960812,-0.15563351823801966
Menthofuran,CC1=COC2=C1CCC(C)C2,100.0,308.15,150.22,0.0019772880185834505,0.0023136664606597853,-0.36735755097527334,-0.2992980441932841
Menthofuran,CC1=COC2=C1CCC(C)C2,100.0,333.15,150.22,0.008629474299284543,0.010843004000647928,0.269181537050318,0.36722946308229637
Menthofuran,CC1=COC2=C1CCC(C)C2,100.0,298.15,150.22,0.0009985194107855644,0.0011442885503333226,-0.6635721258313166,-0.6044674155229752
Menthofuran,CC1=COC2=C1CCC(C)C2,100.0,293.15,150.22,0.0006931803071307382,0.0007871751586114963,-0.8219266822296267,-0.7667494663892661
Menthofuran,CC1=COC2=C1CCC(C)C2,100.0,288.15,150.22,0.0004731688927588369,0.0005328763086138149,-0.9876444608413794,-0.9360647002472695
Menthofuran,CC1=COC2=C1CCC(C)C2,100.0,283.15,150.22,0.00031726050995479257,0.00035458593367783295,-1.1611650645188552,-1.1128786285840813
Menthofuran,CC1=COC2=C1CCC(C)C2,100.0,278.15,150.22,0.00020871914172663342,0.00023165788752331696,-1.34296340244024,-1.2976902995467043
Menthofuran,CC1=COC2=C1CCC(C)C2,100.0,303.15,150.22,0.0014156864686209686,0.0016385895493932535,-0.5121742438226661,-0.4487847457251492
Meta-Anisaldehyde,COC1=CC=CC(=C1)C=O,100.0,333.15,136.1,0.03427483916525483,0.03677542656806436,0.8950521678104634,0.9241848028065069
Meta-Anisaldehyde,COC1=CC=CC(=C1)C=O,100.0,328.15,136.1,0.02790542756478807,0.029953290176360836,0.8094799538440194,0.8390380597628199
Meta-Anisaldehyde,COC1=CC=CC(=C1)C=O,100.0,323.15,136.1,0.02256131449523276,0.02420537858631666,0.7202969658036132,0.749875635722418
Meta-Anisaldehyde,COC1=CC=CC(=C1)C=O,100.0,318.15,136.1,0.018107770780265285,0.01940304248866946,0.627432837173507,0.6566695857425333
Meta-Anisaldehyde,COC1=CC=CC(=C1)C=O,100.0,313.15,136.1,0.014422672543149571,0.015424928074582763,0.5308063200732204,0.559386259804591
Meta-Anisaldehyde,COC1=CC=CC(=C1)C=O,100.0,308.15,136.1,0.011396045494662093,0.012158191264176837,0.43032398919925835,0.4579824847812961
Meta-Anisaldehyde,COC1=CC=CC(=C1)C=O,100.0,303.15,136.1,0.008929555579770002,0.00949936976161422,0.32587965675695113,0.3524022442230774
Meta-Anisaldehyde,COC1=CC=CC(=C1)C=O,100.0,293.15,136.1,0.0053381924860837265,0.005641271446730545,0.10460806833520979,0.12840779460369814
Meta-Anisaldehyde,COC1=CC=CC(=C1)C=O,100.0,288.15,136.1,0.004069241433219391,0.004284936636213893,-0.012505493588017315,0.009794947387165959
Meta-Anisaldehyde,COC1=CC=CC(=C1)C=O,100.0,283.15,136.1,0.003070851596865733,0.003221890662404391,-0.13415554014142025,-0.11339508788581898
Meta-Anisaldehyde,COC1=CC=CC(=C1)C=O,100.0,278.15,136.1,0.002293063687745221,0.0023971266506945714,-0.2605266731254899,-0.24131493372681512
Meta-Anisaldehyde,COC1=CC=CC(=C1)C=O,100.0,298.15,136.1,0.006935902861717696,0.007354896727472055,0.21735278608622005,0.24257389682844074
Methyl 2-(Methyl Thio) Acetate,COC(=O)CSC,100.0,313.15,120.2,0.008697162047862767,0.009424074078884525,0.3673370093929302,0.4016637931348385
Methyl 2-(Methyl Thio) Acetate,COC(=O)CSC,100.0,328.15,120.2,0.017725003281089016,0.01963977699990326,0.6699556688638579,0.713120921129345
Methyl 2-(Methyl Thio) Acetate,COC(=O)CSC,100.0,323.15,120.2,0.014099036740640744,0.015500085147888908,0.5731936493094058,0.6133183024175244
Methyl 2-(Methyl Thio) Acetate,COC(=O)CSC,100.0,318.15,120.2,0.01112185332357091,0.012136422784661835,0.47235680023636806,0.5095277628785864
Methyl 2-(Methyl Thio) Acetate,COC(=O)CSC,100.0,308.15,120.2,0.006739213122441906,0.0072543291788853955,0.2580111850062455,0.2896192689791605
Methyl 2-(Methyl Thio) Acetate,COC(=O)CSC,100.0,333.15,120.2,0.022107125793186386,0.02469740664691982,0.7627384801171722,0.8089985848950292
Methyl 2-(Methyl Thio) Acetate,COC(=O)CSC,100.0,298.15,120.2,0.003930015817107869,0.004179867705438966,0.025874413925938675,0.05245741911472265
Methyl 2-(Methyl Thio) Acetate,COC(=O)CSC,100.0,278.15,120.2,0.001172885598941378,0.001223346240204554,-0.4972149108429384,-0.47895876657711534
Methyl 2-(Methyl Thio) Acetate,COC(=O)CSC,100.0,283.15,120.2,0.0016151312864770046,0.0016919561853174499,-0.3585920990846553,-0.33846800672919364
Methyl 2-(Methyl Thio) Acetate,COC(=O)CSC,100.0,303.15,120.2,0.005172274451352576,0.005533163189049477,0.14424148172421347,0.17326643837795475
Methyl 2-(Methyl Thio) Acetate,COC(=O)CSC,100.0,293.15,120.2,0.002954854997135821,0.0031257116652787654,-0.09725999791558615,-0.07297414601699527
Methyl 2-(Methyl Thio) Acetate,COC(=O)CSC,100.0,288.15,120.2,0.002197280737449137,0.002312621214673339,-0.22534755809392315,-0.20321437489911906
Methyl Acetate,CC(OC)=O,100.0,333.15,74.08,0.05544121444037592,0.05799418990449943,1.313203842659137,1.3295861599065866
Methyl Acetate,CC(OC)=O,100.0,328.15,74.08,0.04578837446361905,0.04849778676038047,1.2423235353964945,1.2638319282682733
Methyl Acetate,CC(OC)=O,100.0,323.15,74.08,0.03756090733903429,0.04020268580293972,1.1669779613306526,1.1930410727014975
Methyl Acetate,CC(OC)=O,100.0,318.15,74.08,0.030593118013511677,0.03302586098065382,1.087114802472857,1.1170935117627734
Methyl Acetate,CC(OC)=O,100.0,308.15,74.08,0.019836652856199063,0.021665319592978852,0.9136361388330106,0.9494024630195705
Methyl Acetate,CC(OC)=O,100.0,313.15,74.08,0.024731923572327258,0.026877997966805872,1.002684719339811,1.035901208989158
Methyl Acetate,CC(OC)=O,100.0,298.15,74.08,0.012441817929030118,0.013661395457339569,0.7214371088211489,0.7603183264069043
Methyl Acetate,CC(OC)=O,100.0,293.15,74.08,0.009720593527109573,0.010680721890601175,0.6181312059792619,0.6576642603403454
Methyl Acetate,CC(OC)=O,100.0,288.15,74.08,0.0075211358767681355,0.008260612352101378,0.5098876732665361,0.5495495294373752
Methyl Acetate,CC(OC)=O,100.0,283.15,74.08,0.005760019411572543,0.0063178906985759216,0.3965798124769486,0.4359180678326069
Methyl Acetate,CC(OC)=O,100.0,278.15,74.08,0.0043638215875979,0.00477644958265333,0.278056467614243,0.3166926787429898
Methyl Acetate,CC(OC)=O,100.0,303.15,74.08,0.015778820544416396,0.017291758461366175,0.8199104478537939,0.8575530720810186
Methyl Furfuryl Disulfide,CSSCC1=CC=CO1,100.0,333.15,160.3,0.013742566945173876,0.017113858962606265,0.44128689692038253,0.535070029061461
Methyl Furfuryl Disulfide,CSSCC1=CC=CO1,100.0,328.15,160.3,0.010575933689280533,0.013005491835157375,0.32894855041375487,0.4176737884980518
Methyl Furfuryl Disulfide,CSSCC1=CC=CO1,100.0,323.15,160.3,0.008048779818135118,0.009776218411250873,0.21148907104265594,0.29515774134821327
Methyl Furfuryl Disulfide,CSSCC1=CC=CO1,100.0,318.15,160.3,0.006053618309652923,0.007265357212493214,0.08866762297358273,0.1673666448698796
Methyl Furfuryl Disulfide,CSSCC1=CC=CO1,100.0,313.15,160.3,0.004496392942669848,0.005334880417462747,-0.039784446475776426,0.03409962655637825
Methyl Furfuryl Disulfide,CSSCC1=CC=CO1,100.0,308.15,160.3,0.0032957412702124015,0.0038679155467026658,-0.17415610764246123,-0.10488941232350636
Methyl Furfuryl Disulfide,CSSCC1=CC=CO1,100.0,303.15,160.3,0.0023819140401023196,0.002766828963743192,-0.314772076267159,-0.24988903701704301
Methyl Furfuryl Disulfide,CSSCC1=CC=CO1,100.0,293.15,160.3,0.0011884418394948798,0.0013550104286566196,-0.616182794005954,-0.5592931368008425
Methyl Furfuryl Disulfide,CSSCC1=CC=CO1,100.0,288.15,160.3,0.0008188591996433191,0.0009258757017712295,-0.7777849322240358,-0.7244897143125719
Methyl Furfuryl Disulfide,CSSCC1=CC=CO1,100.0,283.15,160.3,0.00055414542122905,0.0006217603282882289,-0.9472510761907743,-0.8972823026596871
Methyl Furfuryl Disulfide,CSSCC1=CC=CO1,100.0,278.15,160.3,0.0003678838921657911,0.00040985824814227114,-1.125080061750455,-1.0781760838720404
Methyl Furfuryl Disulfide,CSSCC1=CC=CO1,100.0,298.15,160.3,0.0016959136146735435,0.0019510671006364257,-0.46198560164378905,-0.40123201637787487
Methyl Heptadienone,CC(=C\C=C\C(=O)C)C,100.0,333.15,124.2,0.09757109811866502,0.08465727334970183,1.345358248494926,1.2916670832949262
Methyl Heptadienone,CC(=C\C=C\C(=O)C)C,100.0,328.15,124.2,0.08399236757972672,0.07417481914357986,1.2886567517371845,1.2408344762928714
Methyl Heptadienone,CC(=C\C=C\C(=O)C)C,100.0,323.15,124.2,0.07197918081518319,0.06464972939260916,1.2291748055330045,1.1872069248698733
Methyl Heptadienone,CC(=C\C=C\C(=O)C)C,100.0,318.15,124.2,0.06139437403418074,0.05603343142483304,1.166860212357347,1.1306451286985622
Methyl Heptadienone,CC(=C\C=C\C(=O)C)C,100.0,313.15,124.2,0.05210817786088331,0.048278304465949114,1.1016594432848708,1.071013692165693
Methyl Heptadienone,CC(=C\C=C\C(=O)C)C,100.0,308.15,124.2,0.04399816453771593,0.04133687999644638,1.0335164884834362,1.0081824608803454
Methyl Heptadienone,CC(=C\C=C\C(=O)C)C,100.0,303.15,124.2,0.03694917273868945,0.03516124968189715,0.9623716237172335,0.9420275937707338
Methyl Heptadienone,CC(=C\C=C\C(=O)C)C,100.0,293.15,124.2,0.02560948199168794,0.024911481816159032,0.8108120859591843,0.7992858192602167
Methyl Heptadienone,CC(=C\C=C\C(=O)C)C,100.0,288.15,124.2,0.02112404193640539,0.020737092909223157,0.7302496002677992,0.7224855570977589
Methyl Heptadienone,CC(=C\C=C\C(=O)C)C,100.0,283.15,124.2,0.017309912235548813,0.017128346737425276,0.6463876514438043,0.6419333572680204
Methyl Heptadienone,CC(=C\C=C\C(=O)C)C,100.0,278.15,124.2,0.014086821417626613,0.014033930754565464,0.5591323633620036,0.5575353169030687
Methyl Heptadienone,CC(=C\C=C\C(=O)C)C,100.0,298.15,124.2,0.03085323443367877,0.029702678177961253,0.8881603062693767,0.8724320251515313
Methyl Heptenone,CC(=CCCC(=O)C)C,100.0,313.15,126.2,0.025036541771926556,0.02584859349646669,0.7948735634244927,0.8081972949711068
Methyl Heptenone,CC(=CCCC(=O)C)C,100.0,328.15,126.2,0.04389488487320609,0.04462849772219764,1.026368852913219,1.0330940169720975
Methyl Heptenone,CC(=CCCC(=O)C)C,100.0,323.15,126.2,0.036619870318631016,0.03745569926673706,0.952392337087695,0.9616484773051275
Methyl Heptenone,CC(=CCCC(=O)C)C,100.0,333.15,126.2,0.05232204612489309,0.05283321559215267,1.097234841562426,1.101131477981749
Methyl Heptenone,CC(=CCCC(=O)C)C,100.0,308.15,126.2,0.020505788034801534,0.0212425209595121,0.7111944430477902,0.7260317324346572
Methyl Heptenone,CC(=CCCC(=O)C)C,100.0,318.15,126.2,0.030372308578551523,0.031224841238134963,0.8752486038437556,0.8867099250767202
Methyl Heptenone,CC(=CCCC(=O)C)C,100.0,298.15,126.2,0.013475212097455684,0.014020018898160295,0.533579872619633,0.5504247731941067
Methyl Heptenone,CC(=CCCC(=O)C)C,100.0,293.15,126.2,0.010804134667821461,0.011252987583251316,0.4394434449392271,0.45681674823360724
Methyl Heptenone,CC(=CCCC(=O)C)C,100.0,288.15,126.2,0.008594943298727164,0.008955865420344733,0.34159853293470305,0.3592173243567929
Methyl Heptenone,CC(=CCCC(=O)C)C,100.0,283.15,126.2,0.006781383724502682,0.007065203163526409,0.23991079639134014,0.25752331639346077
Methyl Heptenone,CC(=CCCC(=O)C)C,100.0,278.15,126.2,0.005304297982045201,0.005522885575241873,0.1342304640505286,0.1516189712268548
Methyl Heptenone,CC(=CCCC(=O)C)C,100.0,303.15,126.2,0.016681909733761137,0.017325467463343763,0.6241279551470422,0.6401345328202712
Methyl Levulinate,CC(=O)CCC(=O)OC,100.0,328.15,130.1,0.025761250475363866,0.02734394515102358,0.7944024710632004,0.8192974941091407
Methyl Levulinate,CC(=O)CCC(=O)OC,100.0,323.15,130.1,0.021072450725485893,0.02229307663305296,0.710124348319481,0.7338031918821978
Methyl Levulinate,CC(=O)CCC(=O)OC,100.0,318.15,130.1,0.017119848388993778,0.018054538273068833,0.6224319841418097,0.6449205612125555
Methyl Levulinate,CC(=O)CCC(=O)OC,100.0,313.15,130.1,0.013809804202832366,0.014520012204346457,0.5312435768418875,0.5525664354275388
Methyl Levulinate,CC(=O)CCC(=O)OC,100.0,308.15,130.1,0.011057014470942813,0.011592123301001157,0.4364682872789618,0.45664792036535995
Methyl Levulinate,CC(=O)CCC(=O)OC,100.0,333.15,130.1,0.031288467477785915,0.03332710232357523,0.8753402547497329,0.9014771341754302
Methyl Levulinate,CC(=O)CCC(=O)OC,100.0,298.15,130.1,0.006922057263029996,0.00721749458750275,0.23574454580939258,0.2537038684338073
Methyl Levulinate,CC(=O)CCC(=O)OC,100.0,293.15,130.1,0.005408424845578327,0.00562462019058372,0.1295649533499015,0.14644655834970793
Methyl Levulinate,CC(=O)CCC(=O)OC,100.0,288.15,130.1,0.004188370336028209,0.004344848339725077,0.019334646868981998,0.03516209576448241
Methyl Levulinate,CC(=O)CCC(=O)OC,100.0,283.15,130.1,0.0032135482434672655,0.0033255025088543516,-0.09508901758530759,-0.08028971867577556
Methyl Levulinate,CC(=O)CCC(=O)OC,100.0,278.15,130.1,0.002441796660640194,0.0025209310623583265,-0.21385970800091067,-0.20006000582864578
Methyl Levulinate,CC(=O)CCC(=O)OC,100.0,303.15,130.1,0.008784252406474175,0.009183795426366832,0.3380056429981681,0.3570641811962474
Methyl Phenyl Acetate,COC(=O)CC1=CC=CC=C1,100.0,333.15,150.2,0.023833014465017496,0.026296280019381776,0.702813903353656,0.7443073004597834
Methyl Phenyl Acetate,COC(=O)CC1=CC=CC=C1,100.0,328.15,150.2,0.01914083178490672,0.021010560277780355,0.6099329204157677,0.649476923468529
Methyl Phenyl Acetate,COC(=O)CC1=CC=CC=C1,100.0,323.15,150.2,0.015250979590519426,0.016653386184039883,0.513216979381071,0.55071878970682
Methyl Phenyl Acetate,COC(=O)CC1=CC=CC=C1,100.0,318.15,150.2,0.012050987004987329,0.013090203934003961,0.4125502341267342,0.44795104515737516
Methyl Phenyl Acetate,COC(=O)CC1=CC=CC=C1,100.0,313.15,150.2,0.009439719086445112,0.01020033586249128,0.3078035867586588,0.3410749857155344
Methyl Phenyl Acetate,COC(=O)CC1=CC=CC=C1,100.0,308.15,150.2,0.0073269092337253,0.00787661949818938,0.1988337788037153,0.22997459112488222
Methyl Phenyl Acetate,COC(=O)CC1=CC=CC=C1,100.0,303.15,150.2,0.005632623285157395,0.006024794690012953,0.08548237956275177,0.11451501193667216
Methyl Phenyl Acetate,COC(=O)CC1=CC=CC=C1,100.0,293.15,150.2,0.003227965647834864,0.003419690805966484,-0.1550777600292109,-0.13011735379524966
Methyl Phenyl Acetate,COC(=O)CC1=CC=CC=C1,100.0,288.15,150.2,0.0024038159792408756,0.0025351031104942153,-0.28268595352115244,-0.2596583956086915
Methyl Phenyl Acetate,COC(=O)CC1=CC=CC=C1,100.0,283.15,150.2,0.0017692442974532564,0.0018578569836909295,-0.4154760928885942,-0.39429677505005145
Methyl Phenyl Acetate,COC(=O)CC1=CC=CC=C1,100.0,278.15,150.2,0.001286241798115789,0.0013451711749647248,-0.5536950584575099,-0.5342701723918357
Methyl Phenyl Acetate,COC(=O)CC1=CC=CC=C1,100.0,298.15,150.2,0.0042866742664725704,0.004562758934651634,-0.03242447032876991,-0.005457692846802423
Methyl-t-Butyl Ether,CC(C)(C)OC,100.0,313.15,88.15,0.041499652701111285,0.03929627345296081,1.1408845746754164,1.1195269270975414
Methyl-t-Butyl Ether,CC(C)(C)OC,100.0,333.15,88.15,0.07897623136094295,0.06974826952325659,1.382424269075668,1.3374939604491813
Methyl-t-Butyl Ether,CC(C)(C)OC,100.0,328.15,88.15,0.06767301807254222,0.060867871457309174,1.326433536911045,1.2872221529590766
Methyl-t-Butyl Ether,CC(C)(C)OC,100.0,323.15,88.15,0.05774860712785288,0.05287574006334446,1.2675359293971182,1.2342344600739872
Methyl-t-Butyl Ether,CC(C)(C)OC,100.0,318.15,88.15,0.049066368762513586,0.04570551930745358,1.2056980675749565,1.1783853669499778
Methyl-t-Butyl Ether,CC(C)(C)OC,100.0,308.15,88.15,0.034931511370938535,0.0335915554104818,1.073056731480604,1.0575113321060747
Methyl-t-Butyl Ether,CC(C)(C)OC,100.0,303.15,88.15,0.029254250428092682,0.028538476854199257,1.002170462195417,0.9921928640274692
Methyl-t-Butyl Ether,CC(C)(C)OC,100.0,298.15,88.15,0.024368971729044234,0.024086913873966085,0.9281744313021276,0.9234296335000891
Methyl-t-Butyl Ether,CC(C)(C)OC,100.0,293.15,88.15,0.020185113427865886,0.020188896931572876,0.8510082889342283,0.8510854672431742
Methyl-t-Butyl Ether,CC(C)(C)OC,100.0,288.15,88.15,0.016619991609423256,0.0167980971264523,0.7706010856287447,0.7750300088532753
Methyl-t-Butyl Ether,CC(C)(C)OC,100.0,283.15,88.15,0.013598347423335976,0.01386957064201997,0.6868698617707714,0.6951392563788146
Methyl-t-Butyl Ether,CC(C)(C)OC,100.0,278.15,88.15,0.011051903085626532,0.011359637837799811,0.5997184036241359,0.6112946203065441
Myrtenal,CC1(C2CC=C(C1C2)C=O)C,100.0,333.15,150.2,0.0718168147644205,0.06717466356353803,1.1586555769507023,1.1318265292245318
Myrtenal,CC1(C2CC=C(C1C2)C=O)C,100.0,328.15,150.2,0.0602264698626953,0.057456838658212946,1.0877095321775858,1.0685867324807474
Myrtenal,CC1(C2CC=C(C1C2)C=O)C,100.0,323.15,150.2,0.050220963203806875,0.04879096230058573,1.013605310103825,1.001749764083579
Myrtenal,CC1(C2CC=C(C1C2)C=O)C,100.0,318.15,150.2,0.041629429230138494,0.041116411947475374,0.9362835357508382,0.9311481242538928
Myrtenal,CC1(C2CC=C(C1C2)C=O)C,100.0,313.15,150.2,0.03429320284998986,0.03437129349185078,0.8556775659450722,0.8566270614507573
Myrtenal,CC1(C2CC=C(C1C2)C=O)C,100.0,308.15,150.2,0.028065622141498096,0.02849178035753159,0.7717120651198477,0.7780463498390502
Myrtenal,CC1(C2CC=C(C1C2)C=O)C,100.0,298.15,150.2,0.018408227159366877,0.01906377738700623,0.5933501287211325,0.6082195579742534
Myrtenal,CC1(C2CC=C(C1C2)C=O)C,100.0,293.15,150.2,0.014742591794728102,0.015378290627257419,0.4987482077087926,0.5167634377890741
Myrtenal,CC1(C2CC=C(C1C2)C=O)C,100.0,288.15,150.2,0.01171322134068294,0.012286053407343022,0.40037408150751264,0.4208216631339332
Myrtenal,CC1(C2CC=C(C1C2)C=O)C,100.0,283.15,150.2,0.009228699545694148,0.009718593571029527,0.2980916182075673,0.3203071056652562
Myrtenal,CC1(C2CC=C(C1C2)C=O)C,100.0,278.15,150.2,0.007207360729420463,0.00760959056105932,0.1917497609041639,0.21513115243920783
Myrtenal,CC1(C2CC=C(C1C2)C=O)C,100.0,303.15,150.2,0.022811788378992878,0.023411900142023337,0.6843018661596941,0.6952808348576927
Myrtenol,CC1(C2CC=C(C1C2)CO)C,100.0,313.15,152.2,0.022763398084758885,0.022242273585027443,0.6779343585387476,0.6681295685027175
Myrtenol,CC1(C2CC=C(C1C2)CO)C,100.0,333.15,152.2,0.04803873122063349,0.046097742703929245,0.9901856497329199,0.9731913640386645
Myrtenol,CC1(C2CC=C(C1C2)CO)C,100.0,328.15,152.2,0.040172494933620996,0.03875104561077581,0.9162536644417786,0.9012858716266167
Myrtenol,CC1(C2CC=C(C1C2)CO)C,100.0,323.15,152.2,0.03342302197505902,0.032393736139797666,0.8395974096572093,0.8265069374612591
Myrtenol,CC1(C2CC=C(C1C2)CO)C,100.0,318.15,152.2,0.027659759248840694,0.026923014565231527,0.7601745367877186,0.7488057787236533
Myrtenol,CC1(C2CC=C(C1C2)CO)C,100.0,308.15,152.2,0.01862539860055995,0.01826127106391656,0.5928168619588986,0.5844199629438861
Myrtenol,CC1(C2CC=C(C1C2)CO)C,100.0,278.15,152.2,0.004869035739595333,0.00483705215519772,0.016917598536416202,0.014071254523770133
Myrtenol,CC1(C2CC=C(C1C2)CO)C,100.0,298.15,152.2,0.012241107557618713,0.012069988500334647,0.4136577596719707,0.40762799261479543
Myrtenol,CC1(C2CC=C(C1C2)CO)C,100.0,293.15,152.2,0.00982688789053466,0.009711911648313294,0.3194409401725617,0.31438631563970537
Myrtenol,CC1(C2CC=C(C1C2)CO)C,100.0,288.15,152.2,0.007834062990341268,0.007757882422329388,0.22199500163000574,0.21778875751142035
Myrtenol,CC1(C2CC=C(C1C2)CO)C,100.0,283.15,152.2,0.006199882303269941,0.0061501420462701534,0.12119914592281143,0.1177254570685249
Myrtenol,CC1(C2CC=C(C1C2)CO)C,100.0,303.15,152.2,0.015147482994373337,0.014896237020634789,0.504751762862987,0.49761093020449665
Myrtenyl Acetate,CC(=O)OCC1=CCC2CC1C2(C)C,100.0,313.15,194.3,0.013576347164085973,0.01476892497825804,0.35461587697971536,0.3908319604118093
Myrtenyl Acetate,CC(=O)OCC1=CCC2CC1C2(C)C,100.0,333.15,194.3,0.03175570591005417,0.034697936172399954,0.7183518008684294,0.7559814810207328
Myrtenyl Acetate,CC(=O)OCC1=CCC2CC1C2(C)C,100.0,328.15,194.3,0.025954818300922843,0.02835474790158291,0.6324331154643317,0.6701429671077797
Myrtenyl Acetate,CC(=O)OCC1=CCC2CC1C2(C)C,100.0,323.15,194.3,0.021067412969988465,0.02299633994015859,0.5432511602942843,0.580735771540426
Myrtenyl Acetate,CC(=O)OCC1=CCC2CC1C2(C)C,100.0,318.15,194.3,0.016976665959739023,0.01850447614173383,0.4506885381907619,0.487665794221792
Myrtenyl Acetate,CC(=O)OCC1=CCC2CC1C2(C)C,100.0,308.15,194.3,0.010770442907594057,0.011687894918022485,0.25489078542904864,0.29012383207685216
Myrtenyl Acetate,CC(=O)OCC1=CCC2CC1C2(C)C,100.0,303.15,194.3,0.008472734901021794,0.009168338960206045,0.15135699716176573,0.1854192305167542
Myrtenyl Acetate,CC(=O)OCC1=CCC2CC1C2(C)C,100.0,298.15,194.3,0.006606325419968357,0.007126097859358466,0.04384335398184903,0.0765819315136767
Myrtenyl Acetate,CC(=O)OCC1=CCC2CC1C2(C)C,100.0,293.15,194.3,0.005103121323038376,0.005485870591311112,-0.06783722898155035,-0.036540528327329534
Myrtenyl Acetate,CC(=O)OCC1=CCC2CC1C2(C)C,100.0,288.15,194.3,0.003903282222589528,0.004181017013486971,-0.1838888582681218,-0.154118917443207
Myrtenyl Acetate,CC(=O)OCC1=CCC2CC1C2(C)C,100.0,283.15,194.3,0.002954640477008266,0.003153210177664781,-0.3045338315644502,-0.2763442501856157
Myrtenyl Acetate,CC(=O)OCC1=CCC2CC1C2(C)C,100.0,278.15,194.3,0.002212103549105559,0.0023519639464061244,-0.4300134655756028,-0.40342962104491753
Nerolidol,CC(=CCCC(=CCCC(C)(C=C)O)C)C,100.0,333.15,222.4,0.02433259674173405,0.024866872270783432,0.5484288301788304,0.5577538361773392
Nerolidol,CC(=CCCC(=CCCC(C)(C=C)O)C)C,100.0,328.15,222.4,0.020139056665554936,0.020503521692551218,0.46712575493655334,0.4748414783080411
Nerolidol,CC(=CCCC(=CCCC(C)(C=C)O)C)C,100.0,323.15,222.4,0.016575798236989875,0.01682137645907153,0.3832814492720374,0.3896188421250153
Nerolidol,CC(=CCCC(=CCCC(C)(C=C)O)C)C,100.0,318.15,222.4,0.013563616828190064,0.013726969774849447,0.29679240119602285,0.3019584692905446
Nerolidol,CC(=CCCC(=CCCC(C)(C=C)O)C)C,100.0,313.15,222.4,0.01103101652519327,0.01113821947940743,0.20754587564124166,0.21172436558103608
Nerolidol,CC(=CCCC(=CCCC(C)(C=C)O)C)C,100.0,308.15,222.4,0.008913727299642986,0.00898309570884337,0.11541940308714217,0.11877200089730985
Nerolidol,CC(=CCCC(=CCCC(C)(C=C)O)C)C,100.0,298.15,222.4,0.00570129872370624,0.0057290629487371765,-0.0780133448988933,-0.07590919372228931
Nerolidol,CC(=CCCC(=CCCC(C)(C=C)O)C)C,100.0,293.15,222.4,0.004509498661500226,0.00452664579923885,-0.1796164434656463,-0.1779716816788225
Nerolidol,CC(=CCCC(=CCCC(C)(C=C)O)C)C,100.0,288.15,222.4,0.0035387739992288475,0.0035491836902689406,-0.2846943133697149,-0.2834207830181758
Nerolidol,CC(=CCCC(=CCCC(C)(C=C)O)C)C,100.0,283.15,222.4,0.002753989636926161,0.0027601957007892643,-0.393425051967815,-0.39244874240435657
Nerolidol,CC(=CCCC(=CCCC(C)(C=C)O)C)C,100.0,278.15,222.4,0.0021245112282911984,0.0021281410120060538,-0.5060001144004661,-0.5052594833203997
Nerolidol,CC(=CCCC(=CCCC(C)(C=C)O)C)C,100.0,303.15,222.4,0.007154233750971638,0.007198462112818757,0.02028061115726297,0.022948220357870013
Neryl Acetate,CC(=CCC/C(=C/COC(=O)C)/C)C,100.0,313.15,196.3,0.01060071066863111,0.011391230922553704,0.2436729550590048,0.27468201386933694
Neryl Acetate,CC(=CCC/C(=C/COC(=O)C)/C)C,100.0,333.15,196.3,0.024982189334183898,0.02726800259520534,0.6118641561015675,0.6492381994354512
Neryl Acetate,CC(=CCC/C(=C/COC(=O)C)/C)C,100.0,328.15,196.3,0.020380632515476702,0.022157800103263126,0.5247603366918133,0.5605632948850333
Neryl Acetate,CC(=CCC/C(=C/COC(=O)C)/C)C,100.0,323.15,196.3,0.01651181340097853,0.017881393470116354,0.43444108569581663,0.4686566605554108
Neryl Acetate,CC(=CCC/C(=C/COC(=O)C)/C)C,100.0,318.15,196.3,0.013280612627766225,0.014326270162700043,0.3407883227374374,0.37340414937334765
Neryl Acetate,CC(=CCC/C(=C/COC(=O)C)/C)C,100.0,308.15,196.3,0.008394269375889472,0.008985754619761395,0.1429540154705756,0.17235585083788252
Neryl Acetate,CC(=CCC/C(=C/COC(=O)C)/C)C,100.0,278.15,196.3,0.0017077987055325436,0.001789208329823935,-0.5466678626750583,-0.5264671120721743
Neryl Acetate,CC(=CCC/C(=C/COC(=O)C)/C)C,100.0,298.15,196.3,0.00513059026155047,0.005451002130752075,-0.06992334325173406,-0.04370652259145473
Neryl Acetate,CC(=CCC/C(=C/COC(=O)C)/C)C,100.0,293.15,196.3,0.003956593745578857,0.004188356886586634,-0.18243123024391056,-0.15777575373413547
Neryl Acetate,CC(=CCC/C(=C/COC(=O)C)/C)C,100.0,288.15,196.3,0.003021610899106375,0.0031872287048393946,-0.2992447887718609,-0.2761178247405816
Neryl Acetate,CC(=CCC/C(=C/COC(=O)C)/C)C,100.0,283.15,196.3,0.002283976562502422,0.002400848406676297,-0.42057905788373157,-0.3989396577357779
Neryl Acetate,CC(=CCC/C(=C/COC(=O)C)/C)C,100.0,303.15,196.3,0.006591566917189415,0.0070293667439651685,0.03847775174005673,0.0662794384065123
Nonyl Acetate,CCCCCCCCCOC(=O)C,100.0,313.15,186.3,0.01150498989071521,0.012350656073938029,0.3012295333458476,0.33175877180351626
Nonyl Acetate,CCCCCCCCCOC(=O)C,100.0,333.15,186.3,0.026339351611446557,0.028655738334193024,0.6561573486476421,0.6920205009484317
Nonyl Acetate,CCCCCCCCCOC(=O)C,100.0,328.15,186.3,0.02163236352954609,0.023455901469915847,0.5721707307258628,0.6067315304136053
Nonyl Acetate,CCCCCCCCCOC(=O)C,100.0,323.15,186.3,0.01765005520627438,0.019074135860989494,0.4850982846847909,0.5183369688523666
Nonyl Acetate,CCCCCCCCCOC(=O)C,100.0,318.15,186.3,0.014301786652817592,0.015404303174121217,0.3948262591681182,0.4267208668043515
Nonyl Acetate,CCCCCCCCCOC(=O)C,100.0,308.15,186.3,0.009184876848103105,0.009827156312019065,0.20417075444484575,0.23331638454772002
Nonyl Acetate,CCCCCCCCCOC(=O)C,100.0,303.15,186.3,0.007274111868109011,0.00775686274923339,0.10349944862705458,0.13124833460058286
Nonyl Acetate,CCCCCCCCCOC(=O)C,100.0,298.15,186.3,0.005712451922469973,0.006071351360554892,-0.0009489029566469636,0.025396860118446444
Nonyl Acetate,CCCCCCCCCOC(=O)C,100.0,293.15,186.3,0.004446358461191467,0.004710150999163842,-0.10935383212942344,-0.0844095884815997
Nonyl Acetate,CCCCCCCCCOC(=O)C,100.0,288.15,186.3,0.0034285862338383714,0.0036201843485940753,-0.2219108186005248,-0.1983578054224897
Nonyl Acetate,CCCCCCCCCOC(=O)C,100.0,283.15,186.3,0.002617750177769472,0.0027552086352129568,-0.338832693268877,-0.3166513368872106
Nonyl Acetate,CCCCCCCCCOC(=O)C,100.0,278.15,186.3,0.0019778860502013508,0.002075254971915733,-0.4603503832879956,-0.43951203457285726
Nutty Pyrazine,CC1CCC2=NC=CN=C12,100.0,328.15,134.2,0.11912518763408396,0.08846537127994313,1.3940091863489683,1.2814146877222141
Nutty Pyrazine,CC1CCC2=NC=CN=C12,100.0,323.15,134.2,0.10340855475109899,0.0788114406346516,1.3410101633224394,1.2366035188873834
Nutty Pyrazine,CC1CCC2=NC=CN=C12,100.0,318.15,134.2,0.08944918931430898,0.06992977117253356,1.2856739644068882,1.189678832807391
Nutty Pyrazine,CC1CCC2=NC=CN=C12,100.0,313.15,134.2,0.07708884731765472,0.061779602690593106,1.227971536995454,1.1405035591501929
Nutty Pyrazine,CC1CCC2=NC=CN=C12,100.0,308.15,134.2,0.06617982371164732,0.05432368716758731,1.1678718593846056,1.0889379104476047
Nutty Pyrazine,CC1CCC2=NC=CN=C12,100.0,333.15,134.2,0.13676823292248824,0.09893671983925759,1.4446989785850586,1.3242452720833477
Nutty Pyrazine,CC1CCC2=NC=CN=C12,100.0,298.15,134.2,0.04817480728822588,0.0413581525370563,1.0403389648321792,0.9780727677112345
Nutty Pyrazine,CC1CCC2=NC=CN=C12,100.0,293.15,134.2,0.040832260308816586,0.035784233226366896,0.9728246151517936,0.9184956153989786
Nutty Pyrazine,CC1CCC2=NC=CN=C12,100.0,288.15,134.2,0.03444699600495702,0.030774581799491777,0.9027488260117292,0.8559764821150198
Nutty Pyrazine,CC1CCC2=NC=CN=C12,100.0,283.15,134.2,0.02891763299522671,0.026298039819383407,0.8300570464390555,0.7903883728957316
Nutty Pyrazine,CC1CCC2=NC=CN=C12,100.0,278.15,134.2,0.024150805496479737,0.022322991615795488,0.7546883309946064,0.7216117041884388
Nutty Pyrazine,CC1CCC2=NC=CN=C12,100.0,303.15,134.2,0.056584443545200584,0.04752744234563889,1.1053403711619103,1.0348410242351946
Octalactone,CCCCC1CCC(=O)O1,100.0,333.15,142.2,0.06193026442984409,0.060399655342386144,1.119725450550957,1.109656517986941
Octalactone,CCCCC1CCC(=O)O1,100.0,328.15,142.2,0.05196598386096635,0.05127683902702178,1.0487732889455517,1.0433395474539493
Octalactone,CCCCC1CCC(=O)O1,100.0,323.15,142.2,0.0433518684592188,0.043230131333558804,0.9746360406893759,0.973479764122276
Octalactone,CCCCC1CCC(=O)O1,100.0,318.15,142.2,0.03594566881503136,0.03618137123992803,0.8972463601524011,0.8999578572574916
Octalactone,CCCCC1CCC(=O)O1,100.0,313.15,142.2,0.02961460565831983,0.03005216921412567,0.8165298088055507,0.8226621600465382
Octalactone,CCCCC1CCC(=O)O1,100.0,308.15,142.2,0.024235342431997646,0.024764084200660442,0.7324036762379972,0.741487847508039
Octalactone,CCCCC1CCC(=O)O1,100.0,303.15,142.2,0.019693887710806286,0.02023908334853024,0.644775679898033,0.6563354204783546
Octalactone,CCCCC1CCC(=O)O1,100.0,293.15,142.2,0.012714273771296171,0.013172456612200512,0.45859017273321884,0.4737113141176901
Octalactone,CCCCC1CCC(=O)O1,100.0,288.15,142.2,0.01009335055464236,0.010483528745553996,0.3597902188959616,0.37604525019464724
Octalactone,CCCCC1CCC(=O)O1,100.0,283.15,142.2,0.007944176888695064,0.008264796891512716,0.25700155449163553,0.27400593475425533
Octalactone,CCCCC1CCC(=O)O1,100.0,278.15,142.2,0.006196394452684983,0.006451989238146041,0.15006822849045412,0.1674798629371173
Octalactone,CCCCC1CCC(=O)O1,100.0,298.15,142.2,0.01588545527077684,0.016400220853703077,0.5535427991954339,0.5671085374852213
Para-Ethyl Acetophenone,CCC1=CC=C(C=C1)C(=O)C,100.0,313.15,148.2,0.026679130281138306,0.027324449880705915,0.7558870122295047,0.7659396324841298
Para-Ethyl Acetophenone,CCC1=CC=C(C=C1)C(=O)C,100.0,328.15,148.2,0.04710356512177938,0.04711077110706959,0.9925328242327595,0.9925956890308776
Para-Ethyl Acetophenone,CCC1=CC=C(C=C1)C(=O)C,100.0,323.15,148.2,0.03920239150550218,0.039569136213859234,0.9167229470541125,0.9205836865717889
Para-Ethyl Acetophenone,CCC1=CC=C(C=C1)C(=O)C,100.0,318.15,148.2,0.03243819227835894,0.03300184336178073,0.837861159529875,0.8450588710743115
Para-Ethyl Acetophenone,CCC1=CC=C(C=C1)C(=O)C,100.0,308.15,148.2,0.021804030645985756,0.022453695041459287,0.6707315117180122,0.6831513222257308
Para-Ethyl Acetophenone,CCC1=CC=C(C=C1)C(=O)C,100.0,333.15,148.2,0.05628446859255643,0.055712038552970224,1.0653437846819844,1.0611849525118198
Para-Ethyl Acetophenone,CCC1=CC=C(C=C1)C(=O)C,100.0,298.15,148.2,0.01427246516516165,0.014808558496732087,0.4905521756709469,0.5062901900367421
Para-Ethyl Acetophenone,CCC1=CC=C(C=C1)C(=O)C,100.0,293.15,148.2,0.01142399155595919,0.011879402778486585,0.39533932454537435,0.4120809799581497
Para-Ethyl Acetophenone,CCC1=CC=C(C=C1)C(=O)C,100.0,288.15,148.2,0.009074646934186251,0.009448900889240611,0.296565922098137,0.3139237422130965
Para-Ethyl Acetophenone,CCC1=CC=C(C=C1)C(=O)C,100.0,283.15,148.2,0.007151127410241112,0.007450070980551152,0.194107797012153,0.21173857777378843
Para-Ethyl Acetophenone,CCC1=CC=C(C=C1)C(=O)C,100.0,278.15,148.2,0.0055883396898294,0.005821185736817788,0.0878278704003584,0.1054354814843776
Para-Ethyl Acetophenone,CCC1=CC=C(C=C1)C(=O)C,100.0,303.15,148.2,0.01770207689024534,0.018308072632229767,0.582316148761968,0.5966240881014885
Pineapple Pentenoate,CCOC(=O)C(C)CC=C,100.0,328.15,142.2,0.023027407069865596,0.025723891600359042,0.7108603738672964,0.7574782333175852
Pineapple Pentenoate,CCOC(=O)C(C)CC=C,100.0,323.15,142.2,0.01863750585106175,0.020754330023949902,0.6214131946527153,0.6669703088737402
Pineapple Pentenoate,CCOC(=O)C(C)CC=C,100.0,318.15,142.2,0.014970332354222468,0.01661286426203971,0.5282804347983066,0.5725859742316758
Pineapple Pentenoate,CCOC(=O)C(C)CC=C,100.0,313.15,142.2,0.01192906670676021,0.013188412244122111,0.43134084896955865,0.4742282060276112
Pineapple Pentenoate,CCOC(=O)C(C)CC=C,100.0,308.15,142.2,0.009426102331353235,0.010379870723532268,0.3304585322454838,0.3717873709962062
Pineapple Pentenoate,CCOC(=O)C(C)CC=C,100.0,333.15,142.2,0.028246355297646783,0.031642601004190446,0.7967298316170547,0.8441962765835163
Pineapple Pentenoate,CCOC(=O)C(C)CC=C,100.0,298.15,142.2,0.005728630354712153,0.006255270753592936,0.1162416945857282,0.15414235328511258
Pineapple Pentenoate,CCOC(=O)C(C)CC=C,100.0,293.15,142.2,0.004401658774964278,0.004785397614060946,0.002550591563454537,0.03863715976726775
Pineapple Pentenoate,CCOC(=O)C(C)CC=C,100.0,288.15,142.2,0.0033471554755520575,0.0036230301069168085,-0.11579828906936414,-0.08155708312377948
Pineapple Pentenoate,CCOC(=O)C(C)CC=C,100.0,283.15,142.2,0.0025175332441148964,0.002713154029265964,-0.23903295249239948,-0.20664364419509068
Pineapple Pentenoate,CCOC(=O)C(C)CC=C,100.0,278.15,142.2,0.0018717212895503275,0.0020084992354248788,-0.36740388006350594,-0.3368503179500285
Pineapple Pentenoate,CCOC(=O)C(C)CC=C,100.0,303.15,142.2,0.007382711404388851,0.008096013192791554,0.22548200397941734,0.265139125282195
Pinocarveol,CC1(C2CC1C(=C)C(C2)O)C,100.0,333.15,152.2,0.03952788932232052,0.03903316336455464,0.9095356287493439,0.9043016294190116
Pinocarveol,CC1(C2CC1C(=C)C(C2)O)C,100.0,328.15,152.2,0.03276529756157844,0.03241606904339304,0.8312815469014287,0.8267955168833862
Pinocarveol,CC1(C2CC1C(=C)C(C2)O)C,100.0,323.15,152.2,0.02700726850060842,0.026763377228757036,0.7501220333932542,0.7463001738597677
Pinocarveol,CC1(C2CC1C(=C)C(C2)O)C,100.0,318.15,152.2,0.022130713999670763,0.021962250587782402,0.6660000226975221,0.6627633087247402
Pinocarveol,CC1(C2CC1C(=C)C(C2)O)C,100.0,313.15,152.2,0.018023725288588723,0.0179086707495713,0.5788494674813447,0.57612443037837
Pinocarveol,CC1(C2CC1C(=C)C(C2)O)C,100.0,308.15,152.2,0.014585032433441525,0.014507364451078412,0.48859424017570724,0.4863134266746954
Pinocarveol,CC1(C2CC1C(=C)C(C2)O)C,100.0,303.15,152.2,0.011723479173446804,0.011671676584301793,0.39514798244830535,0.3932501809736801
Pinocarveol,CC1(C2CC1C(=C)C(C2)O)C,100.0,293.15,152.2,0.0074141898808115095,0.007392002433208182,0.1982790422639148,0.19698840131719675
Pinocarveol,CC1(C2CC1C(=C)C(C2)O)C,100.0,288.15,152.2,0.005829419835698621,0.005815186678836177,0.09462436007477495,0.09356973154058201
Pinocarveol,CC1(C2CC1C(=C)C(C2)O)C,100.0,283.15,152.2,0.00454651260592845,0.004537510264720756,-0.012687124383843392,-0.013543441124682636
Pinocarveol,CC1(C2CC1C(=C)C(C2)O)C,100.0,278.15,152.2,0.003515999591086868,0.003510389573286349,-0.12380559950472418,-0.12449631538706489
Pinocarveol,CC1(C2CC1C(=C)C(C2)O)C,100.0,298.15,152.2,0.009357427049885814,0.009323304269937896,0.2984127601656399,0.2968429899873712
"Propanedioic Acid, Dimethyl Ester",O=C(OC)CC(OC)=O,100.0,313.15,132.1,0.00507759593555804,0.00533883626056246,0.09582554946008774,0.11744805040747494
"Propanedioic Acid, Dimethyl Ester",O=C(OC)CC(OC)=O,100.0,333.15,132.1,0.013231105000015531,0.01439141842254549,0.50661336926552,0.5423928813866784
"Propanedioic Acid, Dimethyl Ester",O=C(OC)CC(OC)=O,100.0,328.15,132.1,0.010549983199610966,0.011356798711312897,0.40995581971800443,0.4414516914668283
"Propanedioic Acid, Dimethyl Ester",O=C(OC)CC(OC)=O,100.0,323.15,132.1,0.008342065961559661,0.00889969971423606,0.3093716941296861,0.337120929539328
"Propanedioic Acid, Dimethyl Ester",O=C(OC)CC(OC)=O,100.0,318.15,132.1,0.006538452311840307,0.006921419776315207,0.20471512101065276,0.22919259567607875
"Propanedioic Acid, Dimethyl Ester",O=C(OC)CC(OC)=O,100.0,308.15,132.1,0.003904934684473869,0.004081848946865303,-0.017473054164652103,0.0016575093046144699
"Propanedioic Acid, Dimethyl Ester",O=C(OC)CC(OC)=O,100.0,303.15,132.1,0.002972482465096342,0.003091367310212881,-0.1353736137590572,-0.11841807229428081
"Propanedioic Acid, Dimethyl Ester",O=C(OC)CC(OC)=O,100.0,298.15,132.1,0.002238414124245228,0.0023176307817783038,-0.25808435040338085,-0.24303107961448567
"Propanedioic Acid, Dimethyl Ester",O=C(OC)CC(OC)=O,100.0,293.15,132.1,0.0016665817506514922,0.0017188861039273901,-0.3858331493456156,-0.37244607074115177
"Propanedioic Acid, Dimethyl Ester",O=C(OC)CC(OC)=O,100.0,288.15,132.1,0.0012260613330406954,0.0012602557394827238,-0.5188661692876853,-0.5069415313967802
"Propanedioic Acid, Dimethyl Ester",O=C(OC)CC(OC)=O,100.0,283.15,132.1,0.0008906654169828832,0.0009127815426540473,-0.657449401268308,-0.6468112805438898
"Propanedioic Acid, Dimethyl Ester",O=C(OC)CC(OC)=O,100.0,278.15,132.1,0.0006384588875012685,0.0006525979702941964,-0.8018697820794103,-0.7923660429379551
Propiophenone,O=C(C1=CC=CC=C1)CC,100.0,328.15,134.2,0.03507479475527081,0.03719398988220753,0.9102198674795094,0.9344416277917442
Propiophenone,O=C(C1=CC=CC=C1)CC,100.0,323.15,134.2,0.028599958820313694,0.03047779584566279,0.8254498854078206,0.8519450898738935
Propiophenone,O=C(C1=CC=CC=C1)CC,100.0,318.15,134.2,0.023158964684106182,0.02476631229897486,0.737073814727673,0.765247390989837
Propiophenone,O=C(C1=CC=CC=C1)CC,100.0,313.15,134.2,0.018617186925382216,0.019952870821151894,0.6450174583259415,0.674298614579086
Propiophenone,O=C(C1=CC=CC=C1)CC,100.0,308.15,134.2,0.014852493720714871,0.015933715522468958,0.5491944639567925,0.5790527330725284
Propiophenone,O=C(C1=CC=CC=C1)CC,100.0,333.15,134.2,0.04273099588718518,0.04502307195687787,0.9914475911530685,1.0127955792597068
Propiophenone,O=C(C1=CC=CC=C1)CC,100.0,298.15,134.2,0.009225581327574395,0.009886382388406625,0.3458368115343936,0.37547413582335143
Propiophenone,O=C(C1=CC=CC=C1)CC,100.0,293.15,134.2,0.007177186721055462,0.007677617600767984,0.2380593300543597,0.26702290851261934
Propiophenone,O=C(C1=CC=CC=C1)CC,100.0,288.15,134.2,0.005532311489576242,0.005903874546667039,0.1260277782533223,0.1540285451650298
Propiophenone,O=C(C1=CC=CC=C1)CC,100.0,283.15,134.2,0.004223266217995556,0.004493948497185935,0.009579934895428544,0.03639188603187001
Propiophenone,O=C(C1=CC=CC=C1)CC,100.0,278.15,134.2,0.003191275908144892,0.0033848604480451374,-0.11146428183742071,-0.08600797170976716
Propiophenone,O=C(C1=CC=CC=C1)CC,100.0,303.15,134.2,0.011754810786228937,0.01260945147997143,0.44950549781219173,0.47946246310101787
Propylcyclohexane,CCCC1CCCCC1,100.0,333.15,126.2,0.002163468785122941,0.002476001499518159,-0.253091186427975,-0.19470589559248633
Propylcyclohexane,CCCC1CCCCC1,100.0,328.15,126.2,0.001583528950802143,0.0017874037327787827,-0.38821661210841235,-0.33576033779218295
Propylcyclohexane,CCCC1CCCCC1,100.0,323.15,126.2,0.001143785709484298,0.0012755413744709012,-0.529195012801316,-0.4819359178432494
Propylcyclohexane,CCCC1CCCCC1,100.0,318.15,126.2,0.000814644357750322,0.0008989113554466932,-0.6763447398512952,-0.6336540257012032
Propylcyclohexane,CCCC1CCCCC1,100.0,313.15,126.2,0.0005716544803367413,0.00062493231244064,-0.8300116072093882,-0.7913489860948214
Propylcyclohexane,CCCC1CCCCC1,100.0,308.15,126.2,0.0003948686713446647,0.0004281290512332215,-0.9905705816229629,-0.9554715094893055
Propylcyclohexane,CCCC1CCCCC1,100.0,303.15,126.2,0.0002682305057999014,0.0002887073406322865,-1.1584277068932927,-1.1264921800068934
Propylcyclohexane,CCCC1CCCCC1,100.0,293.15,126.2,0.0001172201233209299,0.00012462504105239657,-1.51782947624343,-1.4912314471612285
Propylcyclohexane,CCCC1CCCCC1,100.0,288.15,126.2,7.523841925794744e-05,7.957592913170255e-05,-1.7103630080123613,-1.6860239466335019
Propylcyclohexane,CCCC1CCCCC1,100.0,283.15,126.2,4.727095492454471e-05,4.976349955729835e-05,-1.9121889881612328,-1.8898741705004969
Propylcyclohexane,CCCC1CCCCC1,100.0,278.15,126.2,2.903236422684662e-05,3.043461952338868e-05,-2.123888368971357,-2.1034038639109878
Propylcyclohexane,CCCC1CCCCC1,100.0,298.15,126.2,0.00017899957115129864,0.000191415810575798,-1.3340223020257291,-1.3049050553306913
Propylene Carbonate,O=C1OC(C)CO1,100.0,313.15,102.09,0.004681040258065579,0.004913135622070329,0.17121557896500783,0.19201238856675784
Propylene Carbonate,O=C1OC(C)CO1,100.0,328.15,102.09,0.00975537726644406,0.01051975909508325,0.485341985845295,0.5173889059934915
Propylene Carbonate,O=C1OC(C)CO1,100.0,323.15,102.09,0.007702783738898592,0.008219113944460515,0.38467092800369407,0.4123631091284738
Propylene Carbonate,O=C1OC(C)CO1,100.0,318.15,102.09,0.0060312659948353175,0.00637832808298867,0.2800058979243712,0.30397694598768965
Propylene Carbonate,O=C1OC(C)CO1,100.0,308.15,102.09,0.0035997249206467046,0.0037540308371265176,0.05816692885163128,0.0762491164681874
Propylene Carbonate,O=C1OC(C)CO1,100.0,333.15,102.09,0.012256584748651659,0.013382653802869534,0.5821327671616677,0.619258550547649
Propylene Carbonate,O=C1OC(C)CO1,100.0,298.15,102.09,0.00206663778246031,0.0021336327654757196,-0.1813814578780589,-0.16758990387059236
Propylene Carbonate,O=C1OC(C)CO1,100.0,293.15,102.09,0.0015413191675116966,0.001585010935981175,-0.30825302042289376,-0.29615496312997225
Propylene Carbonate,O=C1OC(C)CO1,100.0,288.15,102.09,0.0011366431488260965,0.0011649178576101215,-0.44013572396631206,-0.42949152226492854
Propylene Carbonate,O=C1OC(C)CO1,100.0,283.15,102.09,0.0008283276652725029,0.0008464703362703479,-0.5772635795215634,-0.5678713154680058
Propylene Carbonate,O=C1OC(C)CO1,100.0,278.15,102.09,0.000596146316320611,0.0006076793713947017,-0.7198912612848344,-0.7115806433235611
Propylene Carbonate,O=C1OC(C)CO1,100.0,303.15,102.09,0.0027414535130000765,0.0028434600137575545,-0.059306671123141405,-0.04353735507807424
Propylene Glycol Monomethyl Ether,OC(C)COC,100.0,328.15,90.12,0.07172078551953535,0.06367589447591988,1.3401791559558822,1.2963006199253053
Propylene Glycol Monomethyl Ether,OC(C)COC,100.0,323.15,90.12,0.06096089339831298,0.0548750249885239,1.2800382233934342,1.240387125425527
Propylene Glycol Monomethyl Ether,OC(C)COC,100.0,318.15,90.12,0.05157607154418441,0.04702512986118423,1.2167621611252089,1.1812399589536924
Propylene Glycol Monomethyl Ether,OC(C)COC,100.0,313.15,90.12,0.043426283169196285,0.040063099382622994,1.1503318931435345,1.1187810313434243
Propylene Glycol Monomethyl Ether,OC(C)COC,100.0,308.15,90.12,0.03638111031215612,0.03392551816216679,1.0807292407237583,1.0529440584345433
Propylene Glycol Monomethyl Ether,OC(C)COC,100.0,333.15,90.12,0.08400564519597067,0.07349059091843207,1.3972080821904125,1.3490704055850968
Propylene Glycol Monomethyl Ether,OC(C)COC,100.0,298.15,90.12,0.025130408369339736,0.02386912549411349,0.9319277601156281,0.9109164532251228
Propylene Glycol Monomethyl Ether,OC(C)COC,100.0,293.15,90.12,0.020710689043008653,0.019823876815702142,0.8526780006883264,0.8346324806732957
Propylene Glycol Monomethyl Ether,OC(C)COC,100.0,288.15,90.12,0.01696668842164209,0.016351318451502703,0.7701498997968529,0.7547781028894944
Propylene Glycol Monomethyl Ether,OC(C)COC,100.0,283.15,90.12,0.013812982429528048,0.013391679473729792,0.6842978816173745,0.6713094606692278
Propylene Glycol Monomethyl Ether,OC(C)COC,100.0,278.15,90.12,0.011172170170277095,0.01088769496352054,0.5950645812117961,0.5841783414567954
Propylene Glycol Monomethyl Ether,OC(C)COC,100.0,303.15,90.12,0.030319691006911845,0.02854870113168542,1.0079354161280825,0.9836721574108057
Propylene Glycol Monophenyl Ether,CC(COC1=CC=CC=C1)O,100.0,333.15,152.19,0.04226038697861353,0.04179817483864103,0.9372910369534172,0.932734622709312
Propylene Glycol Monophenyl Ether,CC(COC1=CC=CC=C1)O,100.0,328.15,152.19,0.03532019935126698,0.034983437966784554,0.8626918557456076,0.8586925085948791
Propylene Glycol Monophenyl Ether,CC(COC1=CC=CC=C1)O,100.0,323.15,152.19,0.029371767856205242,0.02912799271215588,0.785457006011868,0.7819550118926849
Propylene Glycol Monophenyl Ether,CC(COC1=CC=CC=C1)O,100.0,318.15,152.19,0.02429758301994581,0.024122319487170564,0.705543084952994,0.7024840538275997
Propylene Glycol Monophenyl Ether,CC(COC1=CC=CC=C1)O,100.0,313.15,152.19,0.019990539613209977,0.019865461268161827,0.6228976757030099,0.6202327488751304
Propylene Glycol Monophenyl Ether,CC(COC1=CC=CC=C1)O,100.0,308.15,152.19,0.016353479939046307,0.016264936473274226,0.5374587789859538,0.5351442811341276
Propylene Glycol Monophenyl Ether,CC(COC1=CC=CC=C1)O,100.0,303.15,152.19,0.013298682237337808,0.013236556824871066,0.44915403996667536,0.4471509541192165
Propylene Glycol Monophenyl Ether,CC(COC1=CC=CC=C1)O,100.0,293.15,152.19,0.008628957135136521,0.00859929606064611,0.26360190046142884,0.26212112648826474
Propylene Glycol Monophenyl Ether,CC(COC1=CC=CC=C1)O,100.0,288.15,152.19,0.006880899899313788,0.00686075558936145,0.16615225538343462,0.1648889235311773
Propylene Glycol Monophenyl Ether,CC(COC1=CC=CC=C1)O,100.0,283.15,152.19,0.005447717701716304,0.005434213723103657,0.06543079165404876,0.06435959965470749
Propylene Glycol Monophenyl Ether,CC(COC1=CC=CC=C1)O,100.0,278.15,152.19,0.004280644340185566,0.00427171840921204,-0.0386962974413405,-0.039598400463106254
Propylene Glycol Monophenyl Ether,CC(COC1=CC=CC=C1)O,100.0,298.15,152.19,0.010747328923194101,0.010704169338772138,0.3579000870411097,0.3561737635326988
Pyrimidine,C1=CC=NC=N1,100.0,313.15,80.09,0.05929223789684492,0.05209132764862825,1.3108685666420155,1.2628597334071536
Pyrimidine,C1=CC=NC=N1,100.0,328.15,80.09,0.0974961108180081,0.07979227867637047,1.485656594775283,1.4172384032845649
Pyrimidine,C1=CC=NC=N1,100.0,323.15,80.09,0.082980221360788,0.06965123126198791,1.4308419276379578,1.3692359686716966
Pyrimidine,C1=CC=NC=N1,100.0,318.15,80.09,0.07030845543440074,0.06042898622229826,1.3725913643319505,1.3178319573151998
Pyrimidine,C1=CC=NC=N1,100.0,308.15,80.09,0.049756825334117016,0.04460206458391037,1.2456467941191602,1.2041706333977855
Pyrimidine,C1=CC=NC=N1,100.0,333.15,80.09,0.11405875592459555,0.09088571214342697,1.5370827083499246,1.4620200787408715
Pyrimidine,C1=CC=NC=N1,100.0,298.15,80.09,0.03449529191463618,0.032008359743152484,1.1046297119741835,1.0751514489347642
Pyrimidine,C1=CC=NC=N1,100.0,278.15,80.09,0.015463430848923439,0.015040216940573569,0.7798251275687493,0.7683141847170339
Pyrimidine,C1=CC=NC=N1,100.0,283.15,80.09,0.019076387271727967,0.01838426453099323,0.866425717619819,0.8512513311661023
Pyrimidine,C1=CC=NC=N1,100.0,303.15,80.09,0.04154071975699382,0.037921992477243864,1.1769057207841824,1.1416364548958593
Pyrimidine,C1=CC=NC=N1,100.0,293.15,80.09,0.028484059769212405,0.026814639434181477,1.0288032552123831,1.0046315560655354
Pyrimidine,C1=CC=NC=N1,100.0,288.15,80.09,0.023382269526962287,0.022290854829535252,0.9494089189689578,0.9300132228804624
Terpineol,CC1=CCC(CC1)C(C)(C)O,100.0,333.15,154.2,0.03895551743579866,0.038561935031936244,0.8982554307371171,0.8940286641006776
Terpineol,CC1=CCC(CC1)C(C)(C)O,100.0,328.15,154.2,0.032379350585083365,0.032093604580157226,0.821029001677901,0.8173134483795111
Terpineol,CC1=CCC(CC1)C(C)(C)O,100.0,323.15,154.2,0.02676824573728884,0.026562839280215925,0.7410213358018998,0.7377728883510551
Terpineol,CC1=CCC(CC1)C(C)(C)O,100.0,318.15,154.2,0.02200504879912763,0.02185891488864999,0.6581779661012137,0.6553535730490856
Terpineol,CC1=CCC(CC1)C(C)(C)O,100.0,308.15,154.2,0.014606262723128578,0.014534697122123994,0.4837196165854965,0.48162072967868486
Terpineol,CC1=CCC(CC1)C(C)(C)O,100.0,313.15,154.2,0.017983212533754747,0.017880366143867357,0.5724354126964937,0.5699935606798127
Terpineol,CC1=CCC(CC1)C(C)(C)O,100.0,298.15,154.2,0.009448473066457345,0.009415055888846332,0.29701641020398506,0.2954937599575086
Terpineol,CC1=CCC(CC1)C(C)(C)O,100.0,293.15,154.2,0.007520368516486577,0.007497972839545209,0.19882247705518905,0.19753801477376226
Terpineol,CC1=CCC(CC1)C(C)(C)O,100.0,288.15,154.2,0.005941494177855451,0.00592669211377872,0.09724089634355475,0.09616473595663388
Terpineol,CC1=CCC(CC1)C(C)(C)O,100.0,283.15,154.2,0.0046576719847362695,0.004648031412834132,-0.007865400321674883,-0.008760583337969773
Terpineol,CC1=CCC(CC1)C(C)(C)O,100.0,278.15,154.2,0.0036214622370654786,0.003615280162409062,-0.11664888585148578,-0.11738789521784469
Terpineol,CC1=CCC(CC1)C(C)(C)O,100.0,303.15,154.2,0.011787303989368758,0.011738094030139624,0.39194554391072634,0.3901522577837149
Tetrahydro-2H-Pyran-2-Ylmethanol,OCC1OCCCC1,100.0,333.15,116.2,0.1125291976707296,0.0864435967599749,1.419753340862151,1.32262037347858
Tetrahydro-2H-Pyran-2-Ylmethanol,OCC1OCCCC1,100.0,328.15,116.2,0.09637713147622416,0.07590293326257982,1.363153306485118,1.273379503953868
Tetrahydro-2H-Pyran-2-Ylmethanol,OCC1OCCCC1,100.0,323.15,116.2,0.0821869125476377,0.06630047875532873,1.3035968206571635,1.2213337137965232
Tetrahydro-2H-Pyran-2-Ylmethanol,OCC1OCCCC1,100.0,318.15,116.2,0.06977092750496816,0.05759138018494606,1.2410595577443513,1.1663382682525312
Tetrahydro-2H-Pyran-2-Ylmethanol,OCC1OCCCC1,100.0,313.15,116.2,0.05895321978309218,0.04973182691963034,1.175518701018956,1.108253780815158
Tetrahydro-2H-Pyran-2-Ylmethanol,OCC1OCCCC1,100.0,308.15,116.2,0.04956963338647173,0.042678226814341844,1.1069522092261161,1.0469492105608682
Tetrahydro-2H-Pyran-2-Ylmethanol,OCC1OCCCC1,100.0,303.15,116.2,0.041467414052635924,0.036386289816901334,1.0353353970958208,0.9823024199504191
Tetrahydro-2H-Pyran-2-Ylmethanol,OCC1OCCCC1,100.0,293.15,116.2,0.028552294294288662,0.02590432876595088,0.882829800555573,0.8425475441124978
Tetrahydro-2H-Pyran-2-Ylmethanol,OCC1OCCCC1,100.0,288.15,116.2,0.02348921803717237,0.021619154114050444,0.801863448606736,0.7672478608962643
Tetrahydro-2H-Pyran-2-Ylmethanol,OCC1OCCCC1,100.0,283.15,116.2,0.019206449420321212,0.0179056188349302,0.7176877382290319,0.6882206632169177
Tetrahydro-2H-Pyran-2-Ylmethanol,OCC1OCCCC1,100.0,278.15,116.2,0.01560448516054805,0.01471355993788434,0.6302388062045456,0.6053896943475495
Tetrahydro-2H-Pyran-2-Ylmethanol,OCC1OCCCC1,100.0,298.15,116.2,0.03450511782871308,0.03081061816574312,0.9606395987555781,0.9142022341878192
Tetrahydropyran,C1CCOCC1,100.0,333.15,86.13,0.177875852248461,0.10508217727641,1.6540280551073088,1.4888658451029353
Tetrahydropyran,C1CCOCC1,100.0,328.15,86.13,0.15423257227276357,0.0947074481588279,1.611689914159174,1.4535646509495688
Tetrahydropyran,C1CCOCC1,100.0,323.15,86.13,0.13319650081790152,0.08507163361001413,1.5662241415574247,1.4163121918853552
Tetrahydropyran,C1CCOCC1,100.0,318.15,86.13,0.11454457969114673,0.07612760523242855,1.5175237165858486,1.3769292386470755
Tetrahydropyran,C1CCOCC1,100.0,313.15,86.13,0.09806687711488468,0.06783472569644511,1.4654908824196464,1.3352184695314522
Tetrahydropyran,C1CCOCC1,100.0,308.15,86.13,0.08356618644498091,0.06015814115155465,1.4100366542326441,1.2909642030778474
Tetrahydropyran,C1CCOCC1,100.0,303.15,86.13,0.07085761858133513,0.053068053097503905,1.3510797869861229,1.243932536389006
Tetrahydropyran,C1CCOCC1,100.0,293.15,86.13,0.05013642163469224,0.04054913481996016,1.2223622567124142,1.1405179353003791
Tetrahydropyran,C1CCOCC1,100.0,288.15,86.13,0.04181191629921368,0.03507912151489375,1.1524620224561724,1.0835892789632717
Tetrahydropyran,C1CCOCC1,100.0,283.15,86.13,0.03465498268396135,0.030111516796620327,1.07877530384874,1.0227988253299898
Tetrahydropyran,C1CCOCC1,100.0,278.15,86.13,0.028536210046860452,0.02562964319938143,1.0012295335075208,0.9578551367481869
Tetrahydropyran,C1CCOCC1,100.0,298.15,86.13,0.05976819168472911,0.046539031466086664,1.2885452463332827,1.1938726416017007
Tetrahydrothiapyran,C1CCSCC1,100.0,313.15,102.2,0.013741692626124161,0.0173137017564868,0.629975510998359,0.7270281869550163
Tetrahydrothiapyran,C1CCSCC1,100.0,328.15,102.2,0.028276439899322842,0.03518447056869164,0.9300977103223164,1.0188599580899573
Tetrahydrothiapyran,C1CCSCC1,100.0,323.15,102.2,0.022425063862954342,0.028113629962134214,0.8346971810097045,0.9277362411674633
Tetrahydrothiapyran,C1CCSCC1,100.0,333.15,102.2,0.03536514928085056,0.043520255734556756,1.0209243816781337,1.1038769770430001
Tetrahydrothiapyran,C1CCSCC1,100.0,308.15,102.2,0.01060885553926891,0.013341357463717556,0.5205162271676003,0.617506382579621
Tetrahydrothiapyran,C1CCSCC1,100.0,318.15,102.2,0.017633237520794605,0.022196491827269724,0.734676591353187,0.8304558084857486
Tetrahydrothiapyran,C1CCSCC1,100.0,298.15,102.2,0.0061357970989418045,0.0076358334072274756,0.2869111605394176,0.38048615597816665
Tetrahydrothiapyran,C1CCSCC1,100.0,293.15,102.2,0.004592053517971489,0.005670838515967783,0.16250346724355189,0.2531255757402089
Tetrahydrothiapyran,C1CCSCC1,100.0,288.15,102.2,0.003397690890931408,0.004159162458734758,0.032810504959122674,0.11991167508586387
Tetrahydrothiapyran,C1CCSCC1,100.0,283.15,102.2,0.0024839651654639376,0.003011863107706601,-0.10236129746032464,-0.019172430269804298
Tetrahydrothiapyran,C1CCSCC1,100.0,278.15,102.2,0.001793154683265421,0.002152773348623371,-0.24323274083051985,-0.1641939660824905
Tetrahydrothiapyran,C1CCSCC1,100.0,303.15,102.2,0.008109913702824477,0.010155365054668132,0.40620112522239454,0.5019664368524068
Tetramethylene Sulfoxide,C1CCS(=O)C1,100.0,328.15,104.17,0.41784286100612855,0.16035655473811003,1.8404087267243752,1.5736602514437625
Tetramethylene Sulfoxide,C1CCS(=O)C1,100.0,323.15,104.17,0.37384036357832684,0.14858779372154332,1.8142123516008917,1.5487696853887343
Tetramethylene Sulfoxide,C1CCS(=O)C1,100.0,318.15,104.17,0.33334429794347936,0.1373874000179197,1.7858333225671688,1.5226967692141178
Tetramethylene Sulfoxide,C1CCS(=O)C1,100.0,313.15,104.17,0.2961786822694394,0.1267301901088089,1.7551218969401778,1.4953450874778655
Tetramethylene Sulfoxide,C1CCS(=O)C1,100.0,308.15,104.17,0.262171059381206,0.11659424760925745,1.7219267430532066,1.4666092905216341
Tetramethylene Sulfoxide,C1CCS(=O)C1,100.0,333.15,104.17,0.46553166899590304,0.1727227049086148,1.86456920709586,1.597457191150272
Tetramethylene Sulfoxide,C1CCS(=O)C1,100.0,298.15,104.17,0.20295536874640752,0.09781300220988827,1.6474806429204567,1.4045137153124414
Tetramethylene Sulfoxide,C1CCS(=O)C1,100.0,293.15,104.17,0.17741787991906707,0.08913738600755741,1.6059335985216896,1.3708892628525755
Tetramethylene Sulfoxide,C1CCS(=O)C1,100.0,288.15,104.17,0.15437845786333546,0.08092200050642577,1.5613127311890689,1.3353492270096223
Tetramethylene Sulfoxide,C1CCS(=O)C1,100.0,283.15,104.17,0.13367887289754238,0.07315688949806962,1.5134818550428875,1.2977268339934855
Tetramethylene Sulfoxide,C1CCS(=O)C1,100.0,278.15,104.17,0.11516337430469012,0.06583384354027885,1.4623110922574305,1.257839395348169
Tetramethylene Sulfoxide,C1CCS(=O)C1,100.0,303.15,104.17,0.2311517857201039,0.10696062439611906,1.6860959712520611,1.4363742186636959
Thymyl Methyl Ether,CC1=CC(=C(C=C1)C(C)C)OC,100.0,333.15,164.2,0.008949791478539106,0.010865852280402934,0.24691590539947353,0.3303506656038892
Thymyl Methyl Ether,CC1=CC(=C(C=C1)C(C)C)OC,100.0,328.15,164.2,0.006843617042921854,0.00819455371374546,0.13128755661896996,0.2089503998332345
Thymyl Methyl Ether,CC1=CC(=C(C=C1)C(C)C)OC,100.0,323.15,164.2,0.005174397188055413,0.006117318033416688,0.0105753297691164,0.08287331738464047
Thymyl Methyl Ether,CC1=CC(=C(C=C1)C(C)C)OC,100.0,318.15,164.2,0.003865928401193805,0.004517092472090327,-0.11547034141243494,-0.048144084434256613
Thymyl Methyl Ether,CC1=CC(=C(C=C1)C(C)C)OC,100.0,313.15,164.2,0.002852038621797173,0.003296753099568974,-0.24713410162965685,-0.18439377877162771
Thymyl Methyl Ether,CC1=CC(=C(C=C1)C(C)C)OC,100.0,308.15,164.2,0.0020760719020728063,0.0023762216935393193,-0.3847141704700934,-0.3261984197968502
Thymyl Methyl Ether,CC1=CC(=C(C=C1)C(C)C)OC,100.0,303.15,164.2,0.0014899298566410741,0.0016899887291538269,-0.5285390736883597,-0.47390700164685773
Thymyl Methyl Ether,CC1=CC(=C(C=C1)C(C)C)OC,100.0,293.15,164.2,0.0007328235921908544,0.0008181552498506986,-0.8363801692375873,-0.7885805644399659
Thymyl Methyl Ether,CC1=CC(=C(C=C1)C(C)C)OC,100.0,288.15,164.2,0.000501277611995323,0.0005557883826345106,-1.0012017722717699,-0.9563940498718699
Thymyl Methyl Ether,CC1=CC(=C(C=C1)C(C)C)OC,100.0,283.15,164.2,0.00033676428259860763,0.00037103283132242543,-1.1738833267588555,-1.1318117443652909
Thymyl Methyl Ether,CC1=CC(=C(C=C1)C(C)C)OC,100.0,278.15,164.2,0.00022194496816404922,0.0002431234729219785,-1.354914675267317,-1.3153421948786037
Thymyl Methyl Ether,CC1=CC(=C(C=C1)C(C)C)OC,100.0,298.15,164.2,0.001053299365498854,0.0011848835684511222,-0.678965508830372,-0.6278981882748004
Triethylene Glycol,OCCOCCOCCO,100.0,313.15,150.17,0.007902282998887488,0.008057873283328396,0.23145959194539859,0.23984869872499073
Triethylene Glycol,OCCOCCOCCO,100.0,333.15,150.17,0.016174725072396416,0.016888324702096988,0.5383767163441237,0.5567687729943098
Triethylene Glycol,OCCOCCOCCO,100.0,328.15,150.17,0.013614957750554057,0.014109546229274132,0.4648413107959302,0.4800894408045296
Triethylene Glycol,OCCOCCOCCO,100.0,323.15,150.17,0.011410008819623152,0.011749728575274303,0.3892211075209234,0.4017917396734603
Triethylene Glycol,OCCOCCOCCO,100.0,318.15,150.17,0.009518343492533875,0.009749443151701011,0.3114511547242591,0.321752852596117
Triethylene Glycol,OCCOCCOCCO,100.0,308.15,150.17,0.006527757955483508,0.006631357889657198,0.14916735709308143,0.15595326134197096
Triethylene Glycol,OCCOCCOCCO,100.0,303.15,150.17,0.005364068858428175,0.005432240234689475,0.06448802926630136,0.0699380455986503
Triethylene Glycol,OCCOCCOCCO,100.0,298.15,150.17,0.004383648363111255,0.004427944110346163,-0.022672588045029016,-0.01832868009201883
Triethylene Glycol,OCCOCCOCCO,100.0,293.15,150.17,0.0035618348804319984,0.003590231500774338,-0.11241662397350428,-0.10898239978825
Triethylene Glycol,OCCOCCOCCO,100.0,288.15,150.17,0.0028766513297316713,0.002894595119519257,-0.20485445830605584,-0.20216299435811544
Triethylene Glycol,OCCOCCOCCO,100.0,283.15,150.17,0.0023085932277809402,0.0023197584441024214,-0.300104942130659,-0.2980152837419903
Triethylene Glycol,OCCOCCOCCO,100.0,278.15,150.17,0.001840424163473199,0.0018472577111590133,-0.39829583914874805,-0.3966897611480317
Tropical Oxathiane,CCCC1CCOC(S1)C,100.0,328.15,160.3,0.018213465464351698,0.02111758091222131,0.5616275224787325,0.6245951508151725
Tropical Oxathiane,CCCC1CCOC(S1)C,100.0,323.15,160.3,0.014526429032155917,0.0167332363819644,0.46502938334989935,0.525470776354823
Tropical Oxathiane,CCCC1CCOC(S1)C,100.0,318.15,160.3,0.011496815241242927,0.01315347179384197,0.36479664026623404,0.42252153990013436
Tropical Oxathiane,CCCC1CCOC(S1)C,100.0,313.15,160.3,0.009026244517454578,0.01025479166910341,0.2608290153946971,0.315700004366106
Tropical Oxathiane,CCCC1CCOC(S1)C,100.0,308.15,160.3,0.007027461764749872,0.007927380837716462,0.15301469903228843,0.20494306450963773
Tropical Oxathiane,CCCC1CCOC(S1)C,100.0,333.15,160.3,0.02266802051337801,0.026443701522798426,0.6546806599688189,0.719928294045513
Tropical Oxathiane,CCCC1CCOC(S1)C,100.0,298.15,160.3,0.004147895120905332,0.004613011447837168,-0.07466441652982228,-0.028716535820715795
Tropical Oxathiane,CCCC1CCOC(S1)C,100.0,293.15,160.3,0.003142106875380571,0.003470176224200076,-0.1948191844547486,-0.15183610818447288
Tropical Oxathiane,CCCC1CCOC(S1)C,100.0,288.15,160.3,0.0023565904725350775,0.0025850112197454886,-0.31940264650722605,-0.2793271189443899
Tropical Oxathiane,CCCC1CCOC(S1)C,100.0,283.15,160.3,0.001749093907148318,0.0019060475877042398,-0.44860015059764424,-0.41135021307875025
Tropical Oxathiane,CCCC1CCOC(S1)C,100.0,278.15,160.3,0.001284067871916687,0.001390473116604553,-0.5826158330449782,-0.5480891539488086
Tropical Oxathiane,CCCC1CCOC(S1)C,100.0,303.15,160.3,0.005423683625719581,0.006074734843625258,0.04122944523947326,0.09017044759395089
Vanilla Carboxylate,COC(=O)C1CCCCC1,100.0,333.15,142.2,0.038396364084631436,0.04230378747698733,0.9245716836680353,0.9645673037011611
Vanilla Carboxylate,COC(=O)C1CCCCC1,100.0,328.15,142.2,0.03140802719457384,0.034803814853577315,0.8410918235406126,0.8838422042277851
Vanilla Carboxylate,COC(=O)C1CCCCC1,100.0,323.15,142.2,0.025511437720641145,0.028390614533648287,0.753992432956243,0.7988637512228192
Vanilla Carboxylate,COC(=O)C1CCCCC1,100.0,318.15,142.2,0.02056921360248507,0.02295554931193519,0.6631809297048478,0.7095423677660248
Vanilla Carboxylate,COC(=O)C1CCCCC1,100.0,313.15,142.2,0.016455968164925127,0.018392259440557005,0.5685515028034539,0.6157955224345105
Vanilla Carboxylate,COC(=O)C1CCCCC1,100.0,308.15,142.2,0.013057975163075511,0.014597825235728206,0.4699838451898232,0.517543235100774
Vanilla Carboxylate,COC(=O)C1CCCCC1,100.0,303.15,142.2,0.010272748745947921,0.011474025969973687,0.367341694166195,0.41470294537975766
Vanilla Carboxylate,COC(=O)C1CCCCC1,100.0,293.15,142.2,0.006183937453078585,0.006875968616952596,0.14920122819749412,0.19488310432984213
Vanilla Carboxylate,COC(=O)C1CCCCC1,100.0,288.15,142.2,0.004727016831616353,0.0052385706626846,0.03333899572868082,0.077678067900222
Vanilla Carboxylate,COC(=O)C1CCCCC1,100.0,283.15,142.2,0.0035749833792495436,0.003946713258582752,-0.08732803393599133,-0.044575067698411984
Vanilla Carboxylate,COC(=O)C1CCCCC1,100.0,278.15,142.2,0.0026733830790471942,0.002938993333772031,-0.2130345525181242,-0.1720463670500745
Vanilla Carboxylate,COC(=O)C1CCCCC1,100.0,298.15,142.2,0.008008566725151121,0.008928541305384494,0.26047151297338866,0.30718414044469927
W321818 Trans-2-Pentenal,O=C/C=C/CC,100.0,313.15,84.1,0.046077665680916494,0.043606820429891086,1.1987792467162803,1.1775853153388234
W321818 Trans-2-Pentenal,O=C/C=C/CC,100.0,328.15,84.1,0.07823442920778617,0.0694751431207171,1.3944939616183132,1.3519758001256912
W321818 Trans-2-Pentenal,O=C/C=C/CC,100.0,323.15,84.1,0.06595865997451578,0.05991553807424395,1.3331052182039247,1.2977831411168652
W321818 Trans-2-Pentenal,O=C/C=C/CC,100.0,318.15,84.1,0.05529385565481253,0.05130752656252797,1.2678876897251226,1.239722299935417
W321818 Trans-2-Pentenal,O=C/C=C/CC,100.0,308.15,84.1,0.03815773377305412,0.036767634014140044,1.1257227033785036,1.1111781785525336
W321818 Trans-2-Pentenal,O=C/C=C/CC,100.0,333.15,84.1,0.09229358967133815,0.08003031497765206,1.4521244385406757,1.4025180886225748
W321818 Trans-2-Pentenal,O=C/C=C/CC,100.0,298.15,84.1,0.025647478912629845,0.02547823049824716,0.9675445863671676,0.9648667297686213
W321818 Trans-2-Pentenal,O=C/C=C/CC,100.0,293.15,84.1,0.02080248571801368,0.020922823642568127,0.8823065085595951,0.8846693035530921
W321818 Trans-2-Pentenal,O=C/C=C/CC,100.0,288.15,84.1,0.016744213196670275,0.01701872716610255,0.7928813191796444,0.799615556183769
W321818 Trans-2-Pentenal,O=C/C=C/CC,100.0,283.15,84.1,0.01336966195887278,0.013707019853335055,0.6991905837020306,0.7096062510146656
W321818 Trans-2-Pentenal,O=C/C=C/CC,100.0,278.15,84.1,0.01058520473736318,0.010927676302913665,0.6011428954047797,0.6145551215044356
W321818 Trans-2-Pentenal,O=C/C=C/CC,100.0,303.15,84.1,0.031391768019132085,0.030741797256387284,1.048663149909011,1.040324273963381
Water,[H]O[H],100.0,328.15,18.02,8.127387694965627e-09,8.127407918265155e-09,-4.831495244386476,-4.831494163737247
Water,[H]O[H],100.0,323.15,18.02,5.765132242309107e-09,5.765142506528042e-09,-4.980636930171779,-4.9806361569563435
Water,[H]O[H],100.0,318.15,18.02,4.070541711481352e-09,4.0705468723811185e-09,-5.131793981895024,-5.131793431268383
Water,[H]O[H],100.0,313.15,18.02,2.860187684116114e-09,2.8601902538009324e-09,-5.285051650017155,-5.285051259833187
Water,[H]O[H],100.0,308.15,18.02,1.999591431306249e-09,1.9995926977888537e-09,-5.440504908831665,-5.440504633762366
Water,[H]O[H],100.0,333.15,18.02,1.1406522150935889e-08,1.1406561638096063e-08,-4.684292997681012,-4.684291494240918
Water,[H]O[H],100.0,298.15,18.02,9.616279469068579e-10,9.616282446576465e-10,-5.7584390918006,-5.758438957329152
Water,[H]O[H],100.0,293.15,18.02,6.611116283046346e-10,6.611117701730694e-10,-5.921171369864651,-5.921171276669087
Water,[H]O[H],100.0,288.15,18.02,4.516910917220959e-10,4.516911584758038e-10,-6.086604638882988,-6.086604574700265
Water,[H]O[H],100.0,283.15,18.02,3.0658117974181767e-10,3.065812107373282e-10,-6.254900672192332,-6.254900628284945
Water,[H]O[H],100.0,278.15,18.02,2.0663660356998202e-10,2.0663661776052206e-10,-6.426238907681242,-6.426238877856551
Water,[H]O[H],100.0,303.15,18.02,1.3905452305087316e-09,1.3905458480549448e-09,-5.598261051532361,-5.598260858660644
m-Diethylbenzene,CCC1=CC=CC(CC)=C1,100.0,333.15,134.2,0.007278695724233269,0.009029904932585897,0.2440960236853865,0.33664664574861786
m-Diethylbenzene,CCC1=CC=CC(CC)=C1,100.0,328.15,134.2,0.005527641587527723,0.006744488259643668,0.12566391742168412,0.21132114331269086
m-Diethylbenzene,CCC1=CC=CC(CC)=C1,100.0,323.15,134.2,0.0041493526579292565,0.0049870118682034505,0.0019576229067308796,0.08129892210883849
m-Diethylbenzene,CCC1=CC=CC(CC)=C1,100.0,318.15,134.2,0.0030766533575329446,0.0036475703365489195,-0.12727893762893575,-0.053708003022149835
m-Diethylbenzene,CCC1=CC=CC(CC)=C1,100.0,313.15,134.2,0.002251734826331427,0.002636736819210159,-0.26232800477563506,-0.1940176186044866
m-Diethylbenzene,CCC1=CC=CC(CC)=C1,100.0,308.15,134.2,0.001625385542111035,0.0018820723895545048,-0.40349950469339185,-0.3399791779553304
m-Diethylbenzene,CCC1=CC=CC(CC)=C1,100.0,303.15,134.2,0.0011561955975898305,0.001325256332682846,-0.5511326979598891,-0.4919693181552569
m-Diethylbenzene,CCC1=CC=CC(CC)=C1,100.0,293.15,134.2,0.0005578224004845965,0.0006282623444271257,-0.8672955203593579,-0.8156943115354116
m-Diethylbenzene,CCC1=CC=CC(CC)=C1,100.0,288.15,134.2,0.0003775789375914658,0.0004220549314809412,-1.036671430766737,-0.9883379200668082
m-Diethylbenzene,CCC1=CC=CC(CC)=C1,100.0,283.15,134.2,0.000250842173828977,0.00027847459926341354,-1.2141996691706047,-1.1688318554686876
m-Diethylbenzene,CCC1=CC=CC(CC)=C1,100.0,278.15,134.2,0.00016336038857868936,0.00018023367037858388,-1.4003989514390316,-1.3577202976108769
m-Diethylbenzene,CCC1=CC=CC(CC)=C1,100.0,298.15,134.2,0.0008097488708446981,0.0009196482287077599,-0.7055980043608062,-0.6503950377689959
m-Dimethoxybenzene,COC1=CC(OC)=CC=C1,100.0,313.15,138.2,0.005969675823998027,0.006947414287538567,0.14622720395057434,0.21152517294394413
m-Dimethoxybenzene,COC1=CC(OC)=CC=C1,100.0,328.15,138.2,0.01336074323077997,0.016026832226716362,0.4917830978516089,0.5692509414595811
m-Dimethoxybenzene,COC1=CC(OC)=CC=C1,100.0,323.15,138.2,0.010323718622111249,0.012258721842671854,0.3815601740386942,0.4550396588575615
m-Dimethoxybenzene,COC1=CC(OC)=CC=C1,100.0,318.15,138.2,0.00789389040072478,0.009278959846622793,0.2664376787413003,0.335834405640964
m-Dimethoxybenzene,COC1=CC(OC)=CC=C1,100.0,308.15,138.2,0.004462277562910611,0.005142846260443823,0.020720216132937456,0.08196640394182263
m-Dimethoxybenzene,COC1=CC(OC)=CC=C1,100.0,333.15,138.2,0.01712006412826891,0.02074277676610512,0.5972749694706887,0.6785432318548292
m-Dimethoxybenzene,COC1=CC(OC)=CC=C1,100.0,298.15,138.2,0.00240157002695162,0.002717378030609008,-0.2471253407220157,-0.1936570757974627
m-Dimethoxybenzene,COC1=CC(OC)=CC=C1,100.0,278.15,138.2,0.0005868495311692646,0.0006434008540543669,-0.8580203651963609,-0.818098986203805
m-Dimethoxybenzene,COC1=CC(OC)=CC=C1,100.0,283.15,138.2,0.0008542856479261516,0.0009433656358156025,-0.6951023811796275,-0.6520781759098941
m-Dimethoxybenzene,COC1=CC(OC)=CC=C1,100.0,303.15,138.2,0.0032948432314687183,0.003761844679595994,-0.11031326795313558,-0.053022647063977024
m-Dimethoxybenzene,COC1=CC(OC)=CC=C1,100.0,293.15,138.2,0.001726755128822943,0.0019371390867487408,-0.38999097487017326,-0.34018531718211614
m-Dimethoxybenzene,COC1=CC(OC)=CC=C1,100.0,288.15,138.2,0.0012238135155332593,0.00136181361763837,-0.5392089699363443,-0.49288819648963317
n-Butyl Acetate,CC(OCCCC)=O,100.0,333.15,116.16,0.043823916322004344,0.046827716207387654,1.0577501681887902,1.084355839090373
n-Butyl Acetate,CC(OCCCC)=O,100.0,328.15,116.16,0.036368467232347275,0.03904481183792002,0.9822379789958673,1.0111033207137408
n-Butyl Acetate,CC(OCCCC)=O,100.0,323.15,116.16,0.029985997998573592,0.032315534979706156,0.9031731239760364,0.9339293120221479
n-Butyl Acetate,CC(OCCCC)=O,100.0,318.15,116.16,0.0245553117447098,0.02653994752018848,0.8204757792088357,0.8527364860869056
n-Butyl Acetate,CC(OCCCC)=O,100.0,308.15,116.16,0.01610893827083137,0.017466502175259167,0.6438132156356786,0.6779146036867806
n-Butyl Acetate,CC(OCCCC)=O,100.0,313.15,116.16,0.0199641204702515,0.021621290058135925,0.7340562723200504,0.7674299219211698
n-Butyl Acetate,CC(OCCCC)=O,100.0,298.15,116.16,0.010235707106281779,0.011098436083188359,0.4513820644916887,0.4858594031454087
n-Butyl Acetate,CC(OCCCC)=O,100.0,293.15,116.16,0.008053082462317054,0.008723002215260544,0.34891737096253683,0.38310147978310494
n-Butyl Acetate,CC(OCCCC)=O,100.0,288.15,116.16,0.006276779427259977,0.0067881858473783285,0.242073177082932,0.27569196208135976
n-Butyl Acetate,CC(OCCCC)=O,100.0,283.15,116.16,0.004844088268182878,0.00522798061745348,0.1306654914940736,0.16348779205591268
n-Butyl Acetate,CC(OCCCC)=O,100.0,278.15,116.16,0.003699487795709303,0.003982906897878964,0.01448960816103427,0.04632648517090849
n-Butyl Acetate,CC(OCCCC)=O,100.0,303.15,116.16,0.01289493157294403,0.013986827491106758,0.5496318538201292,0.5840925085708996
n-Butyl Cyclohexane,CCCCC1CCCCC1,100.0,333.15,140.27,0.0022531052447415253,0.0025656646945819745,-0.2811741033382783,-0.22493563638525094
n-Butyl Cyclohexane,CCCCC1CCCCC1,100.0,328.15,140.27,0.0016499984336045992,0.0018543072057156864,-0.41612460714259686,-0.36554418414364653
n-Butyl Cyclohexane,CCCCC1CCCCC1,100.0,323.15,140.27,0.001192447186979301,0.0013247274158520526,-0.5569052101811821,-0.5112941144563535
n-Butyl Cyclohexane,CCCCC1CCCCC1,100.0,318.15,140.27,0.0008497876486742724,0.0009345327990269557,-0.7038363029976346,-0.662601058600765
n-Butyl Cyclohexane,CCCCC1CCCCC1,100.0,313.15,140.27,0.0005966716865551722,0.0006503350516426376,-0.8572652323207486,-0.8198944696088687
n-Butyl Cyclohexane,CCCCC1CCCCC1,100.0,308.15,140.27,0.000412407225823129,0.0004459567902698909,-1.0175680396469944,-0.9836208912499289
n-Butyl Cyclohexane,CCCCC1CCCCC1,100.0,303.15,140.27,0.000280328091653314,0.00030101122703420286,-1.185151433482159,-1.1542473015635974
n-Butyl Cyclohexane,CCCCC1CCCCC1,100.0,293.15,140.27,0.00012267981067398483,0.00013017874489117638,-1.5439539263012807,-1.5181912739106531
n-Butyl Cyclohexane,CCCCC1CCCCC1,100.0,288.15,140.27,7.880251883241718e-05,8.32006738175598e-05,-1.7361615845436538,-1.7125773804826434
n-Butyl Cyclohexane,CCCCC1CCCCC1,100.0,283.15,140.27,4.955090585189288e-05,5.2080779538589396e-05,-1.9376331918403777,-1.9160087752152286
n-Butyl Cyclohexane,CCCCC1CCCCC1,100.0,278.15,140.27,3.0458206133444575e-05,3.1883004836610516e-05,-2.148969441588809,-2.1291153409924046
n-Butyl Cyclohexane,CCCCC1CCCCC1,100.0,298.15,140.27,0.00018720146758908219,0.00019975926773085608,-1.3604550332310226,-1.332264596336202
n-Heptyl Acetate,CC(OCCCCCCC)=O,100.0,333.15,158.24,0.030785589863323026,0.033484280017833226,0.7893247633607287,0.8246109685254372
n-Heptyl Acetate,CC(OCCCCCCC)=O,100.0,328.15,158.24,0.025388228207152492,0.02756470972203063,0.7080343456678824,0.7427760009213038
n-Heptyl Acetate,CC(OCCCCCCC)=O,100.0,323.15,158.24,0.02080089998512271,0.02253962466846185,0.6235555489487284,0.6576337948536607
n-Heptyl Acetate,CC(OCCCCCCC)=O,100.0,318.15,158.24,0.01692596014418945,0.01830097864410727,0.5357842501643665,0.5690807842873811
n-Heptyl Acetate,CC(OCCCCCCC)=O,100.0,313.15,158.24,0.013673922314072036,0.014749745219169021,0.4446045440877906,0.4770056241004665
n-Heptyl Acetate,CC(OCCCCCCC)=O,100.0,308.15,158.24,0.01096322770983766,0.01179557058340585,0.3498877905118006,0.3812878197209742
n-Heptyl Acetate,CC(OCCCCCCC)=O,100.0,298.15,158.24,0.006877602263260515,0.007358450062511254,0.14925892862568121,0.17838741800245836
n-Heptyl Acetate,CC(OCCCCCCC)=O,100.0,293.15,158.24,0.00537656695693369,0.005735314309067035,0.043016915328192545,0.07090407393505936
n-Heptyl Acetate,CC(OCCCCCCC)=O,100.0,288.15,158.24,0.004163954398688437,0.004428175782338244,-0.06742397231565773,-0.04082677570878642
n-Heptyl Acetate,CC(OCCCCCCC)=O,100.0,283.15,158.24,0.0031930918878400956,0.00338513196530679,-0.18227108220967927,-0.15699543634520244
n-Heptyl Acetate,CC(OCCCCCCC)=O,100.0,278.15,158.24,0.002423132118151652,0.0025608231707242115,-0.3017502275140102,-0.277811268168489
n-Heptyl Acetate,CC(OCCCCCCC)=O,100.0,303.15,158.24,0.008719972917671787,0.009356456780671393,0.25149161664187425,0.281796220993764
n-Propyl Acetate,CC(OCCC)=O,100.0,313.15,102.13,0.022456644569739895,0.02432486292828089,0.8355568240109628,0.8685647035084615
n-Propyl Acetate,CC(OCCC)=O,100.0,328.15,102.13,0.04083163355558434,0.04350038157208856,1.0787928148126749,1.1039556905482069
n-Propyl Acetate,CC(OCCC)=O,100.0,323.15,102.13,0.0336883486549686,0.03613386527227818,1.0015839577805967,1.029848709915619
n-Propyl Acetate,CC(OCCC)=O,100.0,333.15,102.13,0.04916768040159193,0.051964153649258465,1.1522283024020015,1.1738479898717709
n-Propyl Acetate,CC(OCCC)=O,100.0,318.15,102.13,0.027604589832953372,0.029772586114528658,0.9205312576916362,0.9514180510838649
n-Propyl Acetate,CC(OCCC)=O,100.0,308.15,102.13,0.018130249762265627,0.019700067854490178,0.7465728233534951,0.781196774618678
n-Propyl Acetate,CC(OCCC)=O,100.0,288.15,102.13,0.0070772405613296445,0.007707641738986662,0.3483093000596832,0.3847741750496078
n-Propyl Acetate,CC(OCCC)=O,100.0,298.15,102.13,0.011531512822394356,0.012567605233616535,0.5561610664214357,0.5925629256692535
n-Propyl Acetate,CC(OCCC)=O,100.0,293.15,102.13,0.009076516597944576,0.009892567408009792,0.4544876586455472,0.49111369974994873
n-Propyl Acetate,CC(OCCC)=O,100.0,283.15,102.13,0.005463748753004881,0.005941704645706263,0.2374567208751641,0.2734260486817221
n-Propyl Acetate,CC(OCCC)=O,100.0,278.15,102.13,0.004174012190434828,0.004529850638837231,0.12173908495483035,0.15693248744586913
n-Propyl Acetate,CC(OCCC)=O,100.0,303.15,102.13,0.014520468338811465,0.015809541657430714,0.6534791146966152,0.6892258707666471
o-Methylanisole,COC1=CC=CC=C1C,100.0,333.15,122.2,0.014950542786158504,0.019484878189217986,0.5911560213365437,0.7029917198647985
o-Methylanisole,COC1=CC=CC=C1C,100.0,328.15,122.2,0.01154182768180094,0.014840773248636642,0.481198724039694,0.5880334738737811
o-Methylanisole,COC1=CC=CC=C1C,100.0,323.15,122.2,0.008814953300582405,0.011180773188804099,0.36609394261779915,0.4676536369994053
o-Methylanisole,COC1=CC=CC=C1C,100.0,318.15,122.2,0.006656228941814793,0.008328987457900554,0.24565195609700366,0.3418145344507653
o-Methylanisole,COC1=CC=CC=C1C,100.0,313.15,122.2,0.004966120814581202,0.006132306633397698,0.11965820949012841,0.21042453423842208
o-Methylanisole,COC1=CC=CC=C1C,100.0,308.15,122.2,0.0036583712184639398,0.004459970714651366,-0.012127105470146069,0.07333813226167982
o-Methylanisole,COC1=CC=CC=C1C,100.0,298.15,122.2,0.00190532440016826,0.0022680124824886096,-0.29417702070707413,-0.21876334232077752
o-Methylanisole,COC1=CC=CC=C1C,100.0,293.15,122.2,0.0013448595808439668,0.00158341168937877,-0.4450625378177183,-0.3743186860716016
o-Methylanisole,COC1=CC=CC=C1C,100.0,288.15,122.2,0.0009342335017204338,0.0010886995849361013,-0.6029859983719262,-0.5366455178072194
o-Methylanisole,COC1=CC=CC=C1C,100.0,283.15,122.2,0.0006381048395019664,0.0007365037800436962,-0.7683343317706293,-0.7061228646658562
o-Methylanisole,COC1=CC=CC=C1C,100.0,278.15,122.2,0.0004281017987213552,0.0004897209343822173,-0.941526737012247,-0.8831698959233463
o-Methylanisole,COC1=CC=CC=C1C,100.0,303.15,122.2,0.0026589993311038253,0.003202158381530612,-0.14997371707286838,-0.0696421995753093
o-Xylene,CC1=C(C)C=CC=C1,100.0,313.15,106.17,0.003952659185270526,0.005062855571547731,0.08164315414277304,0.18815658047728068
o-Xylene,CC1=C(C)C=CC=C1,100.0,333.15,106.17,0.012405343859854,0.017043077727434516,0.5708606840023103,0.7047382293517737
o-Xylene,CC1=C(C)C=CC=C1,100.0,328.15,106.17,0.009487057439140205,0.012796975835061432,0.4569588177611533,0.5840147681220315
o-Xylene,CC1=C(C)C=CC=C1,100.0,323.15,106.17,0.007173268079236714,0.00950375034277736,0.33759719709760244,0.45770753177356643
o-Xylene,CC1=C(C)C=CC=C1,100.0,318.15,106.17,0.005358876740897399,0.00697807317991035,0.21257048929689426,0.3257892812564817
o-Xylene,CC1=C(C)C=CC=C1,100.0,308.15,106.17,0.002876266557271135,0.003627349242702942,-0.0554523965518123,0.04463448059799865
o-Xylene,CC1=C(C)C=CC=C1,100.0,278.15,106.17,0.00030545167586167895,0.0003583783977350479,-1.0270262870280753,-0.9576747135519382
o-Xylene,CC1=C(C)C=CC=C1,100.0,298.15,106.17,0.0014575305966924208,0.0017873180827845023,-0.34938906308258494,-0.26110155392452195
o-Xylene,CC1=C(C)C=CC=C1,100.0,293.15,106.17,0.0010131308257692894,0.0012269454942600705,-0.5069411339815181,-0.42397393039086007
o-Xylene,CC1=C(C)C=CC=C1,100.0,288.15,106.17,0.0006921980980592296,0.0008286968234033177,-0.6720871062837093,-0.594044840672235
o-Xylene,CC1=C(C)C=CC=C1,100.0,283.15,106.17,0.00046433371611845993,0.000550065776483577,-0.8452818689069518,-0.7717747620919228
o-Xylene,CC1=C(C)C=CC=C1,100.0,303.15,106.17,0.002063164528666868,0.002564388368126048,-0.1990175223675412,-0.10501781698676754
p-Cymene,CC(C1=CC=C(C)C=C1)C,100.0,313.15,134.2,0.002441723989829443,0.0028827184849523524,-0.2272667119998281,-0.15543489747340503
p-Cymene,CC(C1=CC=C(C)C=C1)C,100.0,333.15,134.2,0.007868684196416922,0.009857213512149748,0.277580759146524,0.37420882373310116
p-Cymene,CC(C1=CC=C(C)C=C1)C,100.0,328.15,134.2,0.00598008173999849,0.007365605773476395,0.1595514428205647,0.24919731747886317
p-Cymene,CC(C1=CC=C(C)C=C1)C,100.0,323.15,134.2,0.004492369443159024,0.005448352184329594,0.036240237679818946,0.11943825355218295
p-Cymene,CC(C1=CC=C(C)C=C1)C,100.0,318.15,134.2,0.003333580667454329,0.00398642850945588,-0.09260595909285242,-0.015337775039409703
p-Cymene,CC(C1=CC=C(C)C=C1)C,100.0,308.15,134.2,0.00176397530813845,0.002058425206503821,-0.36804957595128,-0.30119002993604616
p-Cymene,CC(C1=CC=C(C)C=C1)C,100.0,303.15,134.2,0.0012558398913300576,0.0014500228229146262,-0.515291741303248,-0.45297198718087783
p-Cymene,CC(C1=CC=C(C)C=C1)C,100.0,298.15,134.2,0.000880299453974159,0.0010066754252068969,-0.6693618475190274,-0.6111814833239619
p-Cymene,CC(C1=CC=C(C)C=C1)C,100.0,293.15,134.2,0.0006069599778573964,0.0006880521064244997,-0.8306620198102178,-0.7762512482538794
p-Cymene,CC(C1=CC=C(C)C=C1)C,100.0,288.15,134.2,0.00041121595893992035,0.00046246829612377053,-0.9996301858292334,-0.948650109319095
p-Cymene,CC(C1=CC=C(C)C=C1)C,100.0,283.15,134.2,0.0002734483848825887,0.00030531840290652857,-1.1767389486935602,-1.1288811872834505
p-Cymene,CC(C1=CC=C(C)C=C1)C,100.0,278.15,134.2,0.00017825481615038743,0.00019773333447759472,-1.3625137188120826,-1.3174872399562303
p-Methoxystyrene,C=CC1=CC=C(OC)C=C1,100.0,328.15,134.2,0.011736229510062203,0.014382023184194716,0.44882983949403327,0.5355023131964184
p-Methoxystyrene,C=CC1=CC=C(OC)C=C1,100.0,323.15,134.2,0.009008852699419633,0.010909408122560266,0.3356459089030382,0.41760959305935996
p-Methoxystyrene,C=CC1=CC=C(OC)C=C1,100.0,318.15,134.2,0.006840231071888248,0.00818720526931397,0.21738380807766225,0.2946180338083528
p-Methoxystyrene,C=CC1=CC=C(OC)C=C1,100.0,313.15,134.2,0.005134196089059137,0.0060759946483425024,0.09383988596808342,0.1664024305923404
p-Methoxystyrene,C=CC1=CC=C(OC)C=C1,100.0,308.15,134.2,0.0038071714786873352,0.004456678877959029,-0.03520819814977874,0.03279822145710418
p-Methoxystyrene,C=CC1=CC=C(OC)C=C1,100.0,333.15,134.2,0.01513182059937839,0.01876584428649717,0.5571158191995886,0.6483812626763895
p-Methoxystyrene,C=CC1=CC=C(OC)C=C1,100.0,298.15,134.2,0.0020131490319395245,0.0023091898051046987,-0.31082105400235754,-0.25142131600060735
p-Methoxystyrene,C=CC1=CC=C(OC)C=C1,100.0,293.15,134.2,0.001433479359039581,0.0016289605748703783,-0.4579450901977532,-0.4025475469985082
p-Methoxystyrene,C=CC1=CC=C(OC)C=C1,100.0,288.15,134.2,0.0010054893052464505,0.0011325806564132452,-0.611692756194572,-0.5600801731317451
p-Methoxystyrene,C=CC1=CC=C(OC)C=C1,100.0,283.15,134.2,0.0006941814955665819,0.0007754830578338667,-0.7724033612568748,-0.7243547059427089
p-Methoxystyrene,C=CC1=CC=C(OC)C=C1,100.0,278.15,134.2,0.0004713004740636209,0.0005224359661834462,-0.9404397002213302,-0.8957363619689873
p-Methoxystyrene,C=CC1=CC=C(OC)C=C1,100.0,303.15,134.2,0.0027872249385768465,0.0032289044141979315,-0.17000582641753031,-0.10639679495555787
α-Angelica Lactone,CC1=CCC(=O)O1,100.0,333.15,98.1,0.0420550626748417,0.04433733292039538,1.1058352667074114,1.1266870575454313
α-Angelica Lactone,CC1=CCC(=O)O1,100.0,328.15,98.1,0.03444649961608504,0.036477004282530714,1.0262355300178934,1.0492106002623032
α-Angelica Lactone,CC1=CCC(=O)O1,100.0,323.15,98.1,0.028020056997922455,0.029768078946204576,0.9426249973992044,0.9672485292293826
α-Angelica Lactone,CC1=CCC(=O)O1,100.0,318.15,98.1,0.022627933958205775,0.02409106031855893,0.8549563857135278,0.8807624171241306
α-Angelica Lactone,CC1=CCC(=O)O1,100.0,313.15,98.1,0.018135033514139694,0.01932956358594516,0.7631728252547746,0.7897175960302605
α-Angelica Lactone,CC1=CCC(=O)O1,100.0,308.15,98.1,0.014418720849065357,0.015372075652460395,0.667206613722277,0.6940794659075259
α-Angelica Lactone,CC1=CCC(=O)O1,100.0,303.15,98.1,0.011368367362261045,0.012113307839194476,0.5669765081928747,0.5938069661992108
α-Angelica Lactone,CC1=CCC(=O)O1,100.0,293.15,98.1,0.006880044481514125,0.0073086913559601546,0.35331971095596953,0.3791411198627441
α-Angelica Lactone,CC1=CCC(=O)O1,100.0,288.15,98.1,0.005276148344613034,0.005592243688718876,0.2396468077686892,0.2645998379986929
α-Angelica Lactone,CC1=CCC(=O)O1,100.0,283.15,98.1,0.00400507870967904,0.004233969148335818,0.12121412071281834,0.14512119461291553
α-Angelica Lactone,CC1=CCC(=O)O1,100.0,278.15,98.1,0.0030077603810815066,0.00317057395395656,-0.0021520470475549585,0.02057892701828148
α-Angelica Lactone,CC1=CCC(=O)O1,100.0,298.15,98.1,0.008884850968288569,0.009455395755212615,0.4623852617338881,0.4888492089841266
α-Terpinyl Acetate,CC1=CCC(CC1)C(C)(C)OC(=O)C,100.0,313.15,196.3,0.013915946215252661,0.015068073927170801,0.36090113826637343,0.3951166226259182
α-Terpinyl Acetate,CC1=CCC(CC1)C(C)(C)OC(=O)C,100.0,328.15,196.3,0.026138127222351277,0.028430554632700743,0.6311799143622263,0.6670406064179215
α-Terpinyl Acetate,CC1=CCC(CC1)C(C)(C)OC(=O)C,100.0,333.15,196.3,0.03183562414381104,0.03464370292307953,0.7152046986841367,0.751122300702608
α-Terpinyl Acetate,CC1=CCC(CC1)C(C)(C)OC(=O)C,100.0,318.15,196.3,0.017286222863272274,0.018754606190930743,0.45412528567132693,0.48911413303022655
α-Terpinyl Acetate,CC1=CCC(CC1)C(C)(C)OC(=O)C,100.0,308.15,196.3,0.0111226979494389,0.012014801032313173,0.26439846773095005,0.29764926764625493
α-Terpinyl Acetate,CC1=CCC(CC1)C(C)(C)OC(=O)C,100.0,323.15,196.3,0.02132606492483344,0.023172940245560415,0.5441841334161005,0.5797290139815678
α-Terpinyl Acetate,CC1=CCC(CC1)C(C)(C)OC(=O)C,100.0,298.15,196.3,0.006944756451415052,0.007458738024632531,0.061044575202606983,0.09190519749521175
α-Terpinyl Acetate,CC1=CCC(CC1)C(C)(C)OC(=O)C,100.0,293.15,196.3,0.005420987090536193,0.0058033889369893885,-0.04609586531264702,-0.01660257374245148
α-Terpinyl Acetate,CC1=CCC(CC1)C(C)(C)OC(=O)C,100.0,288.15,196.3,0.004194944272439273,0.0044756512554905885,-0.157095135276147,-0.12904591705758817
α-Terpinyl Acetate,CC1=CCC(CC1)C(C)(C)OC(=O)C,100.0,283.15,196.3,0.0032166557529015984,0.0034199409110057767,-0.2721349471162345,-0.24557950169253542
α-Terpinyl Acetate,CC1=CCC(CC1)C(C)(C)OC(=O)C,100.0,278.15,196.3,0.0024428836137109396,0.0025881040750557883,-0.3914137389333211,-0.3663766429718576
α-Terpinyl Acetate,CC1=CCC(CC1)C(C)(C)OC(=O)C,100.0,303.15,196.3,0.008823570421849499,0.009505234487145613,0.16449220928436012,0.19661504115992054
β-Ionone    ,O=C(C)/C=C/C1=C(C)CCCC1(C)C,100.0,328.15,192.3,0.06284351349926878,0.0590124007607902,1.0099055048230905,0.9837046548193741
β-Ionone    ,O=C(C)/C=C/C1=C(C)CCCC1(C)C,100.0,323.15,192.3,0.053381915735791756,0.050764642246228425,0.9418013852440272,0.9207357488492128
β-Ionone    ,O=C(C)/C=C/C1=C(C)CCCC1(C)C,100.0,318.15,192.3,0.04512905936866453,0.04342306414268238,0.871287247675179,0.8550541481927776
β-Ionone    ,O=C(C)/C=C/C1=C(C)CCCC1(C)C,100.0,313.15,192.3,0.03796204867406375,0.036922680182946595,0.798296478234452,0.7865477588156241
β-Ionone    ,O=C(C)/C=C/C1=C(C)CCCC1(C)C,100.0,308.15,192.3,0.031766661514839006,0.031200036791287685,0.7227557802210417,0.7151077436047237
β-Ionone    ,O=C(C)/C=C/C1=C(C)CCCC1(C)C,100.0,333.15,192.3,0.07364569230540034,0.06823333031938256,1.0756601786031812,1.0440759518259186
β-Ionone    ,O=C(C)/C=C/C1=C(C)CCCC1(C)C,100.0,298.15,192.3,0.02187572018602255,0.021840708000368247,0.5636961317741384,0.563010961328288
β-Ionone    ,O=C(C)/C=C/C1=C(C)CCCC1(C)C,100.0,293.15,192.3,0.017992737691968956,0.01808354176541818,0.47999445899868676,0.48215346113413365
β-Ionone    ,O=C(C)/C=C/C1=C(C)CCCC1(C)C,100.0,288.15,192.3,0.01470593061670444,0.014863562770400277,0.393376973810742,0.39795998385104514
β-Ionone    ,O=C(C)/C=C/C1=C(C)CCCC1(C)C,100.0,283.15,192.3,0.011940321356456717,0.012124754591287994,0.30373291854405365,0.3103342966370862
β-Ionone    ,O=C(C)/C=C/C1=C(C)CCCC1(C)C,100.0,278.15,192.3,0.009627862345829272,0.009813440455120831,0.21094404728314653,0.21917946822596052
β-Ionone    ,O=C(C)/C=C/C1=C(C)CCCC1(C)C,100.0,303.15,192.3,0.02643710056852552,0.026193020631042722,0.644584861346222,0.6406294350876706
β-Ocimene,CC(=CCC=C(C)C=C)C,100.0,333.15,136.2,0.006700989529659839,0.008037358585462966,0.2022164361779964,0.280386860160361
β-Ocimene,CC(=CCC=C(C)C=C)C,100.0,328.15,136.2,0.005097206490904616,0.006027075393838058,0.0843765553562099,0.15659012396372793
β-Ocimene,CC(=CCC=C(C)C=C)C,100.0,323.15,136.2,0.0038327126120242683,0.004474010578623942,-0.03868560328602313,0.028117605903575787
β-Ocimene,CC(=CCC=C(C)C=C)C,100.0,318.15,136.2,0.002846858558671813,0.003284928999657237,-0.16722953362029574,-0.10533456770152184
β-Ocimene,CC(=CCC=C(C)C=C)C,100.0,313.15,136.2,0.002087349608340293,0.0023835264031865696,-0.30154017237648056,-0.24409486100394082
β-Ocimene,CC(=CCC=C(C)C=C)C,100.0,308.15,136.2,0.001509578203024425,0.0017076090098531696,-0.44192945089752156,-0.3885167265643452
β-Ocimene,CC(=CCC=C(C)C=C)C,100.0,303.15,136.2,0.0010759299030639112,0.0012067624640198663,-0.5887379848452905,-0.5389795656020592
β-Ocimene,CC(=CCC=C(C)C=C)C,100.0,293.15,136.2,0.0005212652349312284,0.0005761477581329256,-0.9031264411178437,-0.8596846591595155
β-Ocimene,CC(=CCC=C(C)C=C)C,100.0,288.15,136.2,0.0003536149496748175,0.00038839510686218494,-1.0715527460592738,-1.0308307425890328
β-Ocimene,CC(=CCC=C(C)C=C)C,100.0,283.15,136.2,0.0002354630265946946,0.00025715453119763926,-1.2480888556519913,-1.2098305764915183
β-Ocimene,CC(=CCC=C(C)C=C)C,100.0,278.15,136.2,0.00015371263442570354,0.00016701162050710035,-1.4332523357857654,-1.3972232932315154
β-Ocimene,CC(=CCC=C(C)C=C)C,100.0,298.15,136.2,0.0007550752637455077,0.0008404053729304629,-0.7423369471355189,-0.695890177441395
γ-Heptalactone,CCCC1CCC(=O)O1,100.0,313.15,128.2,0.028747592127189463,0.029224369094323372,0.8460975870671317,0.8529342440443732
γ-Heptalactone,CCCC1CCC(=O)O1,100.0,328.15,128.2,0.050817724562541904,0.05023608840361655,1.0795223349078236,1.0748858791269118
γ-Heptalactone,CCCC1CCC(=O)O1,100.0,323.15,128.2,0.04229416025038319,0.042254439004612766,1.0051368508804335,1.00475386816822
γ-Heptalactone,CCCC1CCC(=O)O1,100.0,333.15,128.2,0.06069899569968265,0.059302227987660085,1.1505685752545647,1.1413179637595405
γ-Heptalactone,CCCC1CCC(=O)O1,100.0,308.15,128.2,0.02346322910506511,0.024015170059882324,0.7613012874680593,0.7710409725004073
γ-Heptalactone,CCCC1CCC(=O)O1,100.0,318.15,128.2,0.034982667012546896,0.03527731383258451,0.9273510918212334,0.9308056640490393
γ-Heptalactone,CCCC1CCC(=O)O1,100.0,298.15,128.2,0.015292514724266435,0.015809312531599035,0.5807299175778866,0.5948244477753839
γ-Heptalactone,CCCC1CCC(=O)O1,100.0,293.15,128.2,0.012202951301766643,0.012657248436038233,0.4847513556650593,0.5003258829164062
γ-Heptalactone,CCCC1CCC(=O)O1,100.0,288.15,128.2,0.009657160832567414,0.010039939073650106,0.38482035928740327,0.40144829015175726
γ-Heptalactone,CCCC1CCC(=O)O1,100.0,283.15,128.2,0.007576160926771168,0.007887697051062039,0.28080184505411976,0.29809573971704884
γ-Heptalactone,CCCC1CCC(=O)O1,100.0,278.15,128.2,0.005889375093842595,0.006135509236861339,0.1725451099243713,0.19016242550884377
γ-Heptalactone,CCCC1CCC(=O)O1,100.0,303.15,128.2,0.019013638533216335,0.019569737527602528,0.6728772888011962,0.6850337431730892
γ-Hexalactone,CCC1CCC(=O)O1,100.0,333.15,114.1,0.06287455983082382,0.06054771795157804,1.2073596652897953,1.19267207204056
γ-Hexalactone,CCC1CCC(=O)O1,100.0,328.15,114.1,0.05260738869002278,0.051347407852358744,1.1374367300334247,1.1278385519482403
γ-Hexalactone,CCC1CCC(=O)O1,100.0,323.15,114.1,0.043755868024849966,0.04323410458884969,1.0640025013615284,1.059183434644832
γ-Hexalactone,CCC1CCC(=O)O1,100.0,318.15,114.1,0.03616750129954034,0.03612984303734759,0.9870028389363728,0.9865789735884037
γ-Hexalactone,CCC1CCC(=O)O1,100.0,313.15,114.1,0.029700393227822905,0.029956244872199434,0.9063798925144119,0.9099088232507855
γ-Hexalactone,CCC1CCC(=O)O1,100.0,308.15,114.1,0.02422300382700174,0.024634580524176546,0.8220683394918216,0.829066788513227
γ-Hexalactone,CCC1CCC(=O)O1,100.0,303.15,114.1,0.01961412469003123,0.020086266974043865,0.7339944540711785,0.7439561166860483
γ-Hexalactone,CCC1CCC(=O)O1,100.0,298.15,114.1,0.015762665079659562,0.016233530636538242,0.6420740333439656,0.6544871671831851
γ-Hexalactone,CCC1CCC(=O)O1,100.0,293.15,114.1,0.012567411791677901,0.013000252389921777,0.5462107696856854,0.5605744087860611
γ-Hexalactone,CCC1CCC(=O)O1,100.0,288.15,114.1,0.009936725718088409,0.010312894561204124,0.44629444886546177,0.46213279488577136
γ-Hexalactone,CCC1CCC(=O)O1,100.0,283.15,114.1,0.0077882278555740465,0.008101420881896422,0.34220109281542826,0.3590737577381096
γ-Hexalactone,CCC1CCC(=O)O1,100.0,278.15,114.1,0.0060483452520696465,0.006300123458845702,0.23378980767311963,0.251300757212318
γ-Nonalactone,CCCCCC1CCC(=O)O1,100.0,328.15,156.2,0.047097074941915874,0.047352761256392255,0.9718349872927312,0.97407101652282
γ-Nonalactone,CCCCCC1CCC(=O)O1,100.0,323.15,156.2,0.039201841087987105,0.039734527617773796,0.8957243505450762,0.9013436852424593
γ-Nonalactone,CCCCCC1CCC(=O)O1,100.0,333.15,156.2,0.05625032858230663,0.05604186605745957,1.0448558922286395,1.043336593834515
γ-Nonalactone,CCCCCC1CCC(=O)O1,100.0,318.15,156.2,0.032429329162462696,0.033101282956206714,0.8164477007331492,0.8250468105484251
γ-Nonalactone,CCCCCC1CCC(=O)O1,100.0,313.15,156.2,0.026653651683119034,0.0273679659342553,0.7339207216651676,0.7450773739390437
γ-Nonalactone,CCCCCC1CCC(=O)O1,100.0,308.15,156.2,0.021758206565912118,0.022450705828673874,0.6480496200283468,0.6613357558592242
γ-Nonalactone,CCCCCC1CCC(=O)O1,100.0,288.15,156.2,0.0089632737187525,0.009341962680619164,0.26886287086155825,0.2866564727966135
γ-Nonalactone,CCCCCC1CCC(=O)O1,100.0,298.15,156.2,0.014187235012734957,0.014738425906756291,0.4658467289738657,0.48214265705894754
γ-Nonalactone,CCCCCC1CCC(=O)O1,100.0,293.15,156.2,0.011323549867305924,0.011787407344747087,0.3692713927515417,0.38648978242103627
γ-Nonalactone,CCCCCC1CCC(=O)O1,100.0,283.15,156.2,0.007033349089001574,0.007334369195492599,0.164465988257346,0.18252489403685304
γ-Nonalactone,CCCCCC1CCC(=O)O1,100.0,278.15,156.2,0.005468516368033271,0.005702090132982388,0.055910634079220804,0.07396506308650802
γ-Nonalactone,CCCCCC1CCC(=O)O1,100.0,303.15,156.2,0.01763555362444685,0.018267400081834896,0.5587301685178718,0.5737238356650882
γ-Valerolactone,CC(CC1)OC1=O,100.0,323.15,100.1,0.04370399060232557,0.04215819391044348,1.1134032053857068,1.0991498833080477
γ-Valerolactone,CC(CC1)OC1=O,100.0,318.15,100.1,0.036184850444145045,0.035334757734570406,1.0381915954134973,1.028640472442785
γ-Valerolactone,CC(CC1)OC1=O,100.0,313.15,100.1,0.029770099838295944,0.029399075486217133,0.9593165158827077,0.954211936754181
γ-Valerolactone,CC(CC1)OC1=O,100.0,308.15,100.1,0.024330450773544864,0.024272115749087643,0.8767282439100119,0.8757401108236184
γ-Valerolactone,CC(CC1)OC1=O,100.0,303.15,100.1,0.01974684963649327,0.01987735629900465,0.7903702419335624,0.7931081855445951
γ-Valerolactone,CC(CC1)OC1=O,100.0,293.15,100.1,0.01272135251531678,0.012991335351247465,0.6060713763820545,0.6149338285481497
γ-Valerolactone,CC(CC1)OC1=O,100.0,288.15,100.1,0.010090319540503689,0.010360734144566506,0.5079658545996243,0.5191914927706726
γ-Valerolactone,CC(CC1)OC1=O,100.0,283.15,100.1,0.007936324992963316,0.00818439177872161,0.405756768338636,0.4188840991257233
γ-Valerolactone,CC(CC1)OC1=O,100.0,278.15,100.1,0.006187213888318619,0.006401679859425501,0.29932588180239617,0.3139167100774664
γ-Valerolactone,CC(CC1)OC1=O,100.0,328.15,100.1,0.05246729498100377,0.049951050618937724,1.184997172320496,1.1658709912629694
γ-Valerolactone,CC(CC1)OC1=O,100.0,298.15,100.1,0.015910256420916032,0.016140833035379904,0.7001770075531849,0.7062069111385493
γ-Valerolactone,CC(CC1)OC1=O,100.0,333.15,100.1,0.0626248529703887,0.05879765305552107,1.2530155485530918,1.228938372689891
