Solvent,Smiles,MWt (g/mol),Temperature,LogS
(1-Thiapropyl)-Benzene,C1=CC=CC=C1SCC,138.2,278.15,
(1-Thiapropyl)-Benzene,C1=CC=CC=C1SCC,138.2,283.15,
(1-Thiapropyl)-Benzene,C1=CC=CC=C1SCC,138.2,288.15,
(1-Thiapropyl)-Benzene,C1=CC=CC=C1SCC,138.2,293.15,
(1-Thiapropyl)-Benzene,C1=CC=CC=C1SCC,138.2,298.15,
(1-Thiapropyl)-Benzene,C1=CC=CC=C1SCC,138.2,303.15,
(1-Thiapropyl)-Benzene,C1=CC=CC=C1SCC,138.2,308.15,
(1-Thiapropyl)-Benzene,C1=CC=CC=C1SCC,138.2,313.15,
(1-Thiapropyl)-Benzene,C1=CC=CC=C1SCC,138.2,318.15,
(1-Thiapropyl)-Benzene,C1=CC=CC=C1SCC,138.2,323.15,
(1-Thiapropyl)-Benzene,C1=CC=CC=C1SCC,138.2,328.15,
(1-Thiapropyl)-Benzene,C1=CC=CC=C1SCC,138.2,333.15,
(E)-Citral,CC(=CCC/C(=C/C=O)/C)C,152.2,278.15,
(E)-Citral,CC(=CCC/C(=C/C=O)/C)C,152.2,283.15,
(E)-Citral,CC(=CCC/C(=C/C=O)/C)C,152.2,288.15,
(E)-Citral,CC(=CCC/C(=C/C=O)/C)C,152.2,293.15,
(E)-Citral,CC(=CCC/C(=C/C=O)/C)C,152.2,298.15,
(E)-Citral,CC(=CCC/C(=C/C=O)/C)C,152.2,303.15,
(E)-Citral,CC(=CCC/C(=C/C=O)/C)C,152.2,308.15,
(E)-Citral,CC(=CCC/C(=C/C=O)/C)C,152.2,313.15,
(E)-Citral,CC(=CCC/C(=C/C=O)/C)C,152.2,318.15,
(E)-Citral,CC(=CCC/C(=C/C=O)/C)C,152.2,323.15,
(E)-Citral,CC(=CCC/C(=C/C=O)/C)C,152.2,328.15,
(E)-Citral,CC(=CCC/C(=C/C=O)/C)C,152.2,333.15,
(Z)-3-Hexen-1-Yl Formate,CC\C=C/CCOC=O,128.2,278.15,
(Z)-3-Hexen-1-Yl Formate,CC\C=C/CCOC=O,128.2,283.15,
(Z)-3-Hexen-1-Yl Formate,CC\C=C/CCOC=O,128.2,288.15,
(Z)-3-Hexen-1-Yl Formate,CC\C=C/CCOC=O,128.2,293.15,
(Z)-3-Hexen-1-Yl Formate,CC\C=C/CCOC=O,128.2,298.15,
(Z)-3-Hexen-1-Yl Formate,CC\C=C/CCOC=O,128.2,303.15,
(Z)-3-Hexen-1-Yl Formate,CC\C=C/CCOC=O,128.2,308.15,
(Z)-3-Hexen-1-Yl Formate,CC\C=C/CCOC=O,128.2,313.15,
(Z)-3-Hexen-1-Yl Formate,CC\C=C/CCOC=O,128.2,318.15,
(Z)-3-Hexen-1-Yl Formate,CC\C=C/CCOC=O,128.2,323.15,
(Z)-3-Hexen-1-Yl Formate,CC\C=C/CCOC=O,128.2,328.15,
(Z)-3-Hexen-1-Yl Formate,CC\C=C/CCOC=O,128.2,333.15,
(Z)-3-Hexen-1-ol,CC\C=C/CCO,100.2,278.15,
(Z)-3-Hexen-1-ol,CC\C=C/CCO,100.2,283.15,
(Z)-3-Hexen-1-ol,CC\C=C/CCO,100.2,288.15,
(Z)-3-Hexen-1-ol,CC\C=C/CCO,100.2,293.15,
(Z)-3-Hexen-1-ol,CC\C=C/CCO,100.2,298.15,
(Z)-3-Hexen-1-ol,CC\C=C/CCO,100.2,303.15,
(Z)-3-Hexen-1-ol,CC\C=C/CCO,100.2,308.15,
(Z)-3-Hexen-1-ol,CC\C=C/CCO,100.2,313.15,
(Z)-3-Hexen-1-ol,CC\C=C/CCO,100.2,318.15,
(Z)-3-Hexen-1-ol,CC\C=C/CCO,100.2,323.15,
(Z)-3-Hexen-1-ol,CC\C=C/CCO,100.2,328.15,
(Z)-3-Hexen-1-ol,CC\C=C/CCO,100.2,333.15,
(Z)-4-Hepten-1-ol,CC\C=C/CCCO,114.2,278.15,
(Z)-4-Hepten-1-ol,CC\C=C/CCCO,114.2,283.15,
(Z)-4-Hepten-1-ol,CC\C=C/CCCO,114.2,288.15,
(Z)-4-Hepten-1-ol,CC\C=C/CCCO,114.2,293.15,
(Z)-4-Hepten-1-ol,CC\C=C/CCCO,114.2,298.15,
(Z)-4-Hepten-1-ol,CC\C=C/CCCO,114.2,303.15,
(Z)-4-Hepten-1-ol,CC\C=C/CCCO,114.2,308.15,
(Z)-4-Hepten-1-ol,CC\C=C/CCCO,114.2,313.15,
(Z)-4-Hepten-1-ol,CC\C=C/CCCO,114.2,318.15,
(Z)-4-Hepten-1-ol,CC\C=C/CCCO,114.2,323.15,
(Z)-4-Hepten-1-ol,CC\C=C/CCCO,114.2,328.15,
(Z)-4-Hepten-1-ol,CC\C=C/CCCO,114.2,333.15,
(Z)-6-Nonen-1-Al,CC\C=C/CCCCC=O,140.2,278.15,
(Z)-6-Nonen-1-Al,CC\C=C/CCCCC=O,140.2,283.15,
(Z)-6-Nonen-1-Al,CC\C=C/CCCCC=O,140.2,288.15,
(Z)-6-Nonen-1-Al,CC\C=C/CCCCC=O,140.2,293.15,
(Z)-6-Nonen-1-Al,CC\C=C/CCCCC=O,140.2,298.15,
(Z)-6-Nonen-1-Al,CC\C=C/CCCCC=O,140.2,303.15,
(Z)-6-Nonen-1-Al,CC\C=C/CCCCC=O,140.2,308.15,
(Z)-6-Nonen-1-Al,CC\C=C/CCCCC=O,140.2,313.15,
(Z)-6-Nonen-1-Al,CC\C=C/CCCCC=O,140.2,318.15,
(Z)-6-Nonen-1-Al,CC\C=C/CCCCC=O,140.2,323.15,
(Z)-6-Nonen-1-Al,CC\C=C/CCCCC=O,140.2,328.15,
(Z)-6-Nonen-1-Al,CC\C=C/CCCCC=O,140.2,333.15,
(Z)-Verbenol,CC1=C[C@H]([C@@H]2C[C@H]1C2(C)C)O,152.2,278.15,
(Z)-Verbenol,CC1=C[C@H]([C@@H]2C[C@H]1C2(C)C)O,152.2,283.15,
(Z)-Verbenol,CC1=C[C@H]([C@@H]2C[C@H]1C2(C)C)O,152.2,288.15,
(Z)-Verbenol,CC1=C[C@H]([C@@H]2C[C@H]1C2(C)C)O,152.2,293.15,
(Z)-Verbenol,CC1=C[C@H]([C@@H]2C[C@H]1C2(C)C)O,152.2,298.15,
(Z)-Verbenol,CC1=C[C@H]([C@@H]2C[C@H]1C2(C)C)O,152.2,303.15,
(Z)-Verbenol,CC1=C[C@H]([C@@H]2C[C@H]1C2(C)C)O,152.2,308.15,
(Z)-Verbenol,CC1=C[C@H]([C@@H]2C[C@H]1C2(C)C)O,152.2,313.15,
(Z)-Verbenol,CC1=C[C@H]([C@@H]2C[C@H]1C2(C)C)O,152.2,318.15,
(Z)-Verbenol,CC1=C[C@H]([C@@H]2C[C@H]1C2(C)C)O,152.2,323.15,
(Z)-Verbenol,CC1=C[C@H]([C@@H]2C[C@H]1C2(C)C)O,152.2,328.15,
(Z)-Verbenol,CC1=C[C@H]([C@@H]2C[C@H]1C2(C)C)O,152.2,333.15,
"1,1-Dimethylcyclohexane",CC1(C)CCCCC1,112.2,278.15,
"1,1-Dimethylcyclohexane",CC1(C)CCCCC1,112.2,283.15,
"1,1-Dimethylcyclohexane",CC1(C)CCCCC1,112.2,288.15,
"1,1-Dimethylcyclohexane",CC1(C)CCCCC1,112.2,293.15,
"1,1-Dimethylcyclohexane",CC1(C)CCCCC1,112.2,298.15,
"1,1-Dimethylcyclohexane",CC1(C)CCCCC1,112.2,303.15,
"1,1-Dimethylcyclohexane",CC1(C)CCCCC1,112.2,308.15,
"1,1-Dimethylcyclohexane",CC1(C)CCCCC1,112.2,313.15,
"1,1-Dimethylcyclohexane",CC1(C)CCCCC1,112.2,318.15,
"1,1-Dimethylcyclohexane",CC1(C)CCCCC1,112.2,323.15,
"1,1-Dimethylcyclohexane",CC1(C)CCCCC1,112.2,328.15,
"1,1-Dimethylcyclohexane",CC1(C)CCCCC1,112.2,333.15,
"1,2,3-Trimethylbenzene",CC(C(C)=CC=C1)=C1C,120.2,278.15,
"1,2,3-Trimethylbenzene",CC(C(C)=CC=C1)=C1C,120.2,283.15,
"1,2,3-Trimethylbenzene",CC(C(C)=CC=C1)=C1C,120.2,288.15,
"1,2,3-Trimethylbenzene",CC(C(C)=CC=C1)=C1C,120.2,293.15,
"1,2,3-Trimethylbenzene",CC(C(C)=CC=C1)=C1C,120.2,298.15,
"1,2,3-Trimethylbenzene",CC(C(C)=CC=C1)=C1C,120.2,303.15,
"1,2,3-Trimethylbenzene",CC(C(C)=CC=C1)=C1C,120.2,308.15,
"1,2,3-Trimethylbenzene",CC(C(C)=CC=C1)=C1C,120.2,313.15,
"1,2,3-Trimethylbenzene",CC(C(C)=CC=C1)=C1C,120.2,318.15,
"1,2,3-Trimethylbenzene",CC(C(C)=CC=C1)=C1C,120.2,323.15,
"1,2,3-Trimethylbenzene",CC(C(C)=CC=C1)=C1C,120.2,328.15,
"1,2,3-Trimethylbenzene",CC(C(C)=CC=C1)=C1C,120.2,333.15,
"1,2-Cyclohexanedione",C1CCC(=O)C(=O)C1,112.13,278.15,
"1,2-Cyclohexanedione",C1CCC(=O)C(=O)C1,112.13,283.15,
"1,2-Cyclohexanedione",C1CCC(=O)C(=O)C1,112.13,288.15,
"1,2-Cyclohexanedione",C1CCC(=O)C(=O)C1,112.13,293.15,
"1,2-Cyclohexanedione",C1CCC(=O)C(=O)C1,112.13,298.15,
"1,2-Cyclohexanedione",C1CCC(=O)C(=O)C1,112.13,303.15,
"1,2-Cyclohexanedione",C1CCC(=O)C(=O)C1,112.13,308.15,
"1,2-Cyclohexanedione",C1CCC(=O)C(=O)C1,112.13,313.15,
"1,2-Cyclohexanedione",C1CCC(=O)C(=O)C1,112.13,318.15,
"1,2-Cyclohexanedione",C1CCC(=O)C(=O)C1,112.13,323.15,
"1,2-Cyclohexanedione",C1CCC(=O)C(=O)C1,112.13,328.15,
"1,2-Cyclohexanedione",C1CCC(=O)C(=O)C1,112.13,333.15,
"1,3-Butanediol",CC(O)CCO,90.12,278.15,
"1,3-Butanediol",CC(O)CCO,90.12,283.15,
"1,3-Butanediol",CC(O)CCO,90.12,288.15,
"1,3-Butanediol",CC(O)CCO,90.12,293.15,
"1,3-Butanediol",CC(O)CCO,90.12,298.15,
"1,3-Butanediol",CC(O)CCO,90.12,303.15,
"1,3-Butanediol",CC(O)CCO,90.12,308.15,
"1,3-Butanediol",CC(O)CCO,90.12,313.15,
"1,3-Butanediol",CC(O)CCO,90.12,318.15,
"1,3-Butanediol",CC(O)CCO,90.12,323.15,
"1,3-Butanediol",CC(O)CCO,90.12,328.15,
"1,3-Butanediol",CC(O)CCO,90.12,333.15,
"1,3-Cyclohexadiene",C1=CCCC=C1,80.1,278.15,
"1,3-Cyclohexadiene",C1=CCCC=C1,80.1,283.15,
"1,3-Cyclohexadiene",C1=CCCC=C1,80.1,288.15,
"1,3-Cyclohexadiene",C1=CCCC=C1,80.1,293.15,
"1,3-Cyclohexadiene",C1=CCCC=C1,80.1,298.15,
"1,3-Cyclohexadiene",C1=CCCC=C1,80.1,303.15,
"1,3-Cyclohexadiene",C1=CCCC=C1,80.1,308.15,
"1,3-Cyclohexadiene",C1=CCCC=C1,80.1,313.15,
"1,3-Cyclohexadiene",C1=CCCC=C1,80.1,318.15,
"1,3-Cyclohexadiene",C1=CCCC=C1,80.1,323.15,
"1,3-Cyclohexadiene",C1=CCCC=C1,80.1,328.15,
"1,3-Cyclohexadiene",C1=CCCC=C1,80.1,333.15,
"1,3-Dioxolane",C1OCCO1,74.08,278.15,
"1,3-Dioxolane",C1OCCO1,74.08,283.15,
"1,3-Dioxolane",C1OCCO1,74.08,288.15,
"1,3-Dioxolane",C1OCCO1,74.08,293.15,
"1,3-Dioxolane",C1OCCO1,74.08,298.15,
"1,3-Dioxolane",C1OCCO1,74.08,303.15,
"1,3-Dioxolane",C1OCCO1,74.08,308.15,
"1,3-Dioxolane",C1OCCO1,74.08,313.15,
"1,3-Dioxolane",C1OCCO1,74.08,318.15,
"1,3-Dioxolane",C1OCCO1,74.08,323.15,
"1,3-Dioxolane",C1OCCO1,74.08,328.15,
"1,3-Dioxolane",C1OCCO1,74.08,333.15,
"1,4-Thioxane",C1CSCCO1,104.17,278.15,
"1,4-Thioxane",C1CSCCO1,104.17,283.15,
"1,4-Thioxane",C1CSCCO1,104.17,288.15,
"1,4-Thioxane",C1CSCCO1,104.17,293.15,
"1,4-Thioxane",C1CSCCO1,104.17,298.15,
"1,4-Thioxane",C1CSCCO1,104.17,303.15,
"1,4-Thioxane",C1CSCCO1,104.17,308.15,
"1,4-Thioxane",C1CSCCO1,104.17,313.15,
"1,4-Thioxane",C1CSCCO1,104.17,318.15,
"1,4-Thioxane",C1CSCCO1,104.17,323.15,
"1,4-Thioxane",C1CSCCO1,104.17,328.15,
"1,4-Thioxane",C1CSCCO1,104.17,333.15,
"1,8-Cineole (Eucalyptol)",CC1(C2CCC(O1)(CC2)C)C,154.25,278.15,
"1,8-Cineole (Eucalyptol)",CC1(C2CCC(O1)(CC2)C)C,154.25,283.15,
"1,8-Cineole (Eucalyptol)",CC1(C2CCC(O1)(CC2)C)C,154.25,288.15,
"1,8-Cineole (Eucalyptol)",CC1(C2CCC(O1)(CC2)C)C,154.25,293.15,
"1,8-Cineole (Eucalyptol)",CC1(C2CCC(O1)(CC2)C)C,154.25,298.15,
"1,8-Cineole (Eucalyptol)",CC1(C2CCC(O1)(CC2)C)C,154.25,303.15,
"1,8-Cineole (Eucalyptol)",CC1(C2CCC(O1)(CC2)C)C,154.25,308.15,
"1,8-Cineole (Eucalyptol)",CC1(C2CCC(O1)(CC2)C)C,154.25,313.15,
"1,8-Cineole (Eucalyptol)",CC1(C2CCC(O1)(CC2)C)C,154.25,318.15,
"1,8-Cineole (Eucalyptol)",CC1(C2CCC(O1)(CC2)C)C,154.25,323.15,
"1,8-Cineole (Eucalyptol)",CC1(C2CCC(O1)(CC2)C)C,154.25,328.15,
"1,8-Cineole (Eucalyptol)",CC1(C2CCC(O1)(CC2)C)C,154.25,333.15,
1-Hepten-3-ol,CCCCC(C=C)O,114.2,278.15,
1-Hepten-3-ol,CCCCC(C=C)O,114.2,283.15,
1-Hepten-3-ol,CCCCC(C=C)O,114.2,288.15,
1-Hepten-3-ol,CCCCC(C=C)O,114.2,293.15,
1-Hepten-3-ol,CCCCC(C=C)O,114.2,298.15,
1-Hepten-3-ol,CCCCC(C=C)O,114.2,303.15,
1-Hepten-3-ol,CCCCC(C=C)O,114.2,308.15,
1-Hepten-3-ol,CCCCC(C=C)O,114.2,313.15,
1-Hepten-3-ol,CCCCC(C=C)O,114.2,318.15,
1-Hepten-3-ol,CCCCC(C=C)O,114.2,323.15,
1-Hepten-3-ol,CCCCC(C=C)O,114.2,328.15,
1-Hepten-3-ol,CCCCC(C=C)O,114.2,333.15,
1-Nonanal,CCCCCCCCC=O,142.2,278.15,
1-Nonanal,CCCCCCCCC=O,142.2,283.15,
1-Nonanal,CCCCCCCCC=O,142.2,288.15,
1-Nonanal,CCCCCCCCC=O,142.2,293.15,
1-Nonanal,CCCCCCCCC=O,142.2,298.15,
1-Nonanal,CCCCCCCCC=O,142.2,303.15,
1-Nonanal,CCCCCCCCC=O,142.2,308.15,
1-Nonanal,CCCCCCCCC=O,142.2,313.15,
1-Nonanal,CCCCCCCCC=O,142.2,318.15,
1-Nonanal,CCCCCCCCC=O,142.2,323.15,
1-Nonanal,CCCCCCCCC=O,142.2,328.15,
1-Nonanal,CCCCCCCCC=O,142.2,333.15,
1-Nonyne,C#CCCCCCCC,124.2,278.15,
1-Nonyne,C#CCCCCCCC,124.2,283.15,
1-Nonyne,C#CCCCCCCC,124.2,288.15,
1-Nonyne,C#CCCCCCCC,124.2,293.15,
1-Nonyne,C#CCCCCCCC,124.2,298.15,
1-Nonyne,C#CCCCCCCC,124.2,303.15,
1-Nonyne,C#CCCCCCCC,124.2,308.15,
1-Nonyne,C#CCCCCCCC,124.2,313.15,
1-Nonyne,C#CCCCCCCC,124.2,318.15,
1-Nonyne,C#CCCCCCCC,124.2,323.15,
1-Nonyne,C#CCCCCCCC,124.2,328.15,
1-Nonyne,C#CCCCCCCC,124.2,333.15,
1-Octanal,CCCCCCCC=O,128.2,278.15,
1-Octanal,CCCCCCCC=O,128.2,283.15,
1-Octanal,CCCCCCCC=O,128.2,288.15,
1-Octanal,CCCCCCCC=O,128.2,293.15,
1-Octanal,CCCCCCCC=O,128.2,298.15,
1-Octanal,CCCCCCCC=O,128.2,303.15,
1-Octanal,CCCCCCCC=O,128.2,308.15,
1-Octanal,CCCCCCCC=O,128.2,313.15,
1-Octanal,CCCCCCCC=O,128.2,318.15,
1-Octanal,CCCCCCCC=O,128.2,323.15,
1-Octanal,CCCCCCCC=O,128.2,328.15,
1-Octanal,CCCCCCCC=O,128.2,333.15,
1-Octanol,CCCCCCCCO,130.23,278.15,
1-Octanol,CCCCCCCCO,130.23,283.15,
1-Octanol,CCCCCCCCO,130.23,288.15,
1-Octanol,CCCCCCCCO,130.23,293.15,
1-Octanol,CCCCCCCCO,130.23,298.15,
1-Octanol,CCCCCCCCO,130.23,303.15,
1-Octanol,CCCCCCCCO,130.23,308.15,
1-Octanol,CCCCCCCCO,130.23,313.15,
1-Octanol,CCCCCCCCO,130.23,318.15,
1-Octanol,CCCCCCCCO,130.23,323.15,
1-Octanol,CCCCCCCCO,130.23,328.15,
1-Octanol,CCCCCCCCO,130.23,333.15,
1-Penten-3-ol,CCC(C=C)O,86.1,278.15,
1-Penten-3-ol,CCC(C=C)O,86.1,283.15,
1-Penten-3-ol,CCC(C=C)O,86.1,288.15,
1-Penten-3-ol,CCC(C=C)O,86.1,293.15,
1-Penten-3-ol,CCC(C=C)O,86.1,298.15,
1-Penten-3-ol,CCC(C=C)O,86.1,303.15,
1-Penten-3-ol,CCC(C=C)O,86.1,308.15,
1-Penten-3-ol,CCC(C=C)O,86.1,313.15,
1-Penten-3-ol,CCC(C=C)O,86.1,318.15,
1-Penten-3-ol,CCC(C=C)O,86.1,323.15,
1-Penten-3-ol,CCC(C=C)O,86.1,328.15,
1-Penten-3-ol,CCC(C=C)O,86.1,333.15,
1-Phenyl-3-Methylbutane,CC(C)CCC1=CC=CC=C1,148.2,278.15,
1-Phenyl-3-Methylbutane,CC(C)CCC1=CC=CC=C1,148.2,283.15,
1-Phenyl-3-Methylbutane,CC(C)CCC1=CC=CC=C1,148.2,288.15,
1-Phenyl-3-Methylbutane,CC(C)CCC1=CC=CC=C1,148.2,293.15,
1-Phenyl-3-Methylbutane,CC(C)CCC1=CC=CC=C1,148.2,298.15,
1-Phenyl-3-Methylbutane,CC(C)CCC1=CC=CC=C1,148.2,303.15,
1-Phenyl-3-Methylbutane,CC(C)CCC1=CC=CC=C1,148.2,308.15,
1-Phenyl-3-Methylbutane,CC(C)CCC1=CC=CC=C1,148.2,313.15,
1-Phenyl-3-Methylbutane,CC(C)CCC1=CC=CC=C1,148.2,318.15,
1-Phenyl-3-Methylbutane,CC(C)CCC1=CC=CC=C1,148.2,323.15,
1-Phenyl-3-Methylbutane,CC(C)CCC1=CC=CC=C1,148.2,328.15,
1-Phenyl-3-Methylbutane,CC(C)CCC1=CC=CC=C1,148.2,333.15,
"1-Propene, 3,3'-Thiobis-",C=CCSCC=C,114.2,278.15,
"1-Propene, 3,3'-Thiobis-",C=CCSCC=C,114.2,283.15,
"1-Propene, 3,3'-Thiobis-",C=CCSCC=C,114.2,288.15,
"1-Propene, 3,3'-Thiobis-",C=CCSCC=C,114.2,293.15,
"1-Propene, 3,3'-Thiobis-",C=CCSCC=C,114.2,298.15,
"1-Propene, 3,3'-Thiobis-",C=CCSCC=C,114.2,303.15,
"1-Propene, 3,3'-Thiobis-",C=CCSCC=C,114.2,308.15,
"1-Propene, 3,3'-Thiobis-",C=CCSCC=C,114.2,313.15,
"1-Propene, 3,3'-Thiobis-",C=CCSCC=C,114.2,318.15,
"1-Propene, 3,3'-Thiobis-",C=CCSCC=C,114.2,323.15,
"1-Propene, 3,3'-Thiobis-",C=CCSCC=C,114.2,328.15,
"1-Propene, 3,3'-Thiobis-",C=CCSCC=C,114.2,333.15,
"2',4'-Dimethyl Acetophenone",CC1=CC(=C(C=C1)C(=O)C)C,148.2,278.15,
"2',4'-Dimethyl Acetophenone",CC1=CC(=C(C=C1)C(=O)C)C,148.2,283.15,
"2',4'-Dimethyl Acetophenone",CC1=CC(=C(C=C1)C(=O)C)C,148.2,288.15,
"2',4'-Dimethyl Acetophenone",CC1=CC(=C(C=C1)C(=O)C)C,148.2,293.15,
"2',4'-Dimethyl Acetophenone",CC1=CC(=C(C=C1)C(=O)C)C,148.2,298.15,
"2',4'-Dimethyl Acetophenone",CC1=CC(=C(C=C1)C(=O)C)C,148.2,303.15,
"2',4'-Dimethyl Acetophenone",CC1=CC(=C(C=C1)C(=O)C)C,148.2,308.15,
"2',4'-Dimethyl Acetophenone",CC1=CC(=C(C=C1)C(=O)C)C,148.2,313.15,
"2',4'-Dimethyl Acetophenone",CC1=CC(=C(C=C1)C(=O)C)C,148.2,318.15,
"2',4'-Dimethyl Acetophenone",CC1=CC(=C(C=C1)C(=O)C)C,148.2,323.15,
"2',4'-Dimethyl Acetophenone",CC1=CC(=C(C=C1)C(=O)C)C,148.2,328.15,
"2',4'-Dimethyl Acetophenone",CC1=CC(=C(C=C1)C(=O)C)C,148.2,333.15,
"2,3-Dihydrofuran",O1CCC=C1,70.1,278.15,
"2,3-Dihydrofuran",O1CCC=C1,70.1,283.15,
"2,3-Dihydrofuran",O1CCC=C1,70.1,288.15,
"2,3-Dihydrofuran",O1CCC=C1,70.1,293.15,
"2,3-Dihydrofuran",O1CCC=C1,70.1,298.15,
"2,3-Dihydrofuran",O1CCC=C1,70.1,303.15,
"2,3-Dihydrofuran",O1CCC=C1,70.1,308.15,
"2,3-Dihydrofuran",O1CCC=C1,70.1,313.15,
"2,3-Dihydrofuran",O1CCC=C1,70.1,318.15,
"2,3-Dihydrofuran",O1CCC=C1,70.1,323.15,
"2,3-Dihydrofuran",O1CCC=C1,70.1,328.15,
"2,3-Dihydrofuran",O1CCC=C1,70.1,333.15,
"2,4-Dimethylpyrrole",CC1=CNC(C)=C1,95.1,278.15,
"2,4-Dimethylpyrrole",CC1=CNC(C)=C1,95.1,283.15,
"2,4-Dimethylpyrrole",CC1=CNC(C)=C1,95.1,288.15,
"2,4-Dimethylpyrrole",CC1=CNC(C)=C1,95.1,293.15,
"2,4-Dimethylpyrrole",CC1=CNC(C)=C1,95.1,298.15,
"2,4-Dimethylpyrrole",CC1=CNC(C)=C1,95.1,303.15,
"2,4-Dimethylpyrrole",CC1=CNC(C)=C1,95.1,308.15,
"2,4-Dimethylpyrrole",CC1=CNC(C)=C1,95.1,313.15,
"2,4-Dimethylpyrrole",CC1=CNC(C)=C1,95.1,318.15,
"2,4-Dimethylpyrrole",CC1=CNC(C)=C1,95.1,323.15,
"2,4-Dimethylpyrrole",CC1=CNC(C)=C1,95.1,328.15,
"2,4-Dimethylpyrrole",CC1=CNC(C)=C1,95.1,333.15,
"2,6-Dimethyl-5-Heptenal",CC(CCC=C(C)C)C=O,140.2,278.15,
"2,6-Dimethyl-5-Heptenal",CC(CCC=C(C)C)C=O,140.2,283.15,
"2,6-Dimethyl-5-Heptenal",CC(CCC=C(C)C)C=O,140.2,288.15,
"2,6-Dimethyl-5-Heptenal",CC(CCC=C(C)C)C=O,140.2,293.15,
"2,6-Dimethyl-5-Heptenal",CC(CCC=C(C)C)C=O,140.2,298.15,
"2,6-Dimethyl-5-Heptenal",CC(CCC=C(C)C)C=O,140.2,303.15,
"2,6-Dimethyl-5-Heptenal",CC(CCC=C(C)C)C=O,140.2,308.15,
"2,6-Dimethyl-5-Heptenal",CC(CCC=C(C)C)C=O,140.2,313.15,
"2,6-Dimethyl-5-Heptenal",CC(CCC=C(C)C)C=O,140.2,318.15,
"2,6-Dimethyl-5-Heptenal",CC(CCC=C(C)C)C=O,140.2,323.15,
"2,6-Dimethyl-5-Heptenal",CC(CCC=C(C)C)C=O,140.2,328.15,
"2,6-Dimethyl-5-Heptenal",CC(CCC=C(C)C)C=O,140.2,333.15,
"2,6-Dimethylthiophenol",S-c(c(cc1)C)c(c1)C,138.2,278.15,
"2,6-Dimethylthiophenol",S-c(c(cc1)C)c(c1)C,138.2,283.15,
"2,6-Dimethylthiophenol",S-c(c(cc1)C)c(c1)C,138.2,288.15,
"2,6-Dimethylthiophenol",S-c(c(cc1)C)c(c1)C,138.2,293.15,
"2,6-Dimethylthiophenol",S-c(c(cc1)C)c(c1)C,138.2,298.15,
"2,6-Dimethylthiophenol",S-c(c(cc1)C)c(c1)C,138.2,303.15,
"2,6-Dimethylthiophenol",S-c(c(cc1)C)c(c1)C,138.2,308.15,
"2,6-Dimethylthiophenol",S-c(c(cc1)C)c(c1)C,138.2,313.15,
"2,6-Dimethylthiophenol",S-c(c(cc1)C)c(c1)C,138.2,318.15,
"2,6-Dimethylthiophenol",S-c(c(cc1)C)c(c1)C,138.2,323.15,
"2,6-Dimethylthiophenol",S-c(c(cc1)C)c(c1)C,138.2,328.15,
"2,6-Dimethylthiophenol",S-c(c(cc1)C)c(c1)C,138.2,333.15,
2-Acetyl Pyridine,CC(=O)C1=CC=CC=N1,121.1,278.15,
2-Acetyl Pyridine,CC(=O)C1=CC=CC=N1,121.1,283.15,
2-Acetyl Pyridine,CC(=O)C1=CC=CC=N1,121.1,288.15,
2-Acetyl Pyridine,CC(=O)C1=CC=CC=N1,121.1,293.15,
2-Acetyl Pyridine,CC(=O)C1=CC=CC=N1,121.1,298.15,
2-Acetyl Pyridine,CC(=O)C1=CC=CC=N1,121.1,303.15,
2-Acetyl Pyridine,CC(=O)C1=CC=CC=N1,121.1,308.15,
2-Acetyl Pyridine,CC(=O)C1=CC=CC=N1,121.1,313.15,
2-Acetyl Pyridine,CC(=O)C1=CC=CC=N1,121.1,318.15,
2-Acetyl Pyridine,CC(=O)C1=CC=CC=N1,121.1,323.15,
2-Acetyl Pyridine,CC(=O)C1=CC=CC=N1,121.1,328.15,
2-Acetyl Pyridine,CC(=O)C1=CC=CC=N1,121.1,333.15,
2-Acetyl-1-Methyl Pyrrole,CC(=O)C1=CC=CN1C,123.2,278.15,
2-Acetyl-1-Methyl Pyrrole,CC(=O)C1=CC=CN1C,123.2,283.15,
2-Acetyl-1-Methyl Pyrrole,CC(=O)C1=CC=CN1C,123.2,288.15,
2-Acetyl-1-Methyl Pyrrole,CC(=O)C1=CC=CN1C,123.2,293.15,
2-Acetyl-1-Methyl Pyrrole,CC(=O)C1=CC=CN1C,123.2,298.15,
2-Acetyl-1-Methyl Pyrrole,CC(=O)C1=CC=CN1C,123.2,303.15,
2-Acetyl-1-Methyl Pyrrole,CC(=O)C1=CC=CN1C,123.2,308.15,
2-Acetyl-1-Methyl Pyrrole,CC(=O)C1=CC=CN1C,123.2,313.15,
2-Acetyl-1-Methyl Pyrrole,CC(=O)C1=CC=CN1C,123.2,318.15,
2-Acetyl-1-Methyl Pyrrole,CC(=O)C1=CC=CN1C,123.2,323.15,
2-Acetyl-1-Methyl Pyrrole,CC(=O)C1=CC=CN1C,123.2,328.15,
2-Acetyl-1-Methyl Pyrrole,CC(=O)C1=CC=CN1C,123.2,333.15,
"2-Butanone, 3-Hydroxy-",CC(C(O)C)=O,88.1,278.15,
"2-Butanone, 3-Hydroxy-",CC(C(O)C)=O,88.1,283.15,
"2-Butanone, 3-Hydroxy-",CC(C(O)C)=O,88.1,288.15,
"2-Butanone, 3-Hydroxy-",CC(C(O)C)=O,88.1,293.15,
"2-Butanone, 3-Hydroxy-",CC(C(O)C)=O,88.1,298.15,
"2-Butanone, 3-Hydroxy-",CC(C(O)C)=O,88.1,303.15,
"2-Butanone, 3-Hydroxy-",CC(C(O)C)=O,88.1,308.15,
"2-Butanone, 3-Hydroxy-",CC(C(O)C)=O,88.1,313.15,
"2-Butanone, 3-Hydroxy-",CC(C(O)C)=O,88.1,318.15,
"2-Butanone, 3-Hydroxy-",CC(C(O)C)=O,88.1,323.15,
"2-Butanone, 3-Hydroxy-",CC(C(O)C)=O,88.1,328.15,
"2-Butanone, 3-Hydroxy-",CC(C(O)C)=O,88.1,333.15,
2-Ethoxythiazole,CCOC1=NC=CS1,129.2,278.15,
2-Ethoxythiazole,CCOC1=NC=CS1,129.2,283.15,
2-Ethoxythiazole,CCOC1=NC=CS1,129.2,288.15,
2-Ethoxythiazole,CCOC1=NC=CS1,129.2,293.15,
2-Ethoxythiazole,CCOC1=NC=CS1,129.2,298.15,
2-Ethoxythiazole,CCOC1=NC=CS1,129.2,303.15,
2-Ethoxythiazole,CCOC1=NC=CS1,129.2,308.15,
2-Ethoxythiazole,CCOC1=NC=CS1,129.2,313.15,
2-Ethoxythiazole,CCOC1=NC=CS1,129.2,318.15,
2-Ethoxythiazole,CCOC1=NC=CS1,129.2,323.15,
2-Ethoxythiazole,CCOC1=NC=CS1,129.2,328.15,
2-Ethoxythiazole,CCOC1=NC=CS1,129.2,333.15,
2-Ethyl Fenchol,CCC1(C(C2CCC1(C2)C)(C)C)O,182.3,278.15,
2-Ethyl Fenchol,CCC1(C(C2CCC1(C2)C)(C)C)O,182.3,283.15,
2-Ethyl Fenchol,CCC1(C(C2CCC1(C2)C)(C)C)O,182.3,288.15,
2-Ethyl Fenchol,CCC1(C(C2CCC1(C2)C)(C)C)O,182.3,293.15,
2-Ethyl Fenchol,CCC1(C(C2CCC1(C2)C)(C)C)O,182.3,298.15,
2-Ethyl Fenchol,CCC1(C(C2CCC1(C2)C)(C)C)O,182.3,303.15,
2-Ethyl Fenchol,CCC1(C(C2CCC1(C2)C)(C)C)O,182.3,308.15,
2-Ethyl Fenchol,CCC1(C(C2CCC1(C2)C)(C)C)O,182.3,313.15,
2-Ethyl Fenchol,CCC1(C(C2CCC1(C2)C)(C)C)O,182.3,318.15,
2-Ethyl Fenchol,CCC1(C(C2CCC1(C2)C)(C)C)O,182.3,323.15,
2-Ethyl Fenchol,CCC1(C(C2CCC1(C2)C)(C)C)O,182.3,328.15,
2-Ethyl Fenchol,CCC1(C(C2CCC1(C2)C)(C)C)O,182.3,333.15,
2-Ethyl Hexyl Acetate,O=C(OCC(CC)CCCC)C,172.27,278.15,
2-Ethyl Hexyl Acetate,O=C(OCC(CC)CCCC)C,172.27,283.15,
2-Ethyl Hexyl Acetate,O=C(OCC(CC)CCCC)C,172.27,288.15,
2-Ethyl Hexyl Acetate,O=C(OCC(CC)CCCC)C,172.27,293.15,
2-Ethyl Hexyl Acetate,O=C(OCC(CC)CCCC)C,172.27,298.15,
2-Ethyl Hexyl Acetate,O=C(OCC(CC)CCCC)C,172.27,303.15,
2-Ethyl Hexyl Acetate,O=C(OCC(CC)CCCC)C,172.27,308.15,
2-Ethyl Hexyl Acetate,O=C(OCC(CC)CCCC)C,172.27,313.15,
2-Ethyl Hexyl Acetate,O=C(OCC(CC)CCCC)C,172.27,318.15,
2-Ethyl Hexyl Acetate,O=C(OCC(CC)CCCC)C,172.27,323.15,
2-Ethyl Hexyl Acetate,O=C(OCC(CC)CCCC)C,172.27,328.15,
2-Ethyl Hexyl Acetate,O=C(OCC(CC)CCCC)C,172.27,333.15,
"2-Ethyl-4,5-Dimethyl Oxazole",CCC1=NC(=C(O1)C)C,125.2,278.15,
"2-Ethyl-4,5-Dimethyl Oxazole",CCC1=NC(=C(O1)C)C,125.2,283.15,
"2-Ethyl-4,5-Dimethyl Oxazole",CCC1=NC(=C(O1)C)C,125.2,288.15,
"2-Ethyl-4,5-Dimethyl Oxazole",CCC1=NC(=C(O1)C)C,125.2,293.15,
"2-Ethyl-4,5-Dimethyl Oxazole",CCC1=NC(=C(O1)C)C,125.2,298.15,
"2-Ethyl-4,5-Dimethyl Oxazole",CCC1=NC(=C(O1)C)C,125.2,303.15,
"2-Ethyl-4,5-Dimethyl Oxazole",CCC1=NC(=C(O1)C)C,125.2,308.15,
"2-Ethyl-4,5-Dimethyl Oxazole",CCC1=NC(=C(O1)C)C,125.2,313.15,
"2-Ethyl-4,5-Dimethyl Oxazole",CCC1=NC(=C(O1)C)C,125.2,318.15,
"2-Ethyl-4,5-Dimethyl Oxazole",CCC1=NC(=C(O1)C)C,125.2,323.15,
"2-Ethyl-4,5-Dimethyl Oxazole",CCC1=NC(=C(O1)C)C,125.2,328.15,
"2-Ethyl-4,5-Dimethyl Oxazole",CCC1=NC(=C(O1)C)C,125.2,333.15,
2-Ethylpyridine,CCC1=CC=CC=N1,107.2,278.15,
2-Ethylpyridine,CCC1=CC=CC=N1,107.2,283.15,
2-Ethylpyridine,CCC1=CC=CC=N1,107.2,288.15,
2-Ethylpyridine,CCC1=CC=CC=N1,107.2,293.15,
2-Ethylpyridine,CCC1=CC=CC=N1,107.2,298.15,
2-Ethylpyridine,CCC1=CC=CC=N1,107.2,303.15,
2-Ethylpyridine,CCC1=CC=CC=N1,107.2,308.15,
2-Ethylpyridine,CCC1=CC=CC=N1,107.2,313.15,
2-Ethylpyridine,CCC1=CC=CC=N1,107.2,318.15,
2-Ethylpyridine,CCC1=CC=CC=N1,107.2,323.15,
2-Ethylpyridine,CCC1=CC=CC=N1,107.2,328.15,
2-Ethylpyridine,CCC1=CC=CC=N1,107.2,333.15,
2-Formyl Pyrrole,C1=CNC(=C1)C=O,95.1,278.15,
2-Formyl Pyrrole,C1=CNC(=C1)C=O,95.1,283.15,
2-Formyl Pyrrole,C1=CNC(=C1)C=O,95.1,288.15,
2-Formyl Pyrrole,C1=CNC(=C1)C=O,95.1,293.15,
2-Formyl Pyrrole,C1=CNC(=C1)C=O,95.1,298.15,
2-Formyl Pyrrole,C1=CNC(=C1)C=O,95.1,303.15,
2-Formyl Pyrrole,C1=CNC(=C1)C=O,95.1,308.15,
2-Formyl Pyrrole,C1=CNC(=C1)C=O,95.1,313.15,
2-Formyl Pyrrole,C1=CNC(=C1)C=O,95.1,318.15,
2-Formyl Pyrrole,C1=CNC(=C1)C=O,95.1,323.15,
2-Formyl Pyrrole,C1=CNC(=C1)C=O,95.1,328.15,
2-Formyl Pyrrole,C1=CNC(=C1)C=O,95.1,333.15,
2-Furfuryl Acetate,O1C=CC=C1COC(C)=O,140.1,278.15,
2-Furfuryl Acetate,O1C=CC=C1COC(C)=O,140.1,283.15,
2-Furfuryl Acetate,O1C=CC=C1COC(C)=O,140.1,288.15,
2-Furfuryl Acetate,O1C=CC=C1COC(C)=O,140.1,293.15,
2-Furfuryl Acetate,O1C=CC=C1COC(C)=O,140.1,298.15,
2-Furfuryl Acetate,O1C=CC=C1COC(C)=O,140.1,303.15,
2-Furfuryl Acetate,O1C=CC=C1COC(C)=O,140.1,308.15,
2-Furfuryl Acetate,O1C=CC=C1COC(C)=O,140.1,313.15,
2-Furfuryl Acetate,O1C=CC=C1COC(C)=O,140.1,318.15,
2-Furfuryl Acetate,O1C=CC=C1COC(C)=O,140.1,323.15,
2-Furfuryl Acetate,O1C=CC=C1COC(C)=O,140.1,328.15,
2-Furfuryl Acetate,O1C=CC=C1COC(C)=O,140.1,333.15,
2-Heptyne,CC#CCCCC,96.2,278.15,
2-Heptyne,CC#CCCCC,96.2,283.15,
2-Heptyne,CC#CCCCC,96.2,288.15,
2-Heptyne,CC#CCCCC,96.2,293.15,
2-Heptyne,CC#CCCCC,96.2,298.15,
2-Heptyne,CC#CCCCC,96.2,303.15,
2-Heptyne,CC#CCCCC,96.2,308.15,
2-Heptyne,CC#CCCCC,96.2,313.15,
2-Heptyne,CC#CCCCC,96.2,318.15,
2-Heptyne,CC#CCCCC,96.2,323.15,
2-Heptyne,CC#CCCCC,96.2,328.15,
2-Heptyne,CC#CCCCC,96.2,333.15,
2-Hexanol,CC(O)CCCC,102.2,278.15,
2-Hexanol,CC(O)CCCC,102.2,283.15,
2-Hexanol,CC(O)CCCC,102.2,288.15,
2-Hexanol,CC(O)CCCC,102.2,293.15,
2-Hexanol,CC(O)CCCC,102.2,298.15,
2-Hexanol,CC(O)CCCC,102.2,303.15,
2-Hexanol,CC(O)CCCC,102.2,308.15,
2-Hexanol,CC(O)CCCC,102.2,313.15,
2-Hexanol,CC(O)CCCC,102.2,318.15,
2-Hexanol,CC(O)CCCC,102.2,323.15,
2-Hexanol,CC(O)CCCC,102.2,328.15,
2-Hexanol,CC(O)CCCC,102.2,333.15,
2-Hexyne,CC#CCCC,82.1,278.15,
2-Hexyne,CC#CCCC,82.1,283.15,
2-Hexyne,CC#CCCC,82.1,288.15,
2-Hexyne,CC#CCCC,82.1,293.15,
2-Hexyne,CC#CCCC,82.1,298.15,
2-Hexyne,CC#CCCC,82.1,303.15,
2-Hexyne,CC#CCCC,82.1,308.15,
2-Hexyne,CC#CCCC,82.1,313.15,
2-Hexyne,CC#CCCC,82.1,318.15,
2-Hexyne,CC#CCCC,82.1,323.15,
2-Hexyne,CC#CCCC,82.1,328.15,
2-Hexyne,CC#CCCC,82.1,333.15,
2-Methoxy Tetrahydropyrane,COC1OCCCC1,116.16,278.15,
2-Methoxy Tetrahydropyrane,COC1OCCCC1,116.16,283.15,
2-Methoxy Tetrahydropyrane,COC1OCCCC1,116.16,288.15,
2-Methoxy Tetrahydropyrane,COC1OCCCC1,116.16,293.15,
2-Methoxy Tetrahydropyrane,COC1OCCCC1,116.16,298.15,
2-Methoxy Tetrahydropyrane,COC1OCCCC1,116.16,303.15,
2-Methoxy Tetrahydropyrane,COC1OCCCC1,116.16,308.15,
2-Methoxy Tetrahydropyrane,COC1OCCCC1,116.16,313.15,
2-Methoxy Tetrahydropyrane,COC1OCCCC1,116.16,318.15,
2-Methoxy Tetrahydropyrane,COC1OCCCC1,116.16,323.15,
2-Methoxy Tetrahydropyrane,COC1OCCCC1,116.16,328.15,
2-Methoxy Tetrahydropyrane,COC1OCCCC1,116.16,333.15,
2-Methyl Tetrahydrofuran,CC1CCCO1,86.13,278.15,
2-Methyl Tetrahydrofuran,CC1CCCO1,86.13,283.15,
2-Methyl Tetrahydrofuran,CC1CCCO1,86.13,288.15,
2-Methyl Tetrahydrofuran,CC1CCCO1,86.13,293.15,
2-Methyl Tetrahydrofuran,CC1CCCO1,86.13,298.15,
2-Methyl Tetrahydrofuran,CC1CCCO1,86.13,303.15,
2-Methyl Tetrahydrofuran,CC1CCCO1,86.13,308.15,
2-Methyl Tetrahydrofuran,CC1CCCO1,86.13,313.15,
2-Methyl Tetrahydrofuran,CC1CCCO1,86.13,318.15,
2-Methyl Tetrahydrofuran,CC1CCCO1,86.13,323.15,
2-Methyl Tetrahydrofuran,CC1CCCO1,86.13,328.15,
2-Methyl Tetrahydrofuran,CC1CCCO1,86.13,333.15,
"2-Methyl-1,3-Dioxolane",CC1OCCO1,88.11,278.15,
"2-Methyl-1,3-Dioxolane",CC1OCCO1,88.11,283.15,
"2-Methyl-1,3-Dioxolane",CC1OCCO1,88.11,288.15,
"2-Methyl-1,3-Dioxolane",CC1OCCO1,88.11,293.15,
"2-Methyl-1,3-Dioxolane",CC1OCCO1,88.11,298.15,
"2-Methyl-1,3-Dioxolane",CC1OCCO1,88.11,303.15,
"2-Methyl-1,3-Dioxolane",CC1OCCO1,88.11,308.15,
"2-Methyl-1,3-Dioxolane",CC1OCCO1,88.11,313.15,
"2-Methyl-1,3-Dioxolane",CC1OCCO1,88.11,318.15,
"2-Methyl-1,3-Dioxolane",CC1OCCO1,88.11,323.15,
"2-Methyl-1,3-Dioxolane",CC1OCCO1,88.11,328.15,
"2-Methyl-1,3-Dioxolane",CC1OCCO1,88.11,333.15,
2-Methyl-3-Tetrahydrofuran Thiol,CC1C(CCO1)S,118.2,278.15,
2-Methyl-3-Tetrahydrofuran Thiol,CC1C(CCO1)S,118.2,283.15,
2-Methyl-3-Tetrahydrofuran Thiol,CC1C(CCO1)S,118.2,288.15,
2-Methyl-3-Tetrahydrofuran Thiol,CC1C(CCO1)S,118.2,293.15,
2-Methyl-3-Tetrahydrofuran Thiol,CC1C(CCO1)S,118.2,298.15,
2-Methyl-3-Tetrahydrofuran Thiol,CC1C(CCO1)S,118.2,303.15,
2-Methyl-3-Tetrahydrofuran Thiol,CC1C(CCO1)S,118.2,308.15,
2-Methyl-3-Tetrahydrofuran Thiol,CC1C(CCO1)S,118.2,313.15,
2-Methyl-3-Tetrahydrofuran Thiol,CC1C(CCO1)S,118.2,318.15,
2-Methyl-3-Tetrahydrofuran Thiol,CC1C(CCO1)S,118.2,323.15,
2-Methyl-3-Tetrahydrofuran Thiol,CC1C(CCO1)S,118.2,328.15,
2-Methyl-3-Tetrahydrofuran Thiol,CC1C(CCO1)S,118.2,333.15,
2-Octyne,CC#CCCCCC,110.2,278.15,
2-Octyne,CC#CCCCCC,110.2,283.15,
2-Octyne,CC#CCCCCC,110.2,288.15,
2-Octyne,CC#CCCCCC,110.2,293.15,
2-Octyne,CC#CCCCCC,110.2,298.15,
2-Octyne,CC#CCCCCC,110.2,303.15,
2-Octyne,CC#CCCCCC,110.2,308.15,
2-Octyne,CC#CCCCCC,110.2,313.15,
2-Octyne,CC#CCCCCC,110.2,318.15,
2-Octyne,CC#CCCCCC,110.2,323.15,
2-Octyne,CC#CCCCCC,110.2,328.15,
2-Octyne,CC#CCCCCC,110.2,333.15,
2-Pentyl Pyridine,CCCCCC1=CC=CC=N1,149.2,278.15,
2-Pentyl Pyridine,CCCCCC1=CC=CC=N1,149.2,283.15,
2-Pentyl Pyridine,CCCCCC1=CC=CC=N1,149.2,288.15,
2-Pentyl Pyridine,CCCCCC1=CC=CC=N1,149.2,293.15,
2-Pentyl Pyridine,CCCCCC1=CC=CC=N1,149.2,298.15,
2-Pentyl Pyridine,CCCCCC1=CC=CC=N1,149.2,303.15,
2-Pentyl Pyridine,CCCCCC1=CC=CC=N1,149.2,308.15,
2-Pentyl Pyridine,CCCCCC1=CC=CC=N1,149.2,313.15,
2-Pentyl Pyridine,CCCCCC1=CC=CC=N1,149.2,318.15,
2-Pentyl Pyridine,CCCCCC1=CC=CC=N1,149.2,323.15,
2-Pentyl Pyridine,CCCCCC1=CC=CC=N1,149.2,328.15,
2-Pentyl Pyridine,CCCCCC1=CC=CC=N1,149.2,333.15,
2-Pentyne,CC#CCC,68.1,278.15,
2-Pentyne,CC#CCC,68.1,283.15,
2-Pentyne,CC#CCC,68.1,288.15,
2-Pentyne,CC#CCC,68.1,293.15,
2-Pentyne,CC#CCC,68.1,298.15,
2-Pentyne,CC#CCC,68.1,303.15,
2-Pentyne,CC#CCC,68.1,308.15,
2-Pentyne,CC#CCC,68.1,313.15,
2-Pentyne,CC#CCC,68.1,318.15,
2-Pentyne,CC#CCC,68.1,323.15,
2-Pentyne,CC#CCC,68.1,328.15,
2-Pentyne,CC#CCC,68.1,333.15,
2-Propanol,OC(C)C,60.1,278.15,
2-Propanol,OC(C)C,60.1,283.15,
2-Propanol,OC(C)C,60.1,288.15,
2-Propanol,OC(C)C,60.1,293.15,
2-Propanol,OC(C)C,60.1,298.15,
2-Propanol,OC(C)C,60.1,303.15,
2-Propanol,OC(C)C,60.1,308.15,
2-Propanol,OC(C)C,60.1,313.15,
2-Propanol,OC(C)C,60.1,318.15,
2-Propanol,OC(C)C,60.1,323.15,
2-Propanol,OC(C)C,60.1,328.15,
2-Propanol,OC(C)C,60.1,333.15,
3-(5-Methyl-2-Furyl) Butanal,CCC(C=O)C1=CC=C(O1)C,152.2,278.15,
3-(5-Methyl-2-Furyl) Butanal,CCC(C=O)C1=CC=C(O1)C,152.2,283.15,
3-(5-Methyl-2-Furyl) Butanal,CCC(C=O)C1=CC=C(O1)C,152.2,288.15,
3-(5-Methyl-2-Furyl) Butanal,CCC(C=O)C1=CC=C(O1)C,152.2,293.15,
3-(5-Methyl-2-Furyl) Butanal,CCC(C=O)C1=CC=C(O1)C,152.2,298.15,
3-(5-Methyl-2-Furyl) Butanal,CCC(C=O)C1=CC=C(O1)C,152.2,303.15,
3-(5-Methyl-2-Furyl) Butanal,CCC(C=O)C1=CC=C(O1)C,152.2,308.15,
3-(5-Methyl-2-Furyl) Butanal,CCC(C=O)C1=CC=C(O1)C,152.2,313.15,
3-(5-Methyl-2-Furyl) Butanal,CCC(C=O)C1=CC=C(O1)C,152.2,318.15,
3-(5-Methyl-2-Furyl) Butanal,CCC(C=O)C1=CC=C(O1)C,152.2,323.15,
3-(5-Methyl-2-Furyl) Butanal,CCC(C=O)C1=CC=C(O1)C,152.2,328.15,
3-(5-Methyl-2-Furyl) Butanal,CCC(C=O)C1=CC=C(O1)C,152.2,333.15,
3-(Methylthio)Propanoic Acid Methyl Ester,COC(CCSC)=O,134.2,278.15,
3-(Methylthio)Propanoic Acid Methyl Ester,COC(CCSC)=O,134.2,283.15,
3-(Methylthio)Propanoic Acid Methyl Ester,COC(CCSC)=O,134.2,288.15,
3-(Methylthio)Propanoic Acid Methyl Ester,COC(CCSC)=O,134.2,293.15,
3-(Methylthio)Propanoic Acid Methyl Ester,COC(CCSC)=O,134.2,298.15,
3-(Methylthio)Propanoic Acid Methyl Ester,COC(CCSC)=O,134.2,303.15,
3-(Methylthio)Propanoic Acid Methyl Ester,COC(CCSC)=O,134.2,308.15,
3-(Methylthio)Propanoic Acid Methyl Ester,COC(CCSC)=O,134.2,313.15,
3-(Methylthio)Propanoic Acid Methyl Ester,COC(CCSC)=O,134.2,318.15,
3-(Methylthio)Propanoic Acid Methyl Ester,COC(CCSC)=O,134.2,323.15,
3-(Methylthio)Propanoic Acid Methyl Ester,COC(CCSC)=O,134.2,328.15,
3-(Methylthio)Propanoic Acid Methyl Ester,COC(CCSC)=O,134.2,333.15,
"3-Acetyl-2,5-Dimethyl Thiophene",CC1=CC(=C(S1)C)C(=O)C,154.23,278.15,
"3-Acetyl-2,5-Dimethyl Thiophene",CC1=CC(=C(S1)C)C(=O)C,154.23,283.15,
"3-Acetyl-2,5-Dimethyl Thiophene",CC1=CC(=C(S1)C)C(=O)C,154.23,288.15,
"3-Acetyl-2,5-Dimethyl Thiophene",CC1=CC(=C(S1)C)C(=O)C,154.23,293.15,
"3-Acetyl-2,5-Dimethyl Thiophene",CC1=CC(=C(S1)C)C(=O)C,154.23,298.15,
"3-Acetyl-2,5-Dimethyl Thiophene",CC1=CC(=C(S1)C)C(=O)C,154.23,303.15,
"3-Acetyl-2,5-Dimethyl Thiophene",CC1=CC(=C(S1)C)C(=O)C,154.23,308.15,
"3-Acetyl-2,5-Dimethyl Thiophene",CC1=CC(=C(S1)C)C(=O)C,154.23,313.15,
"3-Acetyl-2,5-Dimethyl Thiophene",CC1=CC(=C(S1)C)C(=O)C,154.23,318.15,
"3-Acetyl-2,5-Dimethyl Thiophene",CC1=CC(=C(S1)C)C(=O)C,154.23,323.15,
"3-Acetyl-2,5-Dimethyl Thiophene",CC1=CC(=C(S1)C)C(=O)C,154.23,328.15,
"3-Acetyl-2,5-Dimethyl Thiophene",CC1=CC(=C(S1)C)C(=O)C,154.23,333.15,
3-Butyl Pyridine,CCCCC1=CN=CC=C1,135.2,278.15,
3-Butyl Pyridine,CCCCC1=CN=CC=C1,135.2,283.15,
3-Butyl Pyridine,CCCCC1=CN=CC=C1,135.2,288.15,
3-Butyl Pyridine,CCCCC1=CN=CC=C1,135.2,293.15,
3-Butyl Pyridine,CCCCC1=CN=CC=C1,135.2,298.15,
3-Butyl Pyridine,CCCCC1=CN=CC=C1,135.2,303.15,
3-Butyl Pyridine,CCCCC1=CN=CC=C1,135.2,308.15,
3-Butyl Pyridine,CCCCC1=CN=CC=C1,135.2,313.15,
3-Butyl Pyridine,CCCCC1=CN=CC=C1,135.2,318.15,
3-Butyl Pyridine,CCCCC1=CN=CC=C1,135.2,323.15,
3-Butyl Pyridine,CCCCC1=CN=CC=C1,135.2,328.15,
3-Butyl Pyridine,CCCCC1=CN=CC=C1,135.2,333.15,
3-Decanone,CCCCCCCC(=O)CC,156.3,278.15,
3-Decanone,CCCCCCCC(=O)CC,156.3,283.15,
3-Decanone,CCCCCCCC(=O)CC,156.3,288.15,
3-Decanone,CCCCCCCC(=O)CC,156.3,293.15,
3-Decanone,CCCCCCCC(=O)CC,156.3,298.15,
3-Decanone,CCCCCCCC(=O)CC,156.3,303.15,
3-Decanone,CCCCCCCC(=O)CC,156.3,308.15,
3-Decanone,CCCCCCCC(=O)CC,156.3,313.15,
3-Decanone,CCCCCCCC(=O)CC,156.3,318.15,
3-Decanone,CCCCCCCC(=O)CC,156.3,323.15,
3-Decanone,CCCCCCCC(=O)CC,156.3,328.15,
3-Decanone,CCCCCCCC(=O)CC,156.3,333.15,
3-Decen-2-One,CCCCCCC=CC(=O)C,154.2,278.15,
3-Decen-2-One,CCCCCCC=CC(=O)C,154.2,283.15,
3-Decen-2-One,CCCCCCC=CC(=O)C,154.2,288.15,
3-Decen-2-One,CCCCCCC=CC(=O)C,154.2,293.15,
3-Decen-2-One,CCCCCCC=CC(=O)C,154.2,298.15,
3-Decen-2-One,CCCCCCC=CC(=O)C,154.2,303.15,
3-Decen-2-One,CCCCCCC=CC(=O)C,154.2,308.15,
3-Decen-2-One,CCCCCCC=CC(=O)C,154.2,313.15,
3-Decen-2-One,CCCCCCC=CC(=O)C,154.2,318.15,
3-Decen-2-One,CCCCCCC=CC(=O)C,154.2,323.15,
3-Decen-2-One,CCCCCCC=CC(=O)C,154.2,328.15,
3-Decen-2-One,CCCCCCC=CC(=O)C,154.2,333.15,
3-Ethylpyridine,CCC1=CN=CC=C1,107.2,278.15,
3-Ethylpyridine,CCC1=CN=CC=C1,107.2,283.15,
3-Ethylpyridine,CCC1=CN=CC=C1,107.2,288.15,
3-Ethylpyridine,CCC1=CN=CC=C1,107.2,293.15,
3-Ethylpyridine,CCC1=CN=CC=C1,107.2,298.15,
3-Ethylpyridine,CCC1=CN=CC=C1,107.2,303.15,
3-Ethylpyridine,CCC1=CN=CC=C1,107.2,308.15,
3-Ethylpyridine,CCC1=CN=CC=C1,107.2,313.15,
3-Ethylpyridine,CCC1=CN=CC=C1,107.2,318.15,
3-Ethylpyridine,CCC1=CN=CC=C1,107.2,323.15,
3-Ethylpyridine,CCC1=CN=CC=C1,107.2,328.15,
3-Ethylpyridine,CCC1=CN=CC=C1,107.2,333.15,
3-Hexanol,OC(CC)CCC,102.2,278.15,
3-Hexanol,OC(CC)CCC,102.2,283.15,
3-Hexanol,OC(CC)CCC,102.2,288.15,
3-Hexanol,OC(CC)CCC,102.2,293.15,
3-Hexanol,OC(CC)CCC,102.2,298.15,
3-Hexanol,OC(CC)CCC,102.2,303.15,
3-Hexanol,OC(CC)CCC,102.2,308.15,
3-Hexanol,OC(CC)CCC,102.2,313.15,
3-Hexanol,OC(CC)CCC,102.2,318.15,
3-Hexanol,OC(CC)CCC,102.2,323.15,
3-Hexanol,OC(CC)CCC,102.2,328.15,
3-Hexanol,OC(CC)CCC,102.2,333.15,
3-Hexanone,CCC(CCC)=O,100.2,278.15,
3-Hexanone,CCC(CCC)=O,100.2,283.15,
3-Hexanone,CCC(CCC)=O,100.2,288.15,
3-Hexanone,CCC(CCC)=O,100.2,293.15,
3-Hexanone,CCC(CCC)=O,100.2,298.15,
3-Hexanone,CCC(CCC)=O,100.2,303.15,
3-Hexanone,CCC(CCC)=O,100.2,308.15,
3-Hexanone,CCC(CCC)=O,100.2,313.15,
3-Hexanone,CCC(CCC)=O,100.2,318.15,
3-Hexanone,CCC(CCC)=O,100.2,323.15,
3-Hexanone,CCC(CCC)=O,100.2,328.15,
3-Hexanone,CCC(CCC)=O,100.2,333.15,
3-Methyl Cyclohexanone,O=C1CC(C)CCC1,112.17,278.15,
3-Methyl Cyclohexanone,O=C1CC(C)CCC1,112.17,283.15,
3-Methyl Cyclohexanone,O=C1CC(C)CCC1,112.17,288.15,
3-Methyl Cyclohexanone,O=C1CC(C)CCC1,112.17,293.15,
3-Methyl Cyclohexanone,O=C1CC(C)CCC1,112.17,298.15,
3-Methyl Cyclohexanone,O=C1CC(C)CCC1,112.17,303.15,
3-Methyl Cyclohexanone,O=C1CC(C)CCC1,112.17,308.15,
3-Methyl Cyclohexanone,O=C1CC(C)CCC1,112.17,313.15,
3-Methyl Cyclohexanone,O=C1CC(C)CCC1,112.17,318.15,
3-Methyl Cyclohexanone,O=C1CC(C)CCC1,112.17,323.15,
3-Methyl Cyclohexanone,O=C1CC(C)CCC1,112.17,328.15,
3-Methyl Cyclohexanone,O=C1CC(C)CCC1,112.17,333.15,
3-Methyl-2-Cyclopenten-1-One,CC1=CC(=O)CC1,96.1,278.15,
3-Methyl-2-Cyclopenten-1-One,CC1=CC(=O)CC1,96.1,283.15,
3-Methyl-2-Cyclopenten-1-One,CC1=CC(=O)CC1,96.1,288.15,
3-Methyl-2-Cyclopenten-1-One,CC1=CC(=O)CC1,96.1,293.15,
3-Methyl-2-Cyclopenten-1-One,CC1=CC(=O)CC1,96.1,298.15,
3-Methyl-2-Cyclopenten-1-One,CC1=CC(=O)CC1,96.1,303.15,
3-Methyl-2-Cyclopenten-1-One,CC1=CC(=O)CC1,96.1,308.15,
3-Methyl-2-Cyclopenten-1-One,CC1=CC(=O)CC1,96.1,313.15,
3-Methyl-2-Cyclopenten-1-One,CC1=CC(=O)CC1,96.1,318.15,
3-Methyl-2-Cyclopenten-1-One,CC1=CC(=O)CC1,96.1,323.15,
3-Methyl-2-Cyclopenten-1-One,CC1=CC(=O)CC1,96.1,328.15,
3-Methyl-2-Cyclopenten-1-One,CC1=CC(=O)CC1,96.1,333.15,
3-Methylcyclopentanone,O=C1CC(C)CC1,98.1,278.15,
3-Methylcyclopentanone,O=C1CC(C)CC1,98.1,283.15,
3-Methylcyclopentanone,O=C1CC(C)CC1,98.1,288.15,
3-Methylcyclopentanone,O=C1CC(C)CC1,98.1,293.15,
3-Methylcyclopentanone,O=C1CC(C)CC1,98.1,298.15,
3-Methylcyclopentanone,O=C1CC(C)CC1,98.1,303.15,
3-Methylcyclopentanone,O=C1CC(C)CC1,98.1,308.15,
3-Methylcyclopentanone,O=C1CC(C)CC1,98.1,313.15,
3-Methylcyclopentanone,O=C1CC(C)CC1,98.1,318.15,
3-Methylcyclopentanone,O=C1CC(C)CC1,98.1,323.15,
3-Methylcyclopentanone,O=C1CC(C)CC1,98.1,328.15,
3-Methylcyclopentanone,O=C1CC(C)CC1,98.1,333.15,
4-Ethyl Anisole,CCC1=CC=C(C=C1)OC,136.2,278.15,
4-Ethyl Anisole,CCC1=CC=C(C=C1)OC,136.2,283.15,
4-Ethyl Anisole,CCC1=CC=C(C=C1)OC,136.2,288.15,
4-Ethyl Anisole,CCC1=CC=C(C=C1)OC,136.2,293.15,
4-Ethyl Anisole,CCC1=CC=C(C=C1)OC,136.2,298.15,
4-Ethyl Anisole,CCC1=CC=C(C=C1)OC,136.2,303.15,
4-Ethyl Anisole,CCC1=CC=C(C=C1)OC,136.2,308.15,
4-Ethyl Anisole,CCC1=CC=C(C=C1)OC,136.2,313.15,
4-Ethyl Anisole,CCC1=CC=C(C=C1)OC,136.2,318.15,
4-Ethyl Anisole,CCC1=CC=C(C=C1)OC,136.2,323.15,
4-Ethyl Anisole,CCC1=CC=C(C=C1)OC,136.2,328.15,
4-Ethyl Anisole,CCC1=CC=C(C=C1)OC,136.2,333.15,
4-Methyl 4-Mercaptopentan-2-One 1% In Pg,CC(=O)CC(C)(C)S,132.2,278.15,
4-Methyl 4-Mercaptopentan-2-One 1% In Pg,CC(=O)CC(C)(C)S,132.2,283.15,
4-Methyl 4-Mercaptopentan-2-One 1% In Pg,CC(=O)CC(C)(C)S,132.2,288.15,
4-Methyl 4-Mercaptopentan-2-One 1% In Pg,CC(=O)CC(C)(C)S,132.2,293.15,
4-Methyl 4-Mercaptopentan-2-One 1% In Pg,CC(=O)CC(C)(C)S,132.2,298.15,
4-Methyl 4-Mercaptopentan-2-One 1% In Pg,CC(=O)CC(C)(C)S,132.2,303.15,
4-Methyl 4-Mercaptopentan-2-One 1% In Pg,CC(=O)CC(C)(C)S,132.2,308.15,
4-Methyl 4-Mercaptopentan-2-One 1% In Pg,CC(=O)CC(C)(C)S,132.2,313.15,
4-Methyl 4-Mercaptopentan-2-One 1% In Pg,CC(=O)CC(C)(C)S,132.2,318.15,
4-Methyl 4-Mercaptopentan-2-One 1% In Pg,CC(=O)CC(C)(C)S,132.2,323.15,
4-Methyl 4-Mercaptopentan-2-One 1% In Pg,CC(=O)CC(C)(C)S,132.2,328.15,
4-Methyl 4-Mercaptopentan-2-One 1% In Pg,CC(=O)CC(C)(C)S,132.2,333.15,
4-Methyl-2-Pentyne,CC(C)C#CC,82.1,278.15,
4-Methyl-2-Pentyne,CC(C)C#CC,82.1,283.15,
4-Methyl-2-Pentyne,CC(C)C#CC,82.1,288.15,
4-Methyl-2-Pentyne,CC(C)C#CC,82.1,293.15,
4-Methyl-2-Pentyne,CC(C)C#CC,82.1,298.15,
4-Methyl-2-Pentyne,CC(C)C#CC,82.1,303.15,
4-Methyl-2-Pentyne,CC(C)C#CC,82.1,308.15,
4-Methyl-2-Pentyne,CC(C)C#CC,82.1,313.15,
4-Methyl-2-Pentyne,CC(C)C#CC,82.1,318.15,
4-Methyl-2-Pentyne,CC(C)C#CC,82.1,323.15,
4-Methyl-2-Pentyne,CC(C)C#CC,82.1,328.15,
4-Methyl-2-Pentyne,CC(C)C#CC,82.1,333.15,
4-Methylpyrimidine,CC1=NC=NC=C1,94.11,278.15,
4-Methylpyrimidine,CC1=NC=NC=C1,94.11,283.15,
4-Methylpyrimidine,CC1=NC=NC=C1,94.11,288.15,
4-Methylpyrimidine,CC1=NC=NC=C1,94.11,293.15,
4-Methylpyrimidine,CC1=NC=NC=C1,94.11,298.15,
4-Methylpyrimidine,CC1=NC=NC=C1,94.11,303.15,
4-Methylpyrimidine,CC1=NC=NC=C1,94.11,308.15,
4-Methylpyrimidine,CC1=NC=NC=C1,94.11,313.15,
4-Methylpyrimidine,CC1=NC=NC=C1,94.11,318.15,
4-Methylpyrimidine,CC1=NC=NC=C1,94.11,323.15,
4-Methylpyrimidine,CC1=NC=NC=C1,94.11,328.15,
4-Methylpyrimidine,CC1=NC=NC=C1,94.11,333.15,
4-Phenyl-2-Butanol,CC(CCC1=CC=CC=C1)O,150.2,278.15,
4-Phenyl-2-Butanol,CC(CCC1=CC=CC=C1)O,150.2,283.15,
4-Phenyl-2-Butanol,CC(CCC1=CC=CC=C1)O,150.2,288.15,
4-Phenyl-2-Butanol,CC(CCC1=CC=CC=C1)O,150.2,293.15,
4-Phenyl-2-Butanol,CC(CCC1=CC=CC=C1)O,150.2,298.15,
4-Phenyl-2-Butanol,CC(CCC1=CC=CC=C1)O,150.2,303.15,
4-Phenyl-2-Butanol,CC(CCC1=CC=CC=C1)O,150.2,308.15,
4-Phenyl-2-Butanol,CC(CCC1=CC=CC=C1)O,150.2,313.15,
4-Phenyl-2-Butanol,CC(CCC1=CC=CC=C1)O,150.2,318.15,
4-Phenyl-2-Butanol,CC(CCC1=CC=CC=C1)O,150.2,323.15,
4-Phenyl-2-Butanol,CC(CCC1=CC=CC=C1)O,150.2,328.15,
4-Phenyl-2-Butanol,CC(CCC1=CC=CC=C1)O,150.2,333.15,
4-Tert-Butylpyridine,CC(C)(C)C1=CC=NC=C1,135.2,278.15,
4-Tert-Butylpyridine,CC(C)(C)C1=CC=NC=C1,135.2,283.15,
4-Tert-Butylpyridine,CC(C)(C)C1=CC=NC=C1,135.2,288.15,
4-Tert-Butylpyridine,CC(C)(C)C1=CC=NC=C1,135.2,293.15,
4-Tert-Butylpyridine,CC(C)(C)C1=CC=NC=C1,135.2,298.15,
4-Tert-Butylpyridine,CC(C)(C)C1=CC=NC=C1,135.2,303.15,
4-Tert-Butylpyridine,CC(C)(C)C1=CC=NC=C1,135.2,308.15,
4-Tert-Butylpyridine,CC(C)(C)C1=CC=NC=C1,135.2,313.15,
4-Tert-Butylpyridine,CC(C)(C)C1=CC=NC=C1,135.2,318.15,
4-Tert-Butylpyridine,CC(C)(C)C1=CC=NC=C1,135.2,323.15,
4-Tert-Butylpyridine,CC(C)(C)C1=CC=NC=C1,135.2,328.15,
4-Tert-Butylpyridine,CC(C)(C)C1=CC=NC=C1,135.2,333.15,
5-Methyl Thiazole,CC1=CN=CS1,99.15,278.15,
5-Methyl Thiazole,CC1=CN=CS1,99.15,283.15,
5-Methyl Thiazole,CC1=CN=CS1,99.15,288.15,
5-Methyl Thiazole,CC1=CN=CS1,99.15,293.15,
5-Methyl Thiazole,CC1=CN=CS1,99.15,298.15,
5-Methyl Thiazole,CC1=CN=CS1,99.15,303.15,
5-Methyl Thiazole,CC1=CN=CS1,99.15,308.15,
5-Methyl Thiazole,CC1=CN=CS1,99.15,313.15,
5-Methyl Thiazole,CC1=CN=CS1,99.15,318.15,
5-Methyl Thiazole,CC1=CN=CS1,99.15,323.15,
5-Methyl Thiazole,CC1=CN=CS1,99.15,328.15,
5-Methyl Thiazole,CC1=CN=CS1,99.15,333.15,
5-Methyl-1-Hexyne,C#CCCC(C)C,96.2,278.15,
5-Methyl-1-Hexyne,C#CCCC(C)C,96.2,283.15,
5-Methyl-1-Hexyne,C#CCCC(C)C,96.2,288.15,
5-Methyl-1-Hexyne,C#CCCC(C)C,96.2,293.15,
5-Methyl-1-Hexyne,C#CCCC(C)C,96.2,298.15,
5-Methyl-1-Hexyne,C#CCCC(C)C,96.2,303.15,
5-Methyl-1-Hexyne,C#CCCC(C)C,96.2,308.15,
5-Methyl-1-Hexyne,C#CCCC(C)C,96.2,313.15,
5-Methyl-1-Hexyne,C#CCCC(C)C,96.2,318.15,
5-Methyl-1-Hexyne,C#CCCC(C)C,96.2,323.15,
5-Methyl-1-Hexyne,C#CCCC(C)C,96.2,328.15,
5-Methyl-1-Hexyne,C#CCCC(C)C,96.2,333.15,
5-Methyl-2-Hepten-4-One,CCC(C)C(=O)C=CC,126.2,278.15,
5-Methyl-2-Hepten-4-One,CCC(C)C(=O)C=CC,126.2,283.15,
5-Methyl-2-Hepten-4-One,CCC(C)C(=O)C=CC,126.2,288.15,
5-Methyl-2-Hepten-4-One,CCC(C)C(=O)C=CC,126.2,293.15,
5-Methyl-2-Hepten-4-One,CCC(C)C(=O)C=CC,126.2,298.15,
5-Methyl-2-Hepten-4-One,CCC(C)C(=O)C=CC,126.2,303.15,
5-Methyl-2-Hepten-4-One,CCC(C)C(=O)C=CC,126.2,308.15,
5-Methyl-2-Hepten-4-One,CCC(C)C(=O)C=CC,126.2,313.15,
5-Methyl-2-Hepten-4-One,CCC(C)C(=O)C=CC,126.2,318.15,
5-Methyl-2-Hepten-4-One,CCC(C)C(=O)C=CC,126.2,323.15,
5-Methyl-2-Hepten-4-One,CCC(C)C(=O)C=CC,126.2,328.15,
5-Methyl-2-Hepten-4-One,CCC(C)C(=O)C=CC,126.2,333.15,
Acetoin Acetate,CC(C(=O)C)OC(=O)C,130.1,278.15,
Acetoin Acetate,CC(C(=O)C)OC(=O)C,130.1,283.15,
Acetoin Acetate,CC(C(=O)C)OC(=O)C,130.1,288.15,
Acetoin Acetate,CC(C(=O)C)OC(=O)C,130.1,293.15,
Acetoin Acetate,CC(C(=O)C)OC(=O)C,130.1,298.15,
Acetoin Acetate,CC(C(=O)C)OC(=O)C,130.1,303.15,
Acetoin Acetate,CC(C(=O)C)OC(=O)C,130.1,308.15,
Acetoin Acetate,CC(C(=O)C)OC(=O)C,130.1,313.15,
Acetoin Acetate,CC(C(=O)C)OC(=O)C,130.1,318.15,
Acetoin Acetate,CC(C(=O)C)OC(=O)C,130.1,323.15,
Acetoin Acetate,CC(C(=O)C)OC(=O)C,130.1,328.15,
Acetoin Acetate,CC(C(=O)C)OC(=O)C,130.1,333.15,
Acetoin Butyrate,CCCC(=O)OC(C)C(=O)C,158.2,278.15,
Acetoin Butyrate,CCCC(=O)OC(C)C(=O)C,158.2,283.15,
Acetoin Butyrate,CCCC(=O)OC(C)C(=O)C,158.2,288.15,
Acetoin Butyrate,CCCC(=O)OC(C)C(=O)C,158.2,293.15,
Acetoin Butyrate,CCCC(=O)OC(C)C(=O)C,158.2,298.15,
Acetoin Butyrate,CCCC(=O)OC(C)C(=O)C,158.2,303.15,
Acetoin Butyrate,CCCC(=O)OC(C)C(=O)C,158.2,308.15,
Acetoin Butyrate,CCCC(=O)OC(C)C(=O)C,158.2,313.15,
Acetoin Butyrate,CCCC(=O)OC(C)C(=O)C,158.2,318.15,
Acetoin Butyrate,CCCC(=O)OC(C)C(=O)C,158.2,323.15,
Acetoin Butyrate,CCCC(=O)OC(C)C(=O)C,158.2,328.15,
Acetoin Butyrate,CCCC(=O)OC(C)C(=O)C,158.2,333.15,
Acetone,CC(C)=O,58.08,278.15,
Acetone,CC(C)=O,58.08,283.15,
Acetone,CC(C)=O,58.08,288.15,
Acetone,CC(C)=O,58.08,293.15,
Acetone,CC(C)=O,58.08,298.15,
Acetone,CC(C)=O,58.08,303.15,
Acetone,CC(C)=O,58.08,308.15,
Acetone,CC(C)=O,58.08,313.15,
Acetone,CC(C)=O,58.08,318.15,
Acetone,CC(C)=O,58.08,323.15,
Acetone,CC(C)=O,58.08,328.15,
Acetone,CC(C)=O,58.08,333.15,
Allyl Methyl Sulfide,CSCC=C,88.2,278.15,
Allyl Methyl Sulfide,CSCC=C,88.2,283.15,
Allyl Methyl Sulfide,CSCC=C,88.2,288.15,
Allyl Methyl Sulfide,CSCC=C,88.2,293.15,
Allyl Methyl Sulfide,CSCC=C,88.2,298.15,
Allyl Methyl Sulfide,CSCC=C,88.2,303.15,
Allyl Methyl Sulfide,CSCC=C,88.2,308.15,
Allyl Methyl Sulfide,CSCC=C,88.2,313.15,
Allyl Methyl Sulfide,CSCC=C,88.2,318.15,
Allyl Methyl Sulfide,CSCC=C,88.2,323.15,
Allyl Methyl Sulfide,CSCC=C,88.2,328.15,
Allyl Methyl Sulfide,CSCC=C,88.2,333.15,
Amyl Acetate,O=C(OCCCCC)C,130.19,278.15,
Amyl Acetate,O=C(OCCCCC)C,130.19,283.15,
Amyl Acetate,O=C(OCCCCC)C,130.19,288.15,
Amyl Acetate,O=C(OCCCCC)C,130.19,293.15,
Amyl Acetate,O=C(OCCCCC)C,130.19,298.15,
Amyl Acetate,O=C(OCCCCC)C,130.19,303.15,
Amyl Acetate,O=C(OCCCCC)C,130.19,308.15,
Amyl Acetate,O=C(OCCCCC)C,130.19,313.15,
Amyl Acetate,O=C(OCCCCC)C,130.19,318.15,
Amyl Acetate,O=C(OCCCCC)C,130.19,323.15,
Amyl Acetate,O=C(OCCCCC)C,130.19,328.15,
Amyl Acetate,O=C(OCCCCC)C,130.19,333.15,
Anisole,COC1=CC=CC=C1,108.14,278.15,
Anisole,COC1=CC=CC=C1,108.14,283.15,
Anisole,COC1=CC=CC=C1,108.14,288.15,
Anisole,COC1=CC=CC=C1,108.14,293.15,
Anisole,COC1=CC=CC=C1,108.14,298.15,
Anisole,COC1=CC=CC=C1,108.14,303.15,
Anisole,COC1=CC=CC=C1,108.14,308.15,
Anisole,COC1=CC=CC=C1,108.14,313.15,
Anisole,COC1=CC=CC=C1,108.14,318.15,
Anisole,COC1=CC=CC=C1,108.14,323.15,
Anisole,COC1=CC=CC=C1,108.14,328.15,
Anisole,COC1=CC=CC=C1,108.14,333.15,
Benzyl Methyl Ether,COCC1=CC=CC=C1,122.2,278.15,
Benzyl Methyl Ether,COCC1=CC=CC=C1,122.2,283.15,
Benzyl Methyl Ether,COCC1=CC=CC=C1,122.2,288.15,
Benzyl Methyl Ether,COCC1=CC=CC=C1,122.2,293.15,
Benzyl Methyl Ether,COCC1=CC=CC=C1,122.2,298.15,
Benzyl Methyl Ether,COCC1=CC=CC=C1,122.2,303.15,
Benzyl Methyl Ether,COCC1=CC=CC=C1,122.2,308.15,
Benzyl Methyl Ether,COCC1=CC=CC=C1,122.2,313.15,
Benzyl Methyl Ether,COCC1=CC=CC=C1,122.2,318.15,
Benzyl Methyl Ether,COCC1=CC=CC=C1,122.2,323.15,
Benzyl Methyl Ether,COCC1=CC=CC=C1,122.2,328.15,
Benzyl Methyl Ether,COCC1=CC=CC=C1,122.2,333.15,
Bornyl Acetate,CC(=O)O[C@@H]1C[C@@H]2CC[C@]1(C2(C)C)C,196.3,278.15,
Bornyl Acetate,CC(=O)O[C@@H]1C[C@@H]2CC[C@]1(C2(C)C)C,196.3,283.15,
Bornyl Acetate,CC(=O)O[C@@H]1C[C@@H]2CC[C@]1(C2(C)C)C,196.3,288.15,
Bornyl Acetate,CC(=O)O[C@@H]1C[C@@H]2CC[C@]1(C2(C)C)C,196.3,293.15,
Bornyl Acetate,CC(=O)O[C@@H]1C[C@@H]2CC[C@]1(C2(C)C)C,196.3,298.15,
Bornyl Acetate,CC(=O)O[C@@H]1C[C@@H]2CC[C@]1(C2(C)C)C,196.3,303.15,
Bornyl Acetate,CC(=O)O[C@@H]1C[C@@H]2CC[C@]1(C2(C)C)C,196.3,308.15,
Bornyl Acetate,CC(=O)O[C@@H]1C[C@@H]2CC[C@]1(C2(C)C)C,196.3,313.15,
Bornyl Acetate,CC(=O)O[C@@H]1C[C@@H]2CC[C@]1(C2(C)C)C,196.3,318.15,
Bornyl Acetate,CC(=O)O[C@@H]1C[C@@H]2CC[C@]1(C2(C)C)C,196.3,323.15,
Bornyl Acetate,CC(=O)O[C@@H]1C[C@@H]2CC[C@]1(C2(C)C)C,196.3,328.15,
Bornyl Acetate,CC(=O)O[C@@H]1C[C@@H]2CC[C@]1(C2(C)C)C,196.3,333.15,
Butyl Lactate,O=C(C(O)C)OCCCC,146.19,278.15,
Butyl Lactate,O=C(C(O)C)OCCCC,146.19,283.15,
Butyl Lactate,O=C(C(O)C)OCCCC,146.19,288.15,
Butyl Lactate,O=C(C(O)C)OCCCC,146.19,293.15,
Butyl Lactate,O=C(C(O)C)OCCCC,146.19,298.15,
Butyl Lactate,O=C(C(O)C)OCCCC,146.19,303.15,
Butyl Lactate,O=C(C(O)C)OCCCC,146.19,308.15,
Butyl Lactate,O=C(C(O)C)OCCCC,146.19,313.15,
Butyl Lactate,O=C(C(O)C)OCCCC,146.19,318.15,
Butyl Lactate,O=C(C(O)C)OCCCC,146.19,323.15,
Butyl Lactate,O=C(C(O)C)OCCCC,146.19,328.15,
Butyl Lactate,O=C(C(O)C)OCCCC,146.19,333.15,
Butyraldehyde,CCCC=O,72.11,278.15,
Butyraldehyde,CCCC=O,72.11,283.15,
Butyraldehyde,CCCC=O,72.11,288.15,
Butyraldehyde,CCCC=O,72.11,293.15,
Butyraldehyde,CCCC=O,72.11,298.15,
Butyraldehyde,CCCC=O,72.11,303.15,
Butyraldehyde,CCCC=O,72.11,308.15,
Butyraldehyde,CCCC=O,72.11,313.15,
Butyraldehyde,CCCC=O,72.11,318.15,
Butyraldehyde,CCCC=O,72.11,323.15,
Butyraldehyde,CCCC=O,72.11,328.15,
Butyraldehyde,CCCC=O,72.11,333.15,
Caprolactone (Epsilon),O=C1OCCCCC1,114.14,278.15,
Caprolactone (Epsilon),O=C1OCCCCC1,114.14,283.15,
Caprolactone (Epsilon),O=C1OCCCCC1,114.14,288.15,
Caprolactone (Epsilon),O=C1OCCCCC1,114.14,293.15,
Caprolactone (Epsilon),O=C1OCCCCC1,114.14,298.15,
Caprolactone (Epsilon),O=C1OCCCCC1,114.14,303.15,
Caprolactone (Epsilon),O=C1OCCCCC1,114.14,308.15,
Caprolactone (Epsilon),O=C1OCCCCC1,114.14,313.15,
Caprolactone (Epsilon),O=C1OCCCCC1,114.14,318.15,
Caprolactone (Epsilon),O=C1OCCCCC1,114.14,323.15,
Caprolactone (Epsilon),O=C1OCCCCC1,114.14,328.15,
Caprolactone (Epsilon),O=C1OCCCCC1,114.14,333.15,
Caryophyllene,CC1=CCCC(=C)[C@H]2CC([C@@H]2CC1)(C)C,204.3,278.15,
Caryophyllene,CC1=CCCC(=C)[C@H]2CC([C@@H]2CC1)(C)C,204.3,283.15,
Caryophyllene,CC1=CCCC(=C)[C@H]2CC([C@@H]2CC1)(C)C,204.3,288.15,
Caryophyllene,CC1=CCCC(=C)[C@H]2CC([C@@H]2CC1)(C)C,204.3,293.15,
Caryophyllene,CC1=CCCC(=C)[C@H]2CC([C@@H]2CC1)(C)C,204.3,298.15,
Caryophyllene,CC1=CCCC(=C)[C@H]2CC([C@@H]2CC1)(C)C,204.3,303.15,
Caryophyllene,CC1=CCCC(=C)[C@H]2CC([C@@H]2CC1)(C)C,204.3,308.15,
Caryophyllene,CC1=CCCC(=C)[C@H]2CC([C@@H]2CC1)(C)C,204.3,313.15,
Caryophyllene,CC1=CCCC(=C)[C@H]2CC([C@@H]2CC1)(C)C,204.3,318.15,
Caryophyllene,CC1=CCCC(=C)[C@H]2CC([C@@H]2CC1)(C)C,204.3,323.15,
Caryophyllene,CC1=CCCC(=C)[C@H]2CC([C@@H]2CC1)(C)C,204.3,328.15,
Caryophyllene,CC1=CCCC(=C)[C@H]2CC([C@@H]2CC1)(C)C,204.3,333.15,
"Cis-3,7-Dimethyl-2,6-Octadien-1-ol",C\C(CC\C=C(C)\C)=C/CO,154.2,278.15,
"Cis-3,7-Dimethyl-2,6-Octadien-1-ol",C\C(CC\C=C(C)\C)=C/CO,154.2,283.15,
"Cis-3,7-Dimethyl-2,6-Octadien-1-ol",C\C(CC\C=C(C)\C)=C/CO,154.2,288.15,
"Cis-3,7-Dimethyl-2,6-Octadien-1-ol",C\C(CC\C=C(C)\C)=C/CO,154.2,293.15,
"Cis-3,7-Dimethyl-2,6-Octadien-1-ol",C\C(CC\C=C(C)\C)=C/CO,154.2,298.15,
"Cis-3,7-Dimethyl-2,6-Octadien-1-ol",C\C(CC\C=C(C)\C)=C/CO,154.2,303.15,
"Cis-3,7-Dimethyl-2,6-Octadien-1-ol",C\C(CC\C=C(C)\C)=C/CO,154.2,308.15,
"Cis-3,7-Dimethyl-2,6-Octadien-1-ol",C\C(CC\C=C(C)\C)=C/CO,154.2,313.15,
"Cis-3,7-Dimethyl-2,6-Octadien-1-ol",C\C(CC\C=C(C)\C)=C/CO,154.2,318.15,
"Cis-3,7-Dimethyl-2,6-Octadien-1-ol",C\C(CC\C=C(C)\C)=C/CO,154.2,323.15,
"Cis-3,7-Dimethyl-2,6-Octadien-1-ol",C\C(CC\C=C(C)\C)=C/CO,154.2,328.15,
"Cis-3,7-Dimethyl-2,6-Octadien-1-ol",C\C(CC\C=C(C)\C)=C/CO,154.2,333.15,
Citronellal,CC(CCC=C(C)C)CC=O,154.2,278.15,
Citronellal,CC(CCC=C(C)C)CC=O,154.2,283.15,
Citronellal,CC(CCC=C(C)C)CC=O,154.2,288.15,
Citronellal,CC(CCC=C(C)C)CC=O,154.2,293.15,
Citronellal,CC(CCC=C(C)C)CC=O,154.2,298.15,
Citronellal,CC(CCC=C(C)C)CC=O,154.2,303.15,
Citronellal,CC(CCC=C(C)C)CC=O,154.2,308.15,
Citronellal,CC(CCC=C(C)C)CC=O,154.2,313.15,
Citronellal,CC(CCC=C(C)C)CC=O,154.2,318.15,
Citronellal,CC(CCC=C(C)C)CC=O,154.2,323.15,
Citronellal,CC(CCC=C(C)C)CC=O,154.2,328.15,
Citronellal,CC(CCC=C(C)C)CC=O,154.2,333.15,
Crotonlactone,O=C1OCC=C1,84.07,278.15,
Crotonlactone,O=C1OCC=C1,84.07,283.15,
Crotonlactone,O=C1OCC=C1,84.07,288.15,
Crotonlactone,O=C1OCC=C1,84.07,293.15,
Crotonlactone,O=C1OCC=C1,84.07,298.15,
Crotonlactone,O=C1OCC=C1,84.07,303.15,
Crotonlactone,O=C1OCC=C1,84.07,308.15,
Crotonlactone,O=C1OCC=C1,84.07,313.15,
Crotonlactone,O=C1OCC=C1,84.07,318.15,
Crotonlactone,O=C1OCC=C1,84.07,323.15,
Crotonlactone,O=C1OCC=C1,84.07,328.15,
Crotonlactone,O=C1OCC=C1,84.07,333.15,
Cyclobutanol,OC1CCC1,72.1,278.15,
Cyclobutanol,OC1CCC1,72.1,283.15,
Cyclobutanol,OC1CCC1,72.1,288.15,
Cyclobutanol,OC1CCC1,72.1,293.15,
Cyclobutanol,OC1CCC1,72.1,298.15,
Cyclobutanol,OC1CCC1,72.1,303.15,
Cyclobutanol,OC1CCC1,72.1,308.15,
Cyclobutanol,OC1CCC1,72.1,313.15,
Cyclobutanol,OC1CCC1,72.1,318.15,
Cyclobutanol,OC1CCC1,72.1,323.15,
Cyclobutanol,OC1CCC1,72.1,328.15,
Cyclobutanol,OC1CCC1,72.1,333.15,
Cyclobutanone,O=C1CCC1,70.09,278.15,
Cyclobutanone,O=C1CCC1,70.09,283.15,
Cyclobutanone,O=C1CCC1,70.09,288.15,
Cyclobutanone,O=C1CCC1,70.09,293.15,
Cyclobutanone,O=C1CCC1,70.09,298.15,
Cyclobutanone,O=C1CCC1,70.09,303.15,
Cyclobutanone,O=C1CCC1,70.09,308.15,
Cyclobutanone,O=C1CCC1,70.09,313.15,
Cyclobutanone,O=C1CCC1,70.09,318.15,
Cyclobutanone,O=C1CCC1,70.09,323.15,
Cyclobutanone,O=C1CCC1,70.09,328.15,
Cyclobutanone,O=C1CCC1,70.09,333.15,
Cycloheptene,C1CCC=CCC1,96.2,278.15,
Cycloheptene,C1CCC=CCC1,96.2,283.15,
Cycloheptene,C1CCC=CCC1,96.2,288.15,
Cycloheptene,C1CCC=CCC1,96.2,293.15,
Cycloheptene,C1CCC=CCC1,96.2,298.15,
Cycloheptene,C1CCC=CCC1,96.2,303.15,
Cycloheptene,C1CCC=CCC1,96.2,308.15,
Cycloheptene,C1CCC=CCC1,96.2,313.15,
Cycloheptene,C1CCC=CCC1,96.2,318.15,
Cycloheptene,C1CCC=CCC1,96.2,323.15,
Cycloheptene,C1CCC=CCC1,96.2,328.15,
Cycloheptene,C1CCC=CCC1,96.2,333.15,
Cyclohexyl Carbinol C6h11-Ch2oh,OCC1CCCCC1,114.2,278.15,
Cyclohexyl Carbinol C6h11-Ch2oh,OCC1CCCCC1,114.2,283.15,
Cyclohexyl Carbinol C6h11-Ch2oh,OCC1CCCCC1,114.2,288.15,
Cyclohexyl Carbinol C6h11-Ch2oh,OCC1CCCCC1,114.2,293.15,
Cyclohexyl Carbinol C6h11-Ch2oh,OCC1CCCCC1,114.2,298.15,
Cyclohexyl Carbinol C6h11-Ch2oh,OCC1CCCCC1,114.2,303.15,
Cyclohexyl Carbinol C6h11-Ch2oh,OCC1CCCCC1,114.2,308.15,
Cyclohexyl Carbinol C6h11-Ch2oh,OCC1CCCCC1,114.2,313.15,
Cyclohexyl Carbinol C6h11-Ch2oh,OCC1CCCCC1,114.2,318.15,
Cyclohexyl Carbinol C6h11-Ch2oh,OCC1CCCCC1,114.2,323.15,
Cyclohexyl Carbinol C6h11-Ch2oh,OCC1CCCCC1,114.2,328.15,
Cyclohexyl Carbinol C6h11-Ch2oh,OCC1CCCCC1,114.2,333.15,
Cyclohexyl Formate,O=COC1CCCCC1,128.2,278.15,
Cyclohexyl Formate,O=COC1CCCCC1,128.2,283.15,
Cyclohexyl Formate,O=COC1CCCCC1,128.2,288.15,
Cyclohexyl Formate,O=COC1CCCCC1,128.2,293.15,
Cyclohexyl Formate,O=COC1CCCCC1,128.2,298.15,
Cyclohexyl Formate,O=COC1CCCCC1,128.2,303.15,
Cyclohexyl Formate,O=COC1CCCCC1,128.2,308.15,
Cyclohexyl Formate,O=COC1CCCCC1,128.2,313.15,
Cyclohexyl Formate,O=COC1CCCCC1,128.2,318.15,
Cyclohexyl Formate,O=COC1CCCCC1,128.2,323.15,
Cyclohexyl Formate,O=COC1CCCCC1,128.2,328.15,
Cyclohexyl Formate,O=COC1CCCCC1,128.2,333.15,
Cyclopentanone,O=C1CCCC1,84.12,278.15,
Cyclopentanone,O=C1CCCC1,84.12,283.15,
Cyclopentanone,O=C1CCCC1,84.12,288.15,
Cyclopentanone,O=C1CCCC1,84.12,293.15,
Cyclopentanone,O=C1CCCC1,84.12,298.15,
Cyclopentanone,O=C1CCCC1,84.12,303.15,
Cyclopentanone,O=C1CCCC1,84.12,308.15,
Cyclopentanone,O=C1CCCC1,84.12,313.15,
Cyclopentanone,O=C1CCCC1,84.12,318.15,
Cyclopentanone,O=C1CCCC1,84.12,323.15,
Cyclopentanone,O=C1CCCC1,84.12,328.15,
Cyclopentanone,O=C1CCCC1,84.12,333.15,
Decanal,CCCCCCCCCC=O,156.3,278.15,
Decanal,CCCCCCCCCC=O,156.3,283.15,
Decanal,CCCCCCCCCC=O,156.3,288.15,
Decanal,CCCCCCCCCC=O,156.3,293.15,
Decanal,CCCCCCCCCC=O,156.3,298.15,
Decanal,CCCCCCCCCC=O,156.3,303.15,
Decanal,CCCCCCCCCC=O,156.3,308.15,
Decanal,CCCCCCCCCC=O,156.3,313.15,
Decanal,CCCCCCCCCC=O,156.3,318.15,
Decanal,CCCCCCCCCC=O,156.3,323.15,
Decanal,CCCCCCCCCC=O,156.3,328.15,
Decanal,CCCCCCCCCC=O,156.3,333.15,
Delta-Hexalactone,CC1CCCC(=O)O1,114.1,278.15,
Delta-Hexalactone,CC1CCCC(=O)O1,114.1,283.15,
Delta-Hexalactone,CC1CCCC(=O)O1,114.1,288.15,
Delta-Hexalactone,CC1CCCC(=O)O1,114.1,293.15,
Delta-Hexalactone,CC1CCCC(=O)O1,114.1,298.15,
Delta-Hexalactone,CC1CCCC(=O)O1,114.1,303.15,
Delta-Hexalactone,CC1CCCC(=O)O1,114.1,308.15,
Delta-Hexalactone,CC1CCCC(=O)O1,114.1,313.15,
Delta-Hexalactone,CC1CCCC(=O)O1,114.1,318.15,
Delta-Hexalactone,CC1CCCC(=O)O1,114.1,323.15,
Delta-Hexalactone,CC1CCCC(=O)O1,114.1,328.15,
Delta-Hexalactone,CC1CCCC(=O)O1,114.1,333.15,
Di-Isobutyl Ketone,CC(C)CC(CC(C)C)=O,142.24,278.15,
Di-Isobutyl Ketone,CC(C)CC(CC(C)C)=O,142.24,283.15,
Di-Isobutyl Ketone,CC(C)CC(CC(C)C)=O,142.24,288.15,
Di-Isobutyl Ketone,CC(C)CC(CC(C)C)=O,142.24,293.15,
Di-Isobutyl Ketone,CC(C)CC(CC(C)C)=O,142.24,298.15,
Di-Isobutyl Ketone,CC(C)CC(CC(C)C)=O,142.24,303.15,
Di-Isobutyl Ketone,CC(C)CC(CC(C)C)=O,142.24,308.15,
Di-Isobutyl Ketone,CC(C)CC(CC(C)C)=O,142.24,313.15,
Di-Isobutyl Ketone,CC(C)CC(CC(C)C)=O,142.24,318.15,
Di-Isobutyl Ketone,CC(C)CC(CC(C)C)=O,142.24,323.15,
Di-Isobutyl Ketone,CC(C)CC(CC(C)C)=O,142.24,328.15,
Di-Isobutyl Ketone,CC(C)CC(CC(C)C)=O,142.24,333.15,
Diethyl Carbonate,O=C(OCC)OCC,118.13,278.15,
Diethyl Carbonate,O=C(OCC)OCC,118.13,283.15,
Diethyl Carbonate,O=C(OCC)OCC,118.13,288.15,
Diethyl Carbonate,O=C(OCC)OCC,118.13,293.15,
Diethyl Carbonate,O=C(OCC)OCC,118.13,298.15,
Diethyl Carbonate,O=C(OCC)OCC,118.13,303.15,
Diethyl Carbonate,O=C(OCC)OCC,118.13,308.15,
Diethyl Carbonate,O=C(OCC)OCC,118.13,313.15,
Diethyl Carbonate,O=C(OCC)OCC,118.13,318.15,
Diethyl Carbonate,O=C(OCC)OCC,118.13,323.15,
Diethyl Carbonate,O=C(OCC)OCC,118.13,328.15,
Diethyl Carbonate,O=C(OCC)OCC,118.13,333.15,
Diethyl Sulfide,CCSCC,90.19,278.15,
Diethyl Sulfide,CCSCC,90.19,283.15,
Diethyl Sulfide,CCSCC,90.19,288.15,
Diethyl Sulfide,CCSCC,90.19,293.15,
Diethyl Sulfide,CCSCC,90.19,298.15,
Diethyl Sulfide,CCSCC,90.19,303.15,
Diethyl Sulfide,CCSCC,90.19,308.15,
Diethyl Sulfide,CCSCC,90.19,313.15,
Diethyl Sulfide,CCSCC,90.19,318.15,
Diethyl Sulfide,CCSCC,90.19,323.15,
Diethyl Sulfide,CCSCC,90.19,328.15,
Diethyl Sulfide,CCSCC,90.19,333.15,
Diethyl Sulfite,CCOS(OCC)=O,138.2,278.15,
Diethyl Sulfite,CCOS(OCC)=O,138.2,283.15,
Diethyl Sulfite,CCOS(OCC)=O,138.2,288.15,
Diethyl Sulfite,CCOS(OCC)=O,138.2,293.15,
Diethyl Sulfite,CCOS(OCC)=O,138.2,298.15,
Diethyl Sulfite,CCOS(OCC)=O,138.2,303.15,
Diethyl Sulfite,CCOS(OCC)=O,138.2,308.15,
Diethyl Sulfite,CCOS(OCC)=O,138.2,313.15,
Diethyl Sulfite,CCOS(OCC)=O,138.2,318.15,
Diethyl Sulfite,CCOS(OCC)=O,138.2,323.15,
Diethyl Sulfite,CCOS(OCC)=O,138.2,328.15,
Diethyl Sulfite,CCOS(OCC)=O,138.2,333.15,
Diethylene Glycol Monobutyl Ether,CCCCOCCOCCO,162.23,278.15,
Diethylene Glycol Monobutyl Ether,CCCCOCCOCCO,162.23,283.15,
Diethylene Glycol Monobutyl Ether,CCCCOCCOCCO,162.23,288.15,
Diethylene Glycol Monobutyl Ether,CCCCOCCOCCO,162.23,293.15,
Diethylene Glycol Monobutyl Ether,CCCCOCCOCCO,162.23,298.15,
Diethylene Glycol Monobutyl Ether,CCCCOCCOCCO,162.23,303.15,
Diethylene Glycol Monobutyl Ether,CCCCOCCOCCO,162.23,308.15,
Diethylene Glycol Monobutyl Ether,CCCCOCCOCCO,162.23,313.15,
Diethylene Glycol Monobutyl Ether,CCCCOCCOCCO,162.23,318.15,
Diethylene Glycol Monobutyl Ether,CCCCOCCOCCO,162.23,323.15,
Diethylene Glycol Monobutyl Ether,CCCCOCCOCCO,162.23,328.15,
Diethylene Glycol Monobutyl Ether,CCCCOCCOCCO,162.23,333.15,
Diethylene Glycol Monoethyl Ether,CCOCCOCCO,134.18,278.15,
Diethylene Glycol Monoethyl Ether,CCOCCOCCO,134.18,283.15,
Diethylene Glycol Monoethyl Ether,CCOCCOCCO,134.18,288.15,
Diethylene Glycol Monoethyl Ether,CCOCCOCCO,134.18,293.15,
Diethylene Glycol Monoethyl Ether,CCOCCOCCO,134.18,298.15,
Diethylene Glycol Monoethyl Ether,CCOCCOCCO,134.18,303.15,
Diethylene Glycol Monoethyl Ether,CCOCCOCCO,134.18,308.15,
Diethylene Glycol Monoethyl Ether,CCOCCOCCO,134.18,313.15,
Diethylene Glycol Monoethyl Ether,CCOCCOCCO,134.18,318.15,
Diethylene Glycol Monoethyl Ether,CCOCCOCCO,134.18,323.15,
Diethylene Glycol Monoethyl Ether,CCOCCOCCO,134.18,328.15,
Diethylene Glycol Monoethyl Ether,CCOCCOCCO,134.18,333.15,
Dihydropyran,C1CCOC=C1,84.12,278.15,
Dihydropyran,C1CCOC=C1,84.12,283.15,
Dihydropyran,C1CCOC=C1,84.12,288.15,
Dihydropyran,C1CCOC=C1,84.12,293.15,
Dihydropyran,C1CCOC=C1,84.12,298.15,
Dihydropyran,C1CCOC=C1,84.12,303.15,
Dihydropyran,C1CCOC=C1,84.12,308.15,
Dihydropyran,C1CCOC=C1,84.12,313.15,
Dihydropyran,C1CCOC=C1,84.12,318.15,
Dihydropyran,C1CCOC=C1,84.12,323.15,
Dihydropyran,C1CCOC=C1,84.12,328.15,
Dihydropyran,C1CCOC=C1,84.12,333.15,
Dimethyl Carbonate,O=C(OC)OC,90.08,278.15,
Dimethyl Carbonate,O=C(OC)OC,90.08,283.15,
Dimethyl Carbonate,O=C(OC)OC,90.08,288.15,
Dimethyl Carbonate,O=C(OC)OC,90.08,293.15,
Dimethyl Carbonate,O=C(OC)OC,90.08,298.15,
Dimethyl Carbonate,O=C(OC)OC,90.08,303.15,
Dimethyl Carbonate,O=C(OC)OC,90.08,308.15,
Dimethyl Carbonate,O=C(OC)OC,90.08,313.15,
Dimethyl Carbonate,O=C(OC)OC,90.08,318.15,
Dimethyl Carbonate,O=C(OC)OC,90.08,323.15,
Dimethyl Carbonate,O=C(OC)OC,90.08,328.15,
Dimethyl Carbonate,O=C(OC)OC,90.08,333.15,
Dimethyl Sulfite,O(C)S(=O)OC,110.1,278.15,
Dimethyl Sulfite,O(C)S(=O)OC,110.1,283.15,
Dimethyl Sulfite,O(C)S(=O)OC,110.1,288.15,
Dimethyl Sulfite,O(C)S(=O)OC,110.1,293.15,
Dimethyl Sulfite,O(C)S(=O)OC,110.1,298.15,
Dimethyl Sulfite,O(C)S(=O)OC,110.1,303.15,
Dimethyl Sulfite,O(C)S(=O)OC,110.1,308.15,
Dimethyl Sulfite,O(C)S(=O)OC,110.1,313.15,
Dimethyl Sulfite,O(C)S(=O)OC,110.1,318.15,
Dimethyl Sulfite,O(C)S(=O)OC,110.1,323.15,
Dimethyl Sulfite,O(C)S(=O)OC,110.1,328.15,
Dimethyl Sulfite,O(C)S(=O)OC,110.1,333.15,
Dimethyl Sulfoxide (DMSO),O=S(C)C,78.14,278.15,
Dimethyl Sulfoxide (DMSO),O=S(C)C,78.14,283.15,
Dimethyl Sulfoxide (DMSO),O=S(C)C,78.14,288.15,
Dimethyl Sulfoxide (DMSO),O=S(C)C,78.14,293.15,
Dimethyl Sulfoxide (DMSO),O=S(C)C,78.14,298.15,
Dimethyl Sulfoxide (DMSO),O=S(C)C,78.14,303.15,
Dimethyl Sulfoxide (DMSO),O=S(C)C,78.14,308.15,
Dimethyl Sulfoxide (DMSO),O=S(C)C,78.14,313.15,
Dimethyl Sulfoxide (DMSO),O=S(C)C,78.14,318.15,
Dimethyl Sulfoxide (DMSO),O=S(C)C,78.14,323.15,
Dimethyl Sulfoxide (DMSO),O=S(C)C,78.14,328.15,
Dimethyl Sulfoxide (DMSO),O=S(C)C,78.14,333.15,
Ethanol,CCO,46.07,278.15,
Ethanol,CCO,46.07,283.15,
Ethanol,CCO,46.07,288.15,
Ethanol,CCO,46.07,293.15,
Ethanol,CCO,46.07,298.15,
Ethanol,CCO,46.07,303.15,
Ethanol,CCO,46.07,308.15,
Ethanol,CCO,46.07,313.15,
Ethanol,CCO,46.07,318.15,
Ethanol,CCO,46.07,323.15,
Ethanol,CCO,46.07,328.15,
Ethanol,CCO,46.07,333.15,
Ethyl 3-Hexenoate,CCC=CCC(=O)OCC,142.2,278.15,
Ethyl 3-Hexenoate,CCC=CCC(=O)OCC,142.2,283.15,
Ethyl 3-Hexenoate,CCC=CCC(=O)OCC,142.2,288.15,
Ethyl 3-Hexenoate,CCC=CCC(=O)OCC,142.2,293.15,
Ethyl 3-Hexenoate,CCC=CCC(=O)OCC,142.2,298.15,
Ethyl 3-Hexenoate,CCC=CCC(=O)OCC,142.2,303.15,
Ethyl 3-Hexenoate,CCC=CCC(=O)OCC,142.2,308.15,
Ethyl 3-Hexenoate,CCC=CCC(=O)OCC,142.2,313.15,
Ethyl 3-Hexenoate,CCC=CCC(=O)OCC,142.2,318.15,
Ethyl 3-Hexenoate,CCC=CCC(=O)OCC,142.2,323.15,
Ethyl 3-Hexenoate,CCC=CCC(=O)OCC,142.2,328.15,
Ethyl 3-Hexenoate,CCC=CCC(=O)OCC,142.2,333.15,
Ethyl Acetate,CC(OCC)=O,88.11,278.15,
Ethyl Acetate,CC(OCC)=O,88.11,283.15,
Ethyl Acetate,CC(OCC)=O,88.11,288.15,
Ethyl Acetate,CC(OCC)=O,88.11,293.15,
Ethyl Acetate,CC(OCC)=O,88.11,298.15,
Ethyl Acetate,CC(OCC)=O,88.11,303.15,
Ethyl Acetate,CC(OCC)=O,88.11,308.15,
Ethyl Acetate,CC(OCC)=O,88.11,313.15,
Ethyl Acetate,CC(OCC)=O,88.11,318.15,
Ethyl Acetate,CC(OCC)=O,88.11,323.15,
Ethyl Acetate,CC(OCC)=O,88.11,328.15,
Ethyl Acetate,CC(OCC)=O,88.11,333.15,
Ethyl Aceto Acetate (Keto),CC(CC(OCC)=O)=O,130.14,278.15,
Ethyl Aceto Acetate (Keto),CC(CC(OCC)=O)=O,130.14,283.15,
Ethyl Aceto Acetate (Keto),CC(CC(OCC)=O)=O,130.14,288.15,
Ethyl Aceto Acetate (Keto),CC(CC(OCC)=O)=O,130.14,293.15,
Ethyl Aceto Acetate (Keto),CC(CC(OCC)=O)=O,130.14,298.15,
Ethyl Aceto Acetate (Keto),CC(CC(OCC)=O)=O,130.14,303.15,
Ethyl Aceto Acetate (Keto),CC(CC(OCC)=O)=O,130.14,308.15,
Ethyl Aceto Acetate (Keto),CC(CC(OCC)=O)=O,130.14,313.15,
Ethyl Aceto Acetate (Keto),CC(CC(OCC)=O)=O,130.14,318.15,
Ethyl Aceto Acetate (Keto),CC(CC(OCC)=O)=O,130.14,323.15,
Ethyl Aceto Acetate (Keto),CC(CC(OCC)=O)=O,130.14,328.15,
Ethyl Aceto Acetate (Keto),CC(CC(OCC)=O)=O,130.14,333.15,
Ethyl Methyl Carbonate,O=C(OC)OCC,104.1,278.15,
Ethyl Methyl Carbonate,O=C(OC)OCC,104.1,283.15,
Ethyl Methyl Carbonate,O=C(OC)OCC,104.1,288.15,
Ethyl Methyl Carbonate,O=C(OC)OCC,104.1,293.15,
Ethyl Methyl Carbonate,O=C(OC)OCC,104.1,298.15,
Ethyl Methyl Carbonate,O=C(OC)OCC,104.1,303.15,
Ethyl Methyl Carbonate,O=C(OC)OCC,104.1,308.15,
Ethyl Methyl Carbonate,O=C(OC)OCC,104.1,313.15,
Ethyl Methyl Carbonate,O=C(OC)OCC,104.1,318.15,
Ethyl Methyl Carbonate,O=C(OC)OCC,104.1,323.15,
Ethyl Methyl Carbonate,O=C(OC)OCC,104.1,328.15,
Ethyl Methyl Carbonate,O=C(OC)OCC,104.1,333.15,
Ethyl Methyl Mercaptopropionate,CCOC(=O)CCSC,148.2,278.15,
Ethyl Methyl Mercaptopropionate,CCOC(=O)CCSC,148.2,283.15,
Ethyl Methyl Mercaptopropionate,CCOC(=O)CCSC,148.2,288.15,
Ethyl Methyl Mercaptopropionate,CCOC(=O)CCSC,148.2,293.15,
Ethyl Methyl Mercaptopropionate,CCOC(=O)CCSC,148.2,298.15,
Ethyl Methyl Mercaptopropionate,CCOC(=O)CCSC,148.2,303.15,
Ethyl Methyl Mercaptopropionate,CCOC(=O)CCSC,148.2,308.15,
Ethyl Methyl Mercaptopropionate,CCOC(=O)CCSC,148.2,313.15,
Ethyl Methyl Mercaptopropionate,CCOC(=O)CCSC,148.2,318.15,
Ethyl Methyl Mercaptopropionate,CCOC(=O)CCSC,148.2,323.15,
Ethyl Methyl Mercaptopropionate,CCOC(=O)CCSC,148.2,328.15,
Ethyl Methyl Mercaptopropionate,CCOC(=O)CCSC,148.2,333.15,
Ethyl Methyl Sulfide,CSCC,76.16,278.15,
Ethyl Methyl Sulfide,CSCC,76.16,283.15,
Ethyl Methyl Sulfide,CSCC,76.16,288.15,
Ethyl Methyl Sulfide,CSCC,76.16,293.15,
Ethyl Methyl Sulfide,CSCC,76.16,298.15,
Ethyl Methyl Sulfide,CSCC,76.16,303.15,
Ethyl Methyl Sulfide,CSCC,76.16,308.15,
Ethyl Methyl Sulfide,CSCC,76.16,313.15,
Ethyl Methyl Sulfide,CSCC,76.16,318.15,
Ethyl Methyl Sulfide,CSCC,76.16,323.15,
Ethyl Methyl Sulfide,CSCC,76.16,328.15,
Ethyl Methyl Sulfide,CSCC,76.16,333.15,
Ethyl Tiglate.,C(/C)=C(/C)C(OCC)=O,128.2,278.15,
Ethyl Tiglate.,C(/C)=C(/C)C(OCC)=O,128.2,283.15,
Ethyl Tiglate.,C(/C)=C(/C)C(OCC)=O,128.2,288.15,
Ethyl Tiglate.,C(/C)=C(/C)C(OCC)=O,128.2,293.15,
Ethyl Tiglate.,C(/C)=C(/C)C(OCC)=O,128.2,298.15,
Ethyl Tiglate.,C(/C)=C(/C)C(OCC)=O,128.2,303.15,
Ethyl Tiglate.,C(/C)=C(/C)C(OCC)=O,128.2,308.15,
Ethyl Tiglate.,C(/C)=C(/C)C(OCC)=O,128.2,313.15,
Ethyl Tiglate.,C(/C)=C(/C)C(OCC)=O,128.2,318.15,
Ethyl Tiglate.,C(/C)=C(/C)C(OCC)=O,128.2,323.15,
Ethyl Tiglate.,C(/C)=C(/C)C(OCC)=O,128.2,328.15,
Ethyl Tiglate.,C(/C)=C(/C)C(OCC)=O,128.2,333.15,
Ethylcyclopentane,CCC1CCCC1,98.2,278.15,
Ethylcyclopentane,CCC1CCCC1,98.2,283.15,
Ethylcyclopentane,CCC1CCCC1,98.2,288.15,
Ethylcyclopentane,CCC1CCCC1,98.2,293.15,
Ethylcyclopentane,CCC1CCCC1,98.2,298.15,
Ethylcyclopentane,CCC1CCCC1,98.2,303.15,
Ethylcyclopentane,CCC1CCCC1,98.2,308.15,
Ethylcyclopentane,CCC1CCCC1,98.2,313.15,
Ethylcyclopentane,CCC1CCCC1,98.2,318.15,
Ethylcyclopentane,CCC1CCCC1,98.2,323.15,
Ethylcyclopentane,CCC1CCCC1,98.2,328.15,
Ethylcyclopentane,CCC1CCCC1,98.2,333.15,
Ethylene Glycol Diacetate,CC(OCCOC(C)=O)=O,146.14,278.15,
Ethylene Glycol Diacetate,CC(OCCOC(C)=O)=O,146.14,283.15,
Ethylene Glycol Diacetate,CC(OCCOC(C)=O)=O,146.14,288.15,
Ethylene Glycol Diacetate,CC(OCCOC(C)=O)=O,146.14,293.15,
Ethylene Glycol Diacetate,CC(OCCOC(C)=O)=O,146.14,298.15,
Ethylene Glycol Diacetate,CC(OCCOC(C)=O)=O,146.14,303.15,
Ethylene Glycol Diacetate,CC(OCCOC(C)=O)=O,146.14,308.15,
Ethylene Glycol Diacetate,CC(OCCOC(C)=O)=O,146.14,313.15,
Ethylene Glycol Diacetate,CC(OCCOC(C)=O)=O,146.14,318.15,
Ethylene Glycol Diacetate,CC(OCCOC(C)=O)=O,146.14,323.15,
Ethylene Glycol Diacetate,CC(OCCOC(C)=O)=O,146.14,328.15,
Ethylene Glycol Diacetate,CC(OCCOC(C)=O)=O,146.14,333.15,
Ethylene Glycol Sulfite,C1COS(=O)O1,108.12,278.15,
Ethylene Glycol Sulfite,C1COS(=O)O1,108.12,283.15,
Ethylene Glycol Sulfite,C1COS(=O)O1,108.12,288.15,
Ethylene Glycol Sulfite,C1COS(=O)O1,108.12,293.15,
Ethylene Glycol Sulfite,C1COS(=O)O1,108.12,298.15,
Ethylene Glycol Sulfite,C1COS(=O)O1,108.12,303.15,
Ethylene Glycol Sulfite,C1COS(=O)O1,108.12,308.15,
Ethylene Glycol Sulfite,C1COS(=O)O1,108.12,313.15,
Ethylene Glycol Sulfite,C1COS(=O)O1,108.12,318.15,
Ethylene Glycol Sulfite,C1COS(=O)O1,108.12,323.15,
Ethylene Glycol Sulfite,C1COS(=O)O1,108.12,328.15,
Ethylene Glycol Sulfite,C1COS(=O)O1,108.12,333.15,
Farnesene,CC(=CCC/C(=C/C\C=C(/C)\C=C)/C)C,204.3,278.15,
Farnesene,CC(=CCC/C(=C/C\C=C(/C)\C=C)/C)C,204.3,283.15,
Farnesene,CC(=CCC/C(=C/C\C=C(/C)\C=C)/C)C,204.3,288.15,
Farnesene,CC(=CCC/C(=C/C\C=C(/C)\C=C)/C)C,204.3,293.15,
Farnesene,CC(=CCC/C(=C/C\C=C(/C)\C=C)/C)C,204.3,298.15,
Farnesene,CC(=CCC/C(=C/C\C=C(/C)\C=C)/C)C,204.3,303.15,
Farnesene,CC(=CCC/C(=C/C\C=C(/C)\C=C)/C)C,204.3,308.15,
Farnesene,CC(=CCC/C(=C/C\C=C(/C)\C=C)/C)C,204.3,313.15,
Farnesene,CC(=CCC/C(=C/C\C=C(/C)\C=C)/C)C,204.3,318.15,
Farnesene,CC(=CCC/C(=C/C\C=C(/C)\C=C)/C)C,204.3,323.15,
Farnesene,CC(=CCC/C(=C/C\C=C(/C)\C=C)/C)C,204.3,328.15,
Farnesene,CC(=CCC/C(=C/C\C=C(/C)\C=C)/C)C,204.3,333.15,
Furfural Diethyl Acetal,CCOC(C1=CC=CO1)OCC,170.2,278.15,
Furfural Diethyl Acetal,CCOC(C1=CC=CO1)OCC,170.2,283.15,
Furfural Diethyl Acetal,CCOC(C1=CC=CO1)OCC,170.2,288.15,
Furfural Diethyl Acetal,CCOC(C1=CC=CO1)OCC,170.2,293.15,
Furfural Diethyl Acetal,CCOC(C1=CC=CO1)OCC,170.2,298.15,
Furfural Diethyl Acetal,CCOC(C1=CC=CO1)OCC,170.2,303.15,
Furfural Diethyl Acetal,CCOC(C1=CC=CO1)OCC,170.2,308.15,
Furfural Diethyl Acetal,CCOC(C1=CC=CO1)OCC,170.2,313.15,
Furfural Diethyl Acetal,CCOC(C1=CC=CO1)OCC,170.2,318.15,
Furfural Diethyl Acetal,CCOC(C1=CC=CO1)OCC,170.2,323.15,
Furfural Diethyl Acetal,CCOC(C1=CC=CO1)OCC,170.2,328.15,
Furfural Diethyl Acetal,CCOC(C1=CC=CO1)OCC,170.2,333.15,
Furfuryl Butyrate,CCCC(=O)OCC1=CC=CO1,168.2,278.15,
Furfuryl Butyrate,CCCC(=O)OCC1=CC=CO1,168.2,283.15,
Furfuryl Butyrate,CCCC(=O)OCC1=CC=CO1,168.2,288.15,
Furfuryl Butyrate,CCCC(=O)OCC1=CC=CO1,168.2,293.15,
Furfuryl Butyrate,CCCC(=O)OCC1=CC=CO1,168.2,298.15,
Furfuryl Butyrate,CCCC(=O)OCC1=CC=CO1,168.2,303.15,
Furfuryl Butyrate,CCCC(=O)OCC1=CC=CO1,168.2,308.15,
Furfuryl Butyrate,CCCC(=O)OCC1=CC=CO1,168.2,313.15,
Furfuryl Butyrate,CCCC(=O)OCC1=CC=CO1,168.2,318.15,
Furfuryl Butyrate,CCCC(=O)OCC1=CC=CO1,168.2,323.15,
Furfuryl Butyrate,CCCC(=O)OCC1=CC=CO1,168.2,328.15,
Furfuryl Butyrate,CCCC(=O)OCC1=CC=CO1,168.2,333.15,
Furfuryl Mercaptan,C1=COC(=C1)CS,114.2,278.15,
Furfuryl Mercaptan,C1=COC(=C1)CS,114.2,283.15,
Furfuryl Mercaptan,C1=COC(=C1)CS,114.2,288.15,
Furfuryl Mercaptan,C1=COC(=C1)CS,114.2,293.15,
Furfuryl Mercaptan,C1=COC(=C1)CS,114.2,298.15,
Furfuryl Mercaptan,C1=COC(=C1)CS,114.2,303.15,
Furfuryl Mercaptan,C1=COC(=C1)CS,114.2,308.15,
Furfuryl Mercaptan,C1=COC(=C1)CS,114.2,313.15,
Furfuryl Mercaptan,C1=COC(=C1)CS,114.2,318.15,
Furfuryl Mercaptan,C1=COC(=C1)CS,114.2,323.15,
Furfuryl Mercaptan,C1=COC(=C1)CS,114.2,328.15,
Furfuryl Mercaptan,C1=COC(=C1)CS,114.2,333.15,
Furfuryl Methyl Sulfide,CSCC1=CC=CO1,128.2,278.15,
Furfuryl Methyl Sulfide,CSCC1=CC=CO1,128.2,283.15,
Furfuryl Methyl Sulfide,CSCC1=CC=CO1,128.2,288.15,
Furfuryl Methyl Sulfide,CSCC1=CC=CO1,128.2,293.15,
Furfuryl Methyl Sulfide,CSCC1=CC=CO1,128.2,298.15,
Furfuryl Methyl Sulfide,CSCC1=CC=CO1,128.2,303.15,
Furfuryl Methyl Sulfide,CSCC1=CC=CO1,128.2,308.15,
Furfuryl Methyl Sulfide,CSCC1=CC=CO1,128.2,313.15,
Furfuryl Methyl Sulfide,CSCC1=CC=CO1,128.2,318.15,
Furfuryl Methyl Sulfide,CSCC1=CC=CO1,128.2,323.15,
Furfuryl Methyl Sulfide,CSCC1=CC=CO1,128.2,328.15,
Furfuryl Methyl Sulfide,CSCC1=CC=CO1,128.2,333.15,
Furfuryl Propionate,CCC(=O)OCC1=CC=CO1,154.2,278.15,
Furfuryl Propionate,CCC(=O)OCC1=CC=CO1,154.2,283.15,
Furfuryl Propionate,CCC(=O)OCC1=CC=CO1,154.2,288.15,
Furfuryl Propionate,CCC(=O)OCC1=CC=CO1,154.2,293.15,
Furfuryl Propionate,CCC(=O)OCC1=CC=CO1,154.2,298.15,
Furfuryl Propionate,CCC(=O)OCC1=CC=CO1,154.2,303.15,
Furfuryl Propionate,CCC(=O)OCC1=CC=CO1,154.2,308.15,
Furfuryl Propionate,CCC(=O)OCC1=CC=CO1,154.2,313.15,
Furfuryl Propionate,CCC(=O)OCC1=CC=CO1,154.2,318.15,
Furfuryl Propionate,CCC(=O)OCC1=CC=CO1,154.2,323.15,
Furfuryl Propionate,CCC(=O)OCC1=CC=CO1,154.2,328.15,
Furfuryl Propionate,CCC(=O)OCC1=CC=CO1,154.2,333.15,
Furfuryl Thiopropionate,CCC(=O)SCC1=CC=CO1,170.2,278.15,
Furfuryl Thiopropionate,CCC(=O)SCC1=CC=CO1,170.2,283.15,
Furfuryl Thiopropionate,CCC(=O)SCC1=CC=CO1,170.2,288.15,
Furfuryl Thiopropionate,CCC(=O)SCC1=CC=CO1,170.2,293.15,
Furfuryl Thiopropionate,CCC(=O)SCC1=CC=CO1,170.2,298.15,
Furfuryl Thiopropionate,CCC(=O)SCC1=CC=CO1,170.2,303.15,
Furfuryl Thiopropionate,CCC(=O)SCC1=CC=CO1,170.2,308.15,
Furfuryl Thiopropionate,CCC(=O)SCC1=CC=CO1,170.2,313.15,
Furfuryl Thiopropionate,CCC(=O)SCC1=CC=CO1,170.2,318.15,
Furfuryl Thiopropionate,CCC(=O)SCC1=CC=CO1,170.2,323.15,
Furfuryl Thiopropionate,CCC(=O)SCC1=CC=CO1,170.2,328.15,
Furfuryl Thiopropionate,CCC(=O)SCC1=CC=CO1,170.2,333.15,
Furfuryl Valerate,CCCCC(=O)OCC1=CC=CO1,182.2,278.15,
Furfuryl Valerate,CCCCC(=O)OCC1=CC=CO1,182.2,283.15,
Furfuryl Valerate,CCCCC(=O)OCC1=CC=CO1,182.2,288.15,
Furfuryl Valerate,CCCCC(=O)OCC1=CC=CO1,182.2,293.15,
Furfuryl Valerate,CCCCC(=O)OCC1=CC=CO1,182.2,298.15,
Furfuryl Valerate,CCCCC(=O)OCC1=CC=CO1,182.2,303.15,
Furfuryl Valerate,CCCCC(=O)OCC1=CC=CO1,182.2,308.15,
Furfuryl Valerate,CCCCC(=O)OCC1=CC=CO1,182.2,313.15,
Furfuryl Valerate,CCCCC(=O)OCC1=CC=CO1,182.2,318.15,
Furfuryl Valerate,CCCCC(=O)OCC1=CC=CO1,182.2,323.15,
Furfuryl Valerate,CCCCC(=O)OCC1=CC=CO1,182.2,328.15,
Furfuryl Valerate,CCCCC(=O)OCC1=CC=CO1,182.2,333.15,
Geraniol,C/C(C)=C\CC/C(C)=C/CO,154.2,278.15,
Geraniol,C/C(C)=C\CC/C(C)=C/CO,154.2,283.15,
Geraniol,C/C(C)=C\CC/C(C)=C/CO,154.2,288.15,
Geraniol,C/C(C)=C\CC/C(C)=C/CO,154.2,293.15,
Geraniol,C/C(C)=C\CC/C(C)=C/CO,154.2,298.15,
Geraniol,C/C(C)=C\CC/C(C)=C/CO,154.2,303.15,
Geraniol,C/C(C)=C\CC/C(C)=C/CO,154.2,308.15,
Geraniol,C/C(C)=C\CC/C(C)=C/CO,154.2,313.15,
Geraniol,C/C(C)=C\CC/C(C)=C/CO,154.2,318.15,
Geraniol,C/C(C)=C\CC/C(C)=C/CO,154.2,323.15,
Geraniol,C/C(C)=C\CC/C(C)=C/CO,154.2,328.15,
Geraniol,C/C(C)=C\CC/C(C)=C/CO,154.2,333.15,
Glycerol Triacetate,CC(OCC(OC(C)=O)COC(C)=O)=O,218.21,278.15,
Glycerol Triacetate,CC(OCC(OC(C)=O)COC(C)=O)=O,218.21,283.15,
Glycerol Triacetate,CC(OCC(OC(C)=O)COC(C)=O)=O,218.21,288.15,
Glycerol Triacetate,CC(OCC(OC(C)=O)COC(C)=O)=O,218.21,293.15,
Glycerol Triacetate,CC(OCC(OC(C)=O)COC(C)=O)=O,218.21,298.15,
Glycerol Triacetate,CC(OCC(OC(C)=O)COC(C)=O)=O,218.21,303.15,
Glycerol Triacetate,CC(OCC(OC(C)=O)COC(C)=O)=O,218.21,308.15,
Glycerol Triacetate,CC(OCC(OC(C)=O)COC(C)=O)=O,218.21,313.15,
Glycerol Triacetate,CC(OCC(OC(C)=O)COC(C)=O)=O,218.21,318.15,
Glycerol Triacetate,CC(OCC(OC(C)=O)COC(C)=O)=O,218.21,323.15,
Glycerol Triacetate,CC(OCC(OC(C)=O)COC(C)=O)=O,218.21,328.15,
Glycerol Triacetate,CC(OCC(OC(C)=O)COC(C)=O)=O,218.21,333.15,
Grape Butyrate,CCOC(=O)CC(C)O,132.2,278.15,
Grape Butyrate,CCOC(=O)CC(C)O,132.2,283.15,
Grape Butyrate,CCOC(=O)CC(C)O,132.2,288.15,
Grape Butyrate,CCOC(=O)CC(C)O,132.2,293.15,
Grape Butyrate,CCOC(=O)CC(C)O,132.2,298.15,
Grape Butyrate,CCOC(=O)CC(C)O,132.2,303.15,
Grape Butyrate,CCOC(=O)CC(C)O,132.2,308.15,
Grape Butyrate,CCOC(=O)CC(C)O,132.2,313.15,
Grape Butyrate,CCOC(=O)CC(C)O,132.2,318.15,
Grape Butyrate,CCOC(=O)CC(C)O,132.2,323.15,
Grape Butyrate,CCOC(=O)CC(C)O,132.2,328.15,
Grape Butyrate,CCOC(=O)CC(C)O,132.2,333.15,
Hexanal,CCCCCC=O,100.16,278.15,
Hexanal,CCCCCC=O,100.16,283.15,
Hexanal,CCCCCC=O,100.16,288.15,
Hexanal,CCCCCC=O,100.16,293.15,
Hexanal,CCCCCC=O,100.16,298.15,
Hexanal,CCCCCC=O,100.16,303.15,
Hexanal,CCCCCC=O,100.16,308.15,
Hexanal,CCCCCC=O,100.16,313.15,
Hexanal,CCCCCC=O,100.16,318.15,
Hexanal,CCCCCC=O,100.16,323.15,
Hexanal,CCCCCC=O,100.16,328.15,
Hexanal,CCCCCC=O,100.16,333.15,
Hexenyl Isobutyrate,CC\C=C/CCOC(=O)C(C)C,170.2,278.15,
Hexenyl Isobutyrate,CC\C=C/CCOC(=O)C(C)C,170.2,283.15,
Hexenyl Isobutyrate,CC\C=C/CCOC(=O)C(C)C,170.2,288.15,
Hexenyl Isobutyrate,CC\C=C/CCOC(=O)C(C)C,170.2,293.15,
Hexenyl Isobutyrate,CC\C=C/CCOC(=O)C(C)C,170.2,298.15,
Hexenyl Isobutyrate,CC\C=C/CCOC(=O)C(C)C,170.2,303.15,
Hexenyl Isobutyrate,CC\C=C/CCOC(=O)C(C)C,170.2,308.15,
Hexenyl Isobutyrate,CC\C=C/CCOC(=O)C(C)C,170.2,313.15,
Hexenyl Isobutyrate,CC\C=C/CCOC(=O)C(C)C,170.2,318.15,
Hexenyl Isobutyrate,CC\C=C/CCOC(=O)C(C)C,170.2,323.15,
Hexenyl Isobutyrate,CC\C=C/CCOC(=O)C(C)C,170.2,328.15,
Hexenyl Isobutyrate,CC\C=C/CCOC(=O)C(C)C,170.2,333.15,
Hexyl Isovalerate,O=C(OCCCCCC)CC(C)C,186.3,278.15,
Hexyl Isovalerate,O=C(OCCCCCC)CC(C)C,186.3,283.15,
Hexyl Isovalerate,O=C(OCCCCCC)CC(C)C,186.3,288.15,
Hexyl Isovalerate,O=C(OCCCCCC)CC(C)C,186.3,293.15,
Hexyl Isovalerate,O=C(OCCCCCC)CC(C)C,186.3,298.15,
Hexyl Isovalerate,O=C(OCCCCCC)CC(C)C,186.3,303.15,
Hexyl Isovalerate,O=C(OCCCCCC)CC(C)C,186.3,308.15,
Hexyl Isovalerate,O=C(OCCCCCC)CC(C)C,186.3,313.15,
Hexyl Isovalerate,O=C(OCCCCCC)CC(C)C,186.3,318.15,
Hexyl Isovalerate,O=C(OCCCCCC)CC(C)C,186.3,323.15,
Hexyl Isovalerate,O=C(OCCCCCC)CC(C)C,186.3,328.15,
Hexyl Isovalerate,O=C(OCCCCCC)CC(C)C,186.3,333.15,
Hexyl Propanoate,O=C(OCCCCCC)CC,158.2,278.15,
Hexyl Propanoate,O=C(OCCCCCC)CC,158.2,283.15,
Hexyl Propanoate,O=C(OCCCCCC)CC,158.2,288.15,
Hexyl Propanoate,O=C(OCCCCCC)CC,158.2,293.15,
Hexyl Propanoate,O=C(OCCCCCC)CC,158.2,298.15,
Hexyl Propanoate,O=C(OCCCCCC)CC,158.2,303.15,
Hexyl Propanoate,O=C(OCCCCCC)CC,158.2,308.15,
Hexyl Propanoate,O=C(OCCCCCC)CC,158.2,313.15,
Hexyl Propanoate,O=C(OCCCCCC)CC,158.2,318.15,
Hexyl Propanoate,O=C(OCCCCCC)CC,158.2,323.15,
Hexyl Propanoate,O=C(OCCCCCC)CC,158.2,328.15,
Hexyl Propanoate,O=C(OCCCCCC)CC,158.2,333.15,
Isoamyl Acetate,CC(OCCC(C)C)=O,130.19,278.15,
Isoamyl Acetate,CC(OCCC(C)C)=O,130.19,283.15,
Isoamyl Acetate,CC(OCCC(C)C)=O,130.19,288.15,
Isoamyl Acetate,CC(OCCC(C)C)=O,130.19,293.15,
Isoamyl Acetate,CC(OCCC(C)C)=O,130.19,298.15,
Isoamyl Acetate,CC(OCCC(C)C)=O,130.19,303.15,
Isoamyl Acetate,CC(OCCC(C)C)=O,130.19,308.15,
Isoamyl Acetate,CC(OCCC(C)C)=O,130.19,313.15,
Isoamyl Acetate,CC(OCCC(C)C)=O,130.19,318.15,
Isoamyl Acetate,CC(OCCC(C)C)=O,130.19,323.15,
Isoamyl Acetate,CC(OCCC(C)C)=O,130.19,328.15,
Isoamyl Acetate,CC(OCCC(C)C)=O,130.19,333.15,
Isoamyl Isobutyrate,CC(C)CCOC(=O)C(C)C,158.2,278.15,
Isoamyl Isobutyrate,CC(C)CCOC(=O)C(C)C,158.2,283.15,
Isoamyl Isobutyrate,CC(C)CCOC(=O)C(C)C,158.2,288.15,
Isoamyl Isobutyrate,CC(C)CCOC(=O)C(C)C,158.2,293.15,
Isoamyl Isobutyrate,CC(C)CCOC(=O)C(C)C,158.2,298.15,
Isoamyl Isobutyrate,CC(C)CCOC(=O)C(C)C,158.2,303.15,
Isoamyl Isobutyrate,CC(C)CCOC(=O)C(C)C,158.2,308.15,
Isoamyl Isobutyrate,CC(C)CCOC(=O)C(C)C,158.2,313.15,
Isoamyl Isobutyrate,CC(C)CCOC(=O)C(C)C,158.2,318.15,
Isoamyl Isobutyrate,CC(C)CCOC(=O)C(C)C,158.2,323.15,
Isoamyl Isobutyrate,CC(C)CCOC(=O)C(C)C,158.2,328.15,
Isoamyl Isobutyrate,CC(C)CCOC(=O)C(C)C,158.2,333.15,
Isobutyl Isopentanoate,CC(C)CC(OCC(C)C)=O,158.2,278.15,
Isobutyl Isopentanoate,CC(C)CC(OCC(C)C)=O,158.2,283.15,
Isobutyl Isopentanoate,CC(C)CC(OCC(C)C)=O,158.2,288.15,
Isobutyl Isopentanoate,CC(C)CC(OCC(C)C)=O,158.2,293.15,
Isobutyl Isopentanoate,CC(C)CC(OCC(C)C)=O,158.2,298.15,
Isobutyl Isopentanoate,CC(C)CC(OCC(C)C)=O,158.2,303.15,
Isobutyl Isopentanoate,CC(C)CC(OCC(C)C)=O,158.2,308.15,
Isobutyl Isopentanoate,CC(C)CC(OCC(C)C)=O,158.2,313.15,
Isobutyl Isopentanoate,CC(C)CC(OCC(C)C)=O,158.2,318.15,
Isobutyl Isopentanoate,CC(C)CC(OCC(C)C)=O,158.2,323.15,
Isobutyl Isopentanoate,CC(C)CC(OCC(C)C)=O,158.2,328.15,
Isobutyl Isopentanoate,CC(C)CC(OCC(C)C)=O,158.2,333.15,
Isobutyl Mercaptan,CC(CS)C,90.2,278.15,
Isobutyl Mercaptan,CC(CS)C,90.2,283.15,
Isobutyl Mercaptan,CC(CS)C,90.2,288.15,
Isobutyl Mercaptan,CC(CS)C,90.2,293.15,
Isobutyl Mercaptan,CC(CS)C,90.2,298.15,
Isobutyl Mercaptan,CC(CS)C,90.2,303.15,
Isobutyl Mercaptan,CC(CS)C,90.2,308.15,
Isobutyl Mercaptan,CC(CS)C,90.2,313.15,
Isobutyl Mercaptan,CC(CS)C,90.2,318.15,
Isobutyl Mercaptan,CC(CS)C,90.2,323.15,
Isobutyl Mercaptan,CC(CS)C,90.2,328.15,
Isobutyl Mercaptan,CC(CS)C,90.2,333.15,
Isodihydrolavandulal,CC(C)CC=C(C=O)C(C)C,154.2,278.15,
Isodihydrolavandulal,CC(C)CC=C(C=O)C(C)C,154.2,283.15,
Isodihydrolavandulal,CC(C)CC=C(C=O)C(C)C,154.2,288.15,
Isodihydrolavandulal,CC(C)CC=C(C=O)C(C)C,154.2,293.15,
Isodihydrolavandulal,CC(C)CC=C(C=O)C(C)C,154.2,298.15,
Isodihydrolavandulal,CC(C)CC=C(C=O)C(C)C,154.2,303.15,
Isodihydrolavandulal,CC(C)CC=C(C=O)C(C)C,154.2,308.15,
Isodihydrolavandulal,CC(C)CC=C(C=O)C(C)C,154.2,313.15,
Isodihydrolavandulal,CC(C)CC=C(C=O)C(C)C,154.2,318.15,
Isodihydrolavandulal,CC(C)CC=C(C=O)C(C)C,154.2,323.15,
Isodihydrolavandulal,CC(C)CC=C(C=O)C(C)C,154.2,328.15,
Isodihydrolavandulal,CC(C)CC=C(C=O)C(C)C,154.2,333.15,
Isopropyl 2-Methyl Butyrate,CCC(C)C(=O)OC(C)C,144.2,278.15,
Isopropyl 2-Methyl Butyrate,CCC(C)C(=O)OC(C)C,144.2,283.15,
Isopropyl 2-Methyl Butyrate,CCC(C)C(=O)OC(C)C,144.2,288.15,
Isopropyl 2-Methyl Butyrate,CCC(C)C(=O)OC(C)C,144.2,293.15,
Isopropyl 2-Methyl Butyrate,CCC(C)C(=O)OC(C)C,144.2,298.15,
Isopropyl 2-Methyl Butyrate,CCC(C)C(=O)OC(C)C,144.2,303.15,
Isopropyl 2-Methyl Butyrate,CCC(C)C(=O)OC(C)C,144.2,308.15,
Isopropyl 2-Methyl Butyrate,CCC(C)C(=O)OC(C)C,144.2,313.15,
Isopropyl 2-Methyl Butyrate,CCC(C)C(=O)OC(C)C,144.2,318.15,
Isopropyl 2-Methyl Butyrate,CCC(C)C(=O)OC(C)C,144.2,323.15,
Isopropyl 2-Methyl Butyrate,CCC(C)C(=O)OC(C)C,144.2,328.15,
Isopropyl 2-Methyl Butyrate,CCC(C)C(=O)OC(C)C,144.2,333.15,
Isovaleraldehyde Propylene Glycol Acetal,CC1COC(O1)CC(C)C,144.2,278.15,
Isovaleraldehyde Propylene Glycol Acetal,CC1COC(O1)CC(C)C,144.2,283.15,
Isovaleraldehyde Propylene Glycol Acetal,CC1COC(O1)CC(C)C,144.2,288.15,
Isovaleraldehyde Propylene Glycol Acetal,CC1COC(O1)CC(C)C,144.2,293.15,
Isovaleraldehyde Propylene Glycol Acetal,CC1COC(O1)CC(C)C,144.2,298.15,
Isovaleraldehyde Propylene Glycol Acetal,CC1COC(O1)CC(C)C,144.2,303.15,
Isovaleraldehyde Propylene Glycol Acetal,CC1COC(O1)CC(C)C,144.2,308.15,
Isovaleraldehyde Propylene Glycol Acetal,CC1COC(O1)CC(C)C,144.2,313.15,
Isovaleraldehyde Propylene Glycol Acetal,CC1COC(O1)CC(C)C,144.2,318.15,
Isovaleraldehyde Propylene Glycol Acetal,CC1COC(O1)CC(C)C,144.2,323.15,
Isovaleraldehyde Propylene Glycol Acetal,CC1COC(O1)CC(C)C,144.2,328.15,
Isovaleraldehyde Propylene Glycol Acetal,CC1COC(O1)CC(C)C,144.2,333.15,
Laevo-Carvone,CC1=CCC(CC1=O)C(=C)C,150.2,278.15,
Laevo-Carvone,CC1=CCC(CC1=O)C(=C)C,150.2,283.15,
Laevo-Carvone,CC1=CCC(CC1=O)C(=C)C,150.2,288.15,
Laevo-Carvone,CC1=CCC(CC1=O)C(=C)C,150.2,293.15,
Laevo-Carvone,CC1=CCC(CC1=O)C(=C)C,150.2,298.15,
Laevo-Carvone,CC1=CCC(CC1=O)C(=C)C,150.2,303.15,
Laevo-Carvone,CC1=CCC(CC1=O)C(=C)C,150.2,308.15,
Laevo-Carvone,CC1=CCC(CC1=O)C(=C)C,150.2,313.15,
Laevo-Carvone,CC1=CCC(CC1=O)C(=C)C,150.2,318.15,
Laevo-Carvone,CC1=CCC(CC1=O)C(=C)C,150.2,323.15,
Laevo-Carvone,CC1=CCC(CC1=O)C(=C)C,150.2,328.15,
Laevo-Carvone,CC1=CCC(CC1=O)C(=C)C,150.2,333.15,
Laevo-Fenchone,CC1([C@H]2CC[C@](C2)(C1=O)C)C,152.2,278.15,
Laevo-Fenchone,CC1([C@H]2CC[C@](C2)(C1=O)C)C,152.2,283.15,
Laevo-Fenchone,CC1([C@H]2CC[C@](C2)(C1=O)C)C,152.2,288.15,
Laevo-Fenchone,CC1([C@H]2CC[C@](C2)(C1=O)C)C,152.2,293.15,
Laevo-Fenchone,CC1([C@H]2CC[C@](C2)(C1=O)C)C,152.2,298.15,
Laevo-Fenchone,CC1([C@H]2CC[C@](C2)(C1=O)C)C,152.2,303.15,
Laevo-Fenchone,CC1([C@H]2CC[C@](C2)(C1=O)C)C,152.2,308.15,
Laevo-Fenchone,CC1([C@H]2CC[C@](C2)(C1=O)C)C,152.2,313.15,
Laevo-Fenchone,CC1([C@H]2CC[C@](C2)(C1=O)C)C,152.2,318.15,
Laevo-Fenchone,CC1([C@H]2CC[C@](C2)(C1=O)C)C,152.2,323.15,
Laevo-Fenchone,CC1([C@H]2CC[C@](C2)(C1=O)C)C,152.2,328.15,
Laevo-Fenchone,CC1([C@H]2CC[C@](C2)(C1=O)C)C,152.2,333.15,
Leaf Acetal,CC\C=C\CCOC(C)OCC,172.3,278.15,
Leaf Acetal,CC\C=C\CCOC(C)OCC,172.3,283.15,
Leaf Acetal,CC\C=C\CCOC(C)OCC,172.3,288.15,
Leaf Acetal,CC\C=C\CCOC(C)OCC,172.3,293.15,
Leaf Acetal,CC\C=C\CCOC(C)OCC,172.3,298.15,
Leaf Acetal,CC\C=C\CCOC(C)OCC,172.3,303.15,
Leaf Acetal,CC\C=C\CCOC(C)OCC,172.3,308.15,
Leaf Acetal,CC\C=C\CCOC(C)OCC,172.3,313.15,
Leaf Acetal,CC\C=C\CCOC(C)OCC,172.3,318.15,
Leaf Acetal,CC\C=C\CCOC(C)OCC,172.3,323.15,
Leaf Acetal,CC\C=C\CCOC(C)OCC,172.3,328.15,
Leaf Acetal,CC\C=C\CCOC(C)OCC,172.3,333.15,
Linalool,CC(=CCCC(C)(C=C)O)C,154.2,278.15,
Linalool,CC(=CCCC(C)(C=C)O)C,154.2,283.15,
Linalool,CC(=CCCC(C)(C=C)O)C,154.2,288.15,
Linalool,CC(=CCCC(C)(C=C)O)C,154.2,293.15,
Linalool,CC(=CCCC(C)(C=C)O)C,154.2,298.15,
Linalool,CC(=CCCC(C)(C=C)O)C,154.2,303.15,
Linalool,CC(=CCCC(C)(C=C)O)C,154.2,308.15,
Linalool,CC(=CCCC(C)(C=C)O)C,154.2,313.15,
Linalool,CC(=CCCC(C)(C=C)O)C,154.2,318.15,
Linalool,CC(=CCCC(C)(C=C)O)C,154.2,323.15,
Linalool,CC(=CCCC(C)(C=C)O)C,154.2,328.15,
Linalool,CC(=CCCC(C)(C=C)O)C,154.2,333.15,
Linalyl Acetate,O=C(C)OC(C=C)(C)CC/C=C(C)\C,196.3,278.15,
Linalyl Acetate,O=C(C)OC(C=C)(C)CC/C=C(C)\C,196.3,283.15,
Linalyl Acetate,O=C(C)OC(C=C)(C)CC/C=C(C)\C,196.3,288.15,
Linalyl Acetate,O=C(C)OC(C=C)(C)CC/C=C(C)\C,196.3,293.15,
Linalyl Acetate,O=C(C)OC(C=C)(C)CC/C=C(C)\C,196.3,298.15,
Linalyl Acetate,O=C(C)OC(C=C)(C)CC/C=C(C)\C,196.3,303.15,
Linalyl Acetate,O=C(C)OC(C=C)(C)CC/C=C(C)\C,196.3,308.15,
Linalyl Acetate,O=C(C)OC(C=C)(C)CC/C=C(C)\C,196.3,313.15,
Linalyl Acetate,O=C(C)OC(C=C)(C)CC/C=C(C)\C,196.3,318.15,
Linalyl Acetate,O=C(C)OC(C=C)(C)CC/C=C(C)\C,196.3,323.15,
Linalyl Acetate,O=C(C)OC(C=C)(C)CC/C=C(C)\C,196.3,328.15,
Linalyl Acetate,O=C(C)OC(C=C)(C)CC/C=C(C)\C,196.3,333.15,
Linalyl Formate,CC(=CCCC(C)(C=C)OC=O)C,182.3,278.15,
Linalyl Formate,CC(=CCCC(C)(C=C)OC=O)C,182.3,283.15,
Linalyl Formate,CC(=CCCC(C)(C=C)OC=O)C,182.3,288.15,
Linalyl Formate,CC(=CCCC(C)(C=C)OC=O)C,182.3,293.15,
Linalyl Formate,CC(=CCCC(C)(C=C)OC=O)C,182.3,298.15,
Linalyl Formate,CC(=CCCC(C)(C=C)OC=O)C,182.3,303.15,
Linalyl Formate,CC(=CCCC(C)(C=C)OC=O)C,182.3,308.15,
Linalyl Formate,CC(=CCCC(C)(C=C)OC=O)C,182.3,313.15,
Linalyl Formate,CC(=CCCC(C)(C=C)OC=O)C,182.3,318.15,
Linalyl Formate,CC(=CCCC(C)(C=C)OC=O)C,182.3,323.15,
Linalyl Formate,CC(=CCCC(C)(C=C)OC=O)C,182.3,328.15,
Linalyl Formate,CC(=CCCC(C)(C=C)OC=O)C,182.3,333.15,
Linalyl Propionate,CCC(=O)OC(C)(CCC=C(C)C)C=C,210.3,278.15,
Linalyl Propionate,CCC(=O)OC(C)(CCC=C(C)C)C=C,210.3,283.15,
Linalyl Propionate,CCC(=O)OC(C)(CCC=C(C)C)C=C,210.3,288.15,
Linalyl Propionate,CCC(=O)OC(C)(CCC=C(C)C)C=C,210.3,293.15,
Linalyl Propionate,CCC(=O)OC(C)(CCC=C(C)C)C=C,210.3,298.15,
Linalyl Propionate,CCC(=O)OC(C)(CCC=C(C)C)C=C,210.3,303.15,
Linalyl Propionate,CCC(=O)OC(C)(CCC=C(C)C)C=C,210.3,308.15,
Linalyl Propionate,CCC(=O)OC(C)(CCC=C(C)C)C=C,210.3,313.15,
Linalyl Propionate,CCC(=O)OC(C)(CCC=C(C)C)C=C,210.3,318.15,
Linalyl Propionate,CCC(=O)OC(C)(CCC=C(C)C)C=C,210.3,323.15,
Linalyl Propionate,CCC(=O)OC(C)(CCC=C(C)C)C=C,210.3,328.15,
Linalyl Propionate,CCC(=O)OC(C)(CCC=C(C)C)C=C,210.3,333.15,
Menthofuran,CC1=COC2=C1CCC(C)C2,150.22,278.15,
Menthofuran,CC1=COC2=C1CCC(C)C2,150.22,283.15,
Menthofuran,CC1=COC2=C1CCC(C)C2,150.22,288.15,
Menthofuran,CC1=COC2=C1CCC(C)C2,150.22,293.15,
Menthofuran,CC1=COC2=C1CCC(C)C2,150.22,298.15,
Menthofuran,CC1=COC2=C1CCC(C)C2,150.22,303.15,
Menthofuran,CC1=COC2=C1CCC(C)C2,150.22,308.15,
Menthofuran,CC1=COC2=C1CCC(C)C2,150.22,313.15,
Menthofuran,CC1=COC2=C1CCC(C)C2,150.22,318.15,
Menthofuran,CC1=COC2=C1CCC(C)C2,150.22,323.15,
Menthofuran,CC1=COC2=C1CCC(C)C2,150.22,328.15,
Menthofuran,CC1=COC2=C1CCC(C)C2,150.22,333.15,
Meta-Anisaldehyde,COC1=CC=CC(=C1)C=O,136.1,278.15,
Meta-Anisaldehyde,COC1=CC=CC(=C1)C=O,136.1,283.15,
Meta-Anisaldehyde,COC1=CC=CC(=C1)C=O,136.1,288.15,
Meta-Anisaldehyde,COC1=CC=CC(=C1)C=O,136.1,293.15,
Meta-Anisaldehyde,COC1=CC=CC(=C1)C=O,136.1,298.15,
Meta-Anisaldehyde,COC1=CC=CC(=C1)C=O,136.1,303.15,
Meta-Anisaldehyde,COC1=CC=CC(=C1)C=O,136.1,308.15,
Meta-Anisaldehyde,COC1=CC=CC(=C1)C=O,136.1,313.15,
Meta-Anisaldehyde,COC1=CC=CC(=C1)C=O,136.1,318.15,
Meta-Anisaldehyde,COC1=CC=CC(=C1)C=O,136.1,323.15,
Meta-Anisaldehyde,COC1=CC=CC(=C1)C=O,136.1,328.15,
Meta-Anisaldehyde,COC1=CC=CC(=C1)C=O,136.1,333.15,
Methyl 2-(Methyl Thio) Acetate,COC(=O)CSC,120.2,278.15,
Methyl 2-(Methyl Thio) Acetate,COC(=O)CSC,120.2,283.15,
Methyl 2-(Methyl Thio) Acetate,COC(=O)CSC,120.2,288.15,
Methyl 2-(Methyl Thio) Acetate,COC(=O)CSC,120.2,293.15,
Methyl 2-(Methyl Thio) Acetate,COC(=O)CSC,120.2,298.15,
Methyl 2-(Methyl Thio) Acetate,COC(=O)CSC,120.2,303.15,
Methyl 2-(Methyl Thio) Acetate,COC(=O)CSC,120.2,308.15,
Methyl 2-(Methyl Thio) Acetate,COC(=O)CSC,120.2,313.15,
Methyl 2-(Methyl Thio) Acetate,COC(=O)CSC,120.2,318.15,
Methyl 2-(Methyl Thio) Acetate,COC(=O)CSC,120.2,323.15,
Methyl 2-(Methyl Thio) Acetate,COC(=O)CSC,120.2,328.15,
Methyl 2-(Methyl Thio) Acetate,COC(=O)CSC,120.2,333.15,
Methyl Furfuryl Disulfide,CSSCC1=CC=CO1,160.3,278.15,
Methyl Furfuryl Disulfide,CSSCC1=CC=CO1,160.3,283.15,
Methyl Furfuryl Disulfide,CSSCC1=CC=CO1,160.3,288.15,
Methyl Furfuryl Disulfide,CSSCC1=CC=CO1,160.3,293.15,
Methyl Furfuryl Disulfide,CSSCC1=CC=CO1,160.3,298.15,
Methyl Furfuryl Disulfide,CSSCC1=CC=CO1,160.3,303.15,
Methyl Furfuryl Disulfide,CSSCC1=CC=CO1,160.3,308.15,
Methyl Furfuryl Disulfide,CSSCC1=CC=CO1,160.3,313.15,
Methyl Furfuryl Disulfide,CSSCC1=CC=CO1,160.3,318.15,
Methyl Furfuryl Disulfide,CSSCC1=CC=CO1,160.3,323.15,
Methyl Furfuryl Disulfide,CSSCC1=CC=CO1,160.3,328.15,
Methyl Furfuryl Disulfide,CSSCC1=CC=CO1,160.3,333.15,
Methyl Heptadienone,CC(=C\C=C\C(=O)C)C,124.2,278.15,
Methyl Heptadienone,CC(=C\C=C\C(=O)C)C,124.2,283.15,
Methyl Heptadienone,CC(=C\C=C\C(=O)C)C,124.2,288.15,
Methyl Heptadienone,CC(=C\C=C\C(=O)C)C,124.2,293.15,
Methyl Heptadienone,CC(=C\C=C\C(=O)C)C,124.2,298.15,
Methyl Heptadienone,CC(=C\C=C\C(=O)C)C,124.2,303.15,
Methyl Heptadienone,CC(=C\C=C\C(=O)C)C,124.2,308.15,
Methyl Heptadienone,CC(=C\C=C\C(=O)C)C,124.2,313.15,
Methyl Heptadienone,CC(=C\C=C\C(=O)C)C,124.2,318.15,
Methyl Heptadienone,CC(=C\C=C\C(=O)C)C,124.2,323.15,
Methyl Heptadienone,CC(=C\C=C\C(=O)C)C,124.2,328.15,
Methyl Heptadienone,CC(=C\C=C\C(=O)C)C,124.2,333.15,
Methyl Heptenone,CC(=CCCC(=O)C)C,126.2,278.15,
Methyl Heptenone,CC(=CCCC(=O)C)C,126.2,283.15,
Methyl Heptenone,CC(=CCCC(=O)C)C,126.2,288.15,
Methyl Heptenone,CC(=CCCC(=O)C)C,126.2,293.15,
Methyl Heptenone,CC(=CCCC(=O)C)C,126.2,298.15,
Methyl Heptenone,CC(=CCCC(=O)C)C,126.2,303.15,
Methyl Heptenone,CC(=CCCC(=O)C)C,126.2,308.15,
Methyl Heptenone,CC(=CCCC(=O)C)C,126.2,313.15,
Methyl Heptenone,CC(=CCCC(=O)C)C,126.2,318.15,
Methyl Heptenone,CC(=CCCC(=O)C)C,126.2,323.15,
Methyl Heptenone,CC(=CCCC(=O)C)C,126.2,328.15,
Methyl Heptenone,CC(=CCCC(=O)C)C,126.2,333.15,
Methyl Levulinate,CC(=O)CCC(=O)OC,130.1,278.15,
Methyl Levulinate,CC(=O)CCC(=O)OC,130.1,283.15,
Methyl Levulinate,CC(=O)CCC(=O)OC,130.1,288.15,
Methyl Levulinate,CC(=O)CCC(=O)OC,130.1,293.15,
Methyl Levulinate,CC(=O)CCC(=O)OC,130.1,298.15,
Methyl Levulinate,CC(=O)CCC(=O)OC,130.1,303.15,
Methyl Levulinate,CC(=O)CCC(=O)OC,130.1,308.15,
Methyl Levulinate,CC(=O)CCC(=O)OC,130.1,313.15,
Methyl Levulinate,CC(=O)CCC(=O)OC,130.1,318.15,
Methyl Levulinate,CC(=O)CCC(=O)OC,130.1,323.15,
Methyl Levulinate,CC(=O)CCC(=O)OC,130.1,328.15,
Methyl Levulinate,CC(=O)CCC(=O)OC,130.1,333.15,
Methyl Phenyl Acetate,COC(=O)CC1=CC=CC=C1,150.2,278.15,
Methyl Phenyl Acetate,COC(=O)CC1=CC=CC=C1,150.2,283.15,
Methyl Phenyl Acetate,COC(=O)CC1=CC=CC=C1,150.2,288.15,
Methyl Phenyl Acetate,COC(=O)CC1=CC=CC=C1,150.2,293.15,
Methyl Phenyl Acetate,COC(=O)CC1=CC=CC=C1,150.2,298.15,
Methyl Phenyl Acetate,COC(=O)CC1=CC=CC=C1,150.2,303.15,
Methyl Phenyl Acetate,COC(=O)CC1=CC=CC=C1,150.2,308.15,
Methyl Phenyl Acetate,COC(=O)CC1=CC=CC=C1,150.2,313.15,
Methyl Phenyl Acetate,COC(=O)CC1=CC=CC=C1,150.2,318.15,
Methyl Phenyl Acetate,COC(=O)CC1=CC=CC=C1,150.2,323.15,
Methyl Phenyl Acetate,COC(=O)CC1=CC=CC=C1,150.2,328.15,
Methyl Phenyl Acetate,COC(=O)CC1=CC=CC=C1,150.2,333.15,
Methyl-t-Butyl Ether,CC(C)(C)OC,88.15,278.15,
Methyl-t-Butyl Ether,CC(C)(C)OC,88.15,283.15,
Methyl-t-Butyl Ether,CC(C)(C)OC,88.15,288.15,
Methyl-t-Butyl Ether,CC(C)(C)OC,88.15,293.15,
Methyl-t-Butyl Ether,CC(C)(C)OC,88.15,298.15,
Methyl-t-Butyl Ether,CC(C)(C)OC,88.15,303.15,
Methyl-t-Butyl Ether,CC(C)(C)OC,88.15,308.15,
Methyl-t-Butyl Ether,CC(C)(C)OC,88.15,313.15,
Methyl-t-Butyl Ether,CC(C)(C)OC,88.15,318.15,
Methyl-t-Butyl Ether,CC(C)(C)OC,88.15,323.15,
Methyl-t-Butyl Ether,CC(C)(C)OC,88.15,328.15,
Methyl-t-Butyl Ether,CC(C)(C)OC,88.15,333.15,
Myrtenal,CC1(C2CC=C(C1C2)C=O)C,150.2,278.15,
Myrtenal,CC1(C2CC=C(C1C2)C=O)C,150.2,283.15,
Myrtenal,CC1(C2CC=C(C1C2)C=O)C,150.2,288.15,
Myrtenal,CC1(C2CC=C(C1C2)C=O)C,150.2,293.15,
Myrtenal,CC1(C2CC=C(C1C2)C=O)C,150.2,298.15,
Myrtenal,CC1(C2CC=C(C1C2)C=O)C,150.2,303.15,
Myrtenal,CC1(C2CC=C(C1C2)C=O)C,150.2,308.15,
Myrtenal,CC1(C2CC=C(C1C2)C=O)C,150.2,313.15,
Myrtenal,CC1(C2CC=C(C1C2)C=O)C,150.2,318.15,
Myrtenal,CC1(C2CC=C(C1C2)C=O)C,150.2,323.15,
Myrtenal,CC1(C2CC=C(C1C2)C=O)C,150.2,328.15,
Myrtenal,CC1(C2CC=C(C1C2)C=O)C,150.2,333.15,
Myrtenol,CC1(C2CC=C(C1C2)CO)C,152.2,278.15,
Myrtenol,CC1(C2CC=C(C1C2)CO)C,152.2,283.15,
Myrtenol,CC1(C2CC=C(C1C2)CO)C,152.2,288.15,
Myrtenol,CC1(C2CC=C(C1C2)CO)C,152.2,293.15,
Myrtenol,CC1(C2CC=C(C1C2)CO)C,152.2,298.15,
Myrtenol,CC1(C2CC=C(C1C2)CO)C,152.2,303.15,
Myrtenol,CC1(C2CC=C(C1C2)CO)C,152.2,308.15,
Myrtenol,CC1(C2CC=C(C1C2)CO)C,152.2,313.15,
Myrtenol,CC1(C2CC=C(C1C2)CO)C,152.2,318.15,
Myrtenol,CC1(C2CC=C(C1C2)CO)C,152.2,323.15,
Myrtenol,CC1(C2CC=C(C1C2)CO)C,152.2,328.15,
Myrtenol,CC1(C2CC=C(C1C2)CO)C,152.2,333.15,
Myrtenyl Acetate,CC(=O)OCC1=CCC2CC1C2(C)C,194.3,278.15,
Myrtenyl Acetate,CC(=O)OCC1=CCC2CC1C2(C)C,194.3,283.15,
Myrtenyl Acetate,CC(=O)OCC1=CCC2CC1C2(C)C,194.3,288.15,
Myrtenyl Acetate,CC(=O)OCC1=CCC2CC1C2(C)C,194.3,293.15,
Myrtenyl Acetate,CC(=O)OCC1=CCC2CC1C2(C)C,194.3,298.15,
Myrtenyl Acetate,CC(=O)OCC1=CCC2CC1C2(C)C,194.3,303.15,
Myrtenyl Acetate,CC(=O)OCC1=CCC2CC1C2(C)C,194.3,308.15,
Myrtenyl Acetate,CC(=O)OCC1=CCC2CC1C2(C)C,194.3,313.15,
Myrtenyl Acetate,CC(=O)OCC1=CCC2CC1C2(C)C,194.3,318.15,
Myrtenyl Acetate,CC(=O)OCC1=CCC2CC1C2(C)C,194.3,323.15,
Myrtenyl Acetate,CC(=O)OCC1=CCC2CC1C2(C)C,194.3,328.15,
Myrtenyl Acetate,CC(=O)OCC1=CCC2CC1C2(C)C,194.3,333.15,
Nerolidol,CC(=CCCC(=CCCC(C)(C=C)O)C)C,222.4,278.15,
Nerolidol,CC(=CCCC(=CCCC(C)(C=C)O)C)C,222.4,283.15,
Nerolidol,CC(=CCCC(=CCCC(C)(C=C)O)C)C,222.4,288.15,
Nerolidol,CC(=CCCC(=CCCC(C)(C=C)O)C)C,222.4,293.15,
Nerolidol,CC(=CCCC(=CCCC(C)(C=C)O)C)C,222.4,298.15,
Nerolidol,CC(=CCCC(=CCCC(C)(C=C)O)C)C,222.4,303.15,
Nerolidol,CC(=CCCC(=CCCC(C)(C=C)O)C)C,222.4,308.15,
Nerolidol,CC(=CCCC(=CCCC(C)(C=C)O)C)C,222.4,313.15,
Nerolidol,CC(=CCCC(=CCCC(C)(C=C)O)C)C,222.4,318.15,
Nerolidol,CC(=CCCC(=CCCC(C)(C=C)O)C)C,222.4,323.15,
Nerolidol,CC(=CCCC(=CCCC(C)(C=C)O)C)C,222.4,328.15,
Nerolidol,CC(=CCCC(=CCCC(C)(C=C)O)C)C,222.4,333.15,
Neryl Acetate,CC(=CCC/C(=C/COC(=O)C)/C)C,196.3,278.15,
Neryl Acetate,CC(=CCC/C(=C/COC(=O)C)/C)C,196.3,283.15,
Neryl Acetate,CC(=CCC/C(=C/COC(=O)C)/C)C,196.3,288.15,
Neryl Acetate,CC(=CCC/C(=C/COC(=O)C)/C)C,196.3,293.15,
Neryl Acetate,CC(=CCC/C(=C/COC(=O)C)/C)C,196.3,298.15,
Neryl Acetate,CC(=CCC/C(=C/COC(=O)C)/C)C,196.3,303.15,
Neryl Acetate,CC(=CCC/C(=C/COC(=O)C)/C)C,196.3,308.15,
Neryl Acetate,CC(=CCC/C(=C/COC(=O)C)/C)C,196.3,313.15,
Neryl Acetate,CC(=CCC/C(=C/COC(=O)C)/C)C,196.3,318.15,
Neryl Acetate,CC(=CCC/C(=C/COC(=O)C)/C)C,196.3,323.15,
Neryl Acetate,CC(=CCC/C(=C/COC(=O)C)/C)C,196.3,328.15,
Neryl Acetate,CC(=CCC/C(=C/COC(=O)C)/C)C,196.3,333.15,
Nonyl Acetate,CCCCCCCCCOC(=O)C,186.3,278.15,
Nonyl Acetate,CCCCCCCCCOC(=O)C,186.3,283.15,
Nonyl Acetate,CCCCCCCCCOC(=O)C,186.3,288.15,
Nonyl Acetate,CCCCCCCCCOC(=O)C,186.3,293.15,
Nonyl Acetate,CCCCCCCCCOC(=O)C,186.3,298.15,
Nonyl Acetate,CCCCCCCCCOC(=O)C,186.3,303.15,
Nonyl Acetate,CCCCCCCCCOC(=O)C,186.3,308.15,
Nonyl Acetate,CCCCCCCCCOC(=O)C,186.3,313.15,
Nonyl Acetate,CCCCCCCCCOC(=O)C,186.3,318.15,
Nonyl Acetate,CCCCCCCCCOC(=O)C,186.3,323.15,
Nonyl Acetate,CCCCCCCCCOC(=O)C,186.3,328.15,
Nonyl Acetate,CCCCCCCCCOC(=O)C,186.3,333.15,
Nutty Pyrazine,CC1CCC2=NC=CN=C12,134.2,278.15,
Nutty Pyrazine,CC1CCC2=NC=CN=C12,134.2,283.15,
Nutty Pyrazine,CC1CCC2=NC=CN=C12,134.2,288.15,
Nutty Pyrazine,CC1CCC2=NC=CN=C12,134.2,293.15,
Nutty Pyrazine,CC1CCC2=NC=CN=C12,134.2,298.15,
Nutty Pyrazine,CC1CCC2=NC=CN=C12,134.2,303.15,
Nutty Pyrazine,CC1CCC2=NC=CN=C12,134.2,308.15,
Nutty Pyrazine,CC1CCC2=NC=CN=C12,134.2,313.15,
Nutty Pyrazine,CC1CCC2=NC=CN=C12,134.2,318.15,
Nutty Pyrazine,CC1CCC2=NC=CN=C12,134.2,323.15,
Nutty Pyrazine,CC1CCC2=NC=CN=C12,134.2,328.15,
Nutty Pyrazine,CC1CCC2=NC=CN=C12,134.2,333.15,
Octalactone,CCCCC1CCC(=O)O1,142.2,278.15,
Octalactone,CCCCC1CCC(=O)O1,142.2,283.15,
Octalactone,CCCCC1CCC(=O)O1,142.2,288.15,
Octalactone,CCCCC1CCC(=O)O1,142.2,293.15,
Octalactone,CCCCC1CCC(=O)O1,142.2,298.15,
Octalactone,CCCCC1CCC(=O)O1,142.2,303.15,
Octalactone,CCCCC1CCC(=O)O1,142.2,308.15,
Octalactone,CCCCC1CCC(=O)O1,142.2,313.15,
Octalactone,CCCCC1CCC(=O)O1,142.2,318.15,
Octalactone,CCCCC1CCC(=O)O1,142.2,323.15,
Octalactone,CCCCC1CCC(=O)O1,142.2,328.15,
Octalactone,CCCCC1CCC(=O)O1,142.2,333.15,
Para-Ethyl Acetophenone,CCC1=CC=C(C=C1)C(=O)C,148.2,278.15,
Para-Ethyl Acetophenone,CCC1=CC=C(C=C1)C(=O)C,148.2,283.15,
Para-Ethyl Acetophenone,CCC1=CC=C(C=C1)C(=O)C,148.2,288.15,
Para-Ethyl Acetophenone,CCC1=CC=C(C=C1)C(=O)C,148.2,293.15,
Para-Ethyl Acetophenone,CCC1=CC=C(C=C1)C(=O)C,148.2,298.15,
Para-Ethyl Acetophenone,CCC1=CC=C(C=C1)C(=O)C,148.2,303.15,
Para-Ethyl Acetophenone,CCC1=CC=C(C=C1)C(=O)C,148.2,308.15,
Para-Ethyl Acetophenone,CCC1=CC=C(C=C1)C(=O)C,148.2,313.15,
Para-Ethyl Acetophenone,CCC1=CC=C(C=C1)C(=O)C,148.2,318.15,
Para-Ethyl Acetophenone,CCC1=CC=C(C=C1)C(=O)C,148.2,323.15,
Para-Ethyl Acetophenone,CCC1=CC=C(C=C1)C(=O)C,148.2,328.15,
Para-Ethyl Acetophenone,CCC1=CC=C(C=C1)C(=O)C,148.2,333.15,
Pineapple Pentenoate,CCOC(=O)C(C)CC=C,142.2,278.15,
Pineapple Pentenoate,CCOC(=O)C(C)CC=C,142.2,283.15,
Pineapple Pentenoate,CCOC(=O)C(C)CC=C,142.2,288.15,
Pineapple Pentenoate,CCOC(=O)C(C)CC=C,142.2,293.15,
Pineapple Pentenoate,CCOC(=O)C(C)CC=C,142.2,298.15,
Pineapple Pentenoate,CCOC(=O)C(C)CC=C,142.2,303.15,
Pineapple Pentenoate,CCOC(=O)C(C)CC=C,142.2,308.15,
Pineapple Pentenoate,CCOC(=O)C(C)CC=C,142.2,313.15,
Pineapple Pentenoate,CCOC(=O)C(C)CC=C,142.2,318.15,
Pineapple Pentenoate,CCOC(=O)C(C)CC=C,142.2,323.15,
Pineapple Pentenoate,CCOC(=O)C(C)CC=C,142.2,328.15,
Pineapple Pentenoate,CCOC(=O)C(C)CC=C,142.2,333.15,
Pinocarveol,CC1(C2CC1C(=C)C(C2)O)C,152.2,278.15,
Pinocarveol,CC1(C2CC1C(=C)C(C2)O)C,152.2,283.15,
Pinocarveol,CC1(C2CC1C(=C)C(C2)O)C,152.2,288.15,
Pinocarveol,CC1(C2CC1C(=C)C(C2)O)C,152.2,293.15,
Pinocarveol,CC1(C2CC1C(=C)C(C2)O)C,152.2,298.15,
Pinocarveol,CC1(C2CC1C(=C)C(C2)O)C,152.2,303.15,
Pinocarveol,CC1(C2CC1C(=C)C(C2)O)C,152.2,308.15,
Pinocarveol,CC1(C2CC1C(=C)C(C2)O)C,152.2,313.15,
Pinocarveol,CC1(C2CC1C(=C)C(C2)O)C,152.2,318.15,
Pinocarveol,CC1(C2CC1C(=C)C(C2)O)C,152.2,323.15,
Pinocarveol,CC1(C2CC1C(=C)C(C2)O)C,152.2,328.15,
Pinocarveol,CC1(C2CC1C(=C)C(C2)O)C,152.2,333.15,
"Propanedioic Acid, Dimethyl Ester",O=C(OC)CC(OC)=O,132.1,278.15,
"Propanedioic Acid, Dimethyl Ester",O=C(OC)CC(OC)=O,132.1,283.15,
"Propanedioic Acid, Dimethyl Ester",O=C(OC)CC(OC)=O,132.1,288.15,
"Propanedioic Acid, Dimethyl Ester",O=C(OC)CC(OC)=O,132.1,293.15,
"Propanedioic Acid, Dimethyl Ester",O=C(OC)CC(OC)=O,132.1,298.15,
"Propanedioic Acid, Dimethyl Ester",O=C(OC)CC(OC)=O,132.1,303.15,
"Propanedioic Acid, Dimethyl Ester",O=C(OC)CC(OC)=O,132.1,308.15,
"Propanedioic Acid, Dimethyl Ester",O=C(OC)CC(OC)=O,132.1,313.15,
"Propanedioic Acid, Dimethyl Ester",O=C(OC)CC(OC)=O,132.1,318.15,
"Propanedioic Acid, Dimethyl Ester",O=C(OC)CC(OC)=O,132.1,323.15,
"Propanedioic Acid, Dimethyl Ester",O=C(OC)CC(OC)=O,132.1,328.15,
"Propanedioic Acid, Dimethyl Ester",O=C(OC)CC(OC)=O,132.1,333.15,
Propiophenone,O=C(C1=CC=CC=C1)CC,134.2,278.15,
Propiophenone,O=C(C1=CC=CC=C1)CC,134.2,283.15,
Propiophenone,O=C(C1=CC=CC=C1)CC,134.2,288.15,
Propiophenone,O=C(C1=CC=CC=C1)CC,134.2,293.15,
Propiophenone,O=C(C1=CC=CC=C1)CC,134.2,298.15,
Propiophenone,O=C(C1=CC=CC=C1)CC,134.2,303.15,
Propiophenone,O=C(C1=CC=CC=C1)CC,134.2,308.15,
Propiophenone,O=C(C1=CC=CC=C1)CC,134.2,313.15,
Propiophenone,O=C(C1=CC=CC=C1)CC,134.2,318.15,
Propiophenone,O=C(C1=CC=CC=C1)CC,134.2,323.15,
Propiophenone,O=C(C1=CC=CC=C1)CC,134.2,328.15,
Propiophenone,O=C(C1=CC=CC=C1)CC,134.2,333.15,
Propylcyclohexane,CCCC1CCCCC1,126.2,278.15,
Propylcyclohexane,CCCC1CCCCC1,126.2,283.15,
Propylcyclohexane,CCCC1CCCCC1,126.2,288.15,
Propylcyclohexane,CCCC1CCCCC1,126.2,293.15,
Propylcyclohexane,CCCC1CCCCC1,126.2,298.15,
Propylcyclohexane,CCCC1CCCCC1,126.2,303.15,
Propylcyclohexane,CCCC1CCCCC1,126.2,308.15,
Propylcyclohexane,CCCC1CCCCC1,126.2,313.15,
Propylcyclohexane,CCCC1CCCCC1,126.2,318.15,
Propylcyclohexane,CCCC1CCCCC1,126.2,323.15,
Propylcyclohexane,CCCC1CCCCC1,126.2,328.15,
Propylcyclohexane,CCCC1CCCCC1,126.2,333.15,
Propylene Carbonate,O=C1OC(C)CO1,102.09,278.15,
Propylene Carbonate,O=C1OC(C)CO1,102.09,283.15,
Propylene Carbonate,O=C1OC(C)CO1,102.09,288.15,
Propylene Carbonate,O=C1OC(C)CO1,102.09,293.15,
Propylene Carbonate,O=C1OC(C)CO1,102.09,298.15,
Propylene Carbonate,O=C1OC(C)CO1,102.09,303.15,
Propylene Carbonate,O=C1OC(C)CO1,102.09,308.15,
Propylene Carbonate,O=C1OC(C)CO1,102.09,313.15,
Propylene Carbonate,O=C1OC(C)CO1,102.09,318.15,
Propylene Carbonate,O=C1OC(C)CO1,102.09,323.15,
Propylene Carbonate,O=C1OC(C)CO1,102.09,328.15,
Propylene Carbonate,O=C1OC(C)CO1,102.09,333.15,
Propylene Glycol Monomethyl Ether,OC(C)COC,90.12,278.15,
Propylene Glycol Monomethyl Ether,OC(C)COC,90.12,283.15,
Propylene Glycol Monomethyl Ether,OC(C)COC,90.12,288.15,
Propylene Glycol Monomethyl Ether,OC(C)COC,90.12,293.15,
Propylene Glycol Monomethyl Ether,OC(C)COC,90.12,298.15,
Propylene Glycol Monomethyl Ether,OC(C)COC,90.12,303.15,
Propylene Glycol Monomethyl Ether,OC(C)COC,90.12,308.15,
Propylene Glycol Monomethyl Ether,OC(C)COC,90.12,313.15,
Propylene Glycol Monomethyl Ether,OC(C)COC,90.12,318.15,
Propylene Glycol Monomethyl Ether,OC(C)COC,90.12,323.15,
Propylene Glycol Monomethyl Ether,OC(C)COC,90.12,328.15,
Propylene Glycol Monomethyl Ether,OC(C)COC,90.12,333.15,
Propylene Glycol Monophenyl Ether,CC(COC1=CC=CC=C1)O,152.19,278.15,
Propylene Glycol Monophenyl Ether,CC(COC1=CC=CC=C1)O,152.19,283.15,
Propylene Glycol Monophenyl Ether,CC(COC1=CC=CC=C1)O,152.19,288.15,
Propylene Glycol Monophenyl Ether,CC(COC1=CC=CC=C1)O,152.19,293.15,
Propylene Glycol Monophenyl Ether,CC(COC1=CC=CC=C1)O,152.19,298.15,
Propylene Glycol Monophenyl Ether,CC(COC1=CC=CC=C1)O,152.19,303.15,
Propylene Glycol Monophenyl Ether,CC(COC1=CC=CC=C1)O,152.19,308.15,
Propylene Glycol Monophenyl Ether,CC(COC1=CC=CC=C1)O,152.19,313.15,
Propylene Glycol Monophenyl Ether,CC(COC1=CC=CC=C1)O,152.19,318.15,
Propylene Glycol Monophenyl Ether,CC(COC1=CC=CC=C1)O,152.19,323.15,
Propylene Glycol Monophenyl Ether,CC(COC1=CC=CC=C1)O,152.19,328.15,
Propylene Glycol Monophenyl Ether,CC(COC1=CC=CC=C1)O,152.19,333.15,
Pyrimidine,C1=CC=NC=N1,80.09,278.15,
Pyrimidine,C1=CC=NC=N1,80.09,283.15,
Pyrimidine,C1=CC=NC=N1,80.09,288.15,
Pyrimidine,C1=CC=NC=N1,80.09,293.15,
Pyrimidine,C1=CC=NC=N1,80.09,298.15,
Pyrimidine,C1=CC=NC=N1,80.09,303.15,
Pyrimidine,C1=CC=NC=N1,80.09,308.15,
Pyrimidine,C1=CC=NC=N1,80.09,313.15,
Pyrimidine,C1=CC=NC=N1,80.09,318.15,
Pyrimidine,C1=CC=NC=N1,80.09,323.15,
Pyrimidine,C1=CC=NC=N1,80.09,328.15,
Pyrimidine,C1=CC=NC=N1,80.09,333.15,
Terpineol,CC1=CCC(CC1)C(C)(C)O,154.2,278.15,
Terpineol,CC1=CCC(CC1)C(C)(C)O,154.2,283.15,
Terpineol,CC1=CCC(CC1)C(C)(C)O,154.2,288.15,
Terpineol,CC1=CCC(CC1)C(C)(C)O,154.2,293.15,
Terpineol,CC1=CCC(CC1)C(C)(C)O,154.2,298.15,
Terpineol,CC1=CCC(CC1)C(C)(C)O,154.2,303.15,
Terpineol,CC1=CCC(CC1)C(C)(C)O,154.2,308.15,
Terpineol,CC1=CCC(CC1)C(C)(C)O,154.2,313.15,
Terpineol,CC1=CCC(CC1)C(C)(C)O,154.2,318.15,
Terpineol,CC1=CCC(CC1)C(C)(C)O,154.2,323.15,
Terpineol,CC1=CCC(CC1)C(C)(C)O,154.2,328.15,
Terpineol,CC1=CCC(CC1)C(C)(C)O,154.2,333.15,
Tetrahydro-2H-Pyran-2-Ylmethanol,OCC1OCCCC1,116.2,278.15,
Tetrahydro-2H-Pyran-2-Ylmethanol,OCC1OCCCC1,116.2,283.15,
Tetrahydro-2H-Pyran-2-Ylmethanol,OCC1OCCCC1,116.2,288.15,
Tetrahydro-2H-Pyran-2-Ylmethanol,OCC1OCCCC1,116.2,293.15,
Tetrahydro-2H-Pyran-2-Ylmethanol,OCC1OCCCC1,116.2,298.15,
Tetrahydro-2H-Pyran-2-Ylmethanol,OCC1OCCCC1,116.2,303.15,
Tetrahydro-2H-Pyran-2-Ylmethanol,OCC1OCCCC1,116.2,308.15,
Tetrahydro-2H-Pyran-2-Ylmethanol,OCC1OCCCC1,116.2,313.15,
Tetrahydro-2H-Pyran-2-Ylmethanol,OCC1OCCCC1,116.2,318.15,
Tetrahydro-2H-Pyran-2-Ylmethanol,OCC1OCCCC1,116.2,323.15,
Tetrahydro-2H-Pyran-2-Ylmethanol,OCC1OCCCC1,116.2,328.15,
Tetrahydro-2H-Pyran-2-Ylmethanol,OCC1OCCCC1,116.2,333.15,
Tetrahydropyran,C1CCOCC1,86.13,278.15,
Tetrahydropyran,C1CCOCC1,86.13,283.15,
Tetrahydropyran,C1CCOCC1,86.13,288.15,
Tetrahydropyran,C1CCOCC1,86.13,293.15,
Tetrahydropyran,C1CCOCC1,86.13,298.15,
Tetrahydropyran,C1CCOCC1,86.13,303.15,
Tetrahydropyran,C1CCOCC1,86.13,308.15,
Tetrahydropyran,C1CCOCC1,86.13,313.15,
Tetrahydropyran,C1CCOCC1,86.13,318.15,
Tetrahydropyran,C1CCOCC1,86.13,323.15,
Tetrahydropyran,C1CCOCC1,86.13,328.15,
Tetrahydropyran,C1CCOCC1,86.13,333.15,
Tetrahydrothiapyran,C1CCSCC1,102.2,278.15,
Tetrahydrothiapyran,C1CCSCC1,102.2,283.15,
Tetrahydrothiapyran,C1CCSCC1,102.2,288.15,
Tetrahydrothiapyran,C1CCSCC1,102.2,293.15,
Tetrahydrothiapyran,C1CCSCC1,102.2,298.15,
Tetrahydrothiapyran,C1CCSCC1,102.2,303.15,
Tetrahydrothiapyran,C1CCSCC1,102.2,308.15,
Tetrahydrothiapyran,C1CCSCC1,102.2,313.15,
Tetrahydrothiapyran,C1CCSCC1,102.2,318.15,
Tetrahydrothiapyran,C1CCSCC1,102.2,323.15,
Tetrahydrothiapyran,C1CCSCC1,102.2,328.15,
Tetrahydrothiapyran,C1CCSCC1,102.2,333.15,
Tetramethylene Sulfoxide,C1CCS(=O)C1,104.17,278.15,
Tetramethylene Sulfoxide,C1CCS(=O)C1,104.17,283.15,
Tetramethylene Sulfoxide,C1CCS(=O)C1,104.17,288.15,
Tetramethylene Sulfoxide,C1CCS(=O)C1,104.17,293.15,
Tetramethylene Sulfoxide,C1CCS(=O)C1,104.17,298.15,
Tetramethylene Sulfoxide,C1CCS(=O)C1,104.17,303.15,
Tetramethylene Sulfoxide,C1CCS(=O)C1,104.17,308.15,
Tetramethylene Sulfoxide,C1CCS(=O)C1,104.17,313.15,
Tetramethylene Sulfoxide,C1CCS(=O)C1,104.17,318.15,
Tetramethylene Sulfoxide,C1CCS(=O)C1,104.17,323.15,
Tetramethylene Sulfoxide,C1CCS(=O)C1,104.17,328.15,
Tetramethylene Sulfoxide,C1CCS(=O)C1,104.17,333.15,
Thymyl Methyl Ether,CC1=CC(=C(C=C1)C(C)C)OC,164.2,278.15,
Thymyl Methyl Ether,CC1=CC(=C(C=C1)C(C)C)OC,164.2,283.15,
Thymyl Methyl Ether,CC1=CC(=C(C=C1)C(C)C)OC,164.2,288.15,
Thymyl Methyl Ether,CC1=CC(=C(C=C1)C(C)C)OC,164.2,293.15,
Thymyl Methyl Ether,CC1=CC(=C(C=C1)C(C)C)OC,164.2,298.15,
Thymyl Methyl Ether,CC1=CC(=C(C=C1)C(C)C)OC,164.2,303.15,
Thymyl Methyl Ether,CC1=CC(=C(C=C1)C(C)C)OC,164.2,308.15,
Thymyl Methyl Ether,CC1=CC(=C(C=C1)C(C)C)OC,164.2,313.15,
Thymyl Methyl Ether,CC1=CC(=C(C=C1)C(C)C)OC,164.2,318.15,
Thymyl Methyl Ether,CC1=CC(=C(C=C1)C(C)C)OC,164.2,323.15,
Thymyl Methyl Ether,CC1=CC(=C(C=C1)C(C)C)OC,164.2,328.15,
Thymyl Methyl Ether,CC1=CC(=C(C=C1)C(C)C)OC,164.2,333.15,
Triethylene Glycol,OCCOCCOCCO,150.17,278.15,
Triethylene Glycol,OCCOCCOCCO,150.17,283.15,
Triethylene Glycol,OCCOCCOCCO,150.17,288.15,
Triethylene Glycol,OCCOCCOCCO,150.17,293.15,
Triethylene Glycol,OCCOCCOCCO,150.17,298.15,
Triethylene Glycol,OCCOCCOCCO,150.17,303.15,
Triethylene Glycol,OCCOCCOCCO,150.17,308.15,
Triethylene Glycol,OCCOCCOCCO,150.17,313.15,
Triethylene Glycol,OCCOCCOCCO,150.17,318.15,
Triethylene Glycol,OCCOCCOCCO,150.17,323.15,
Triethylene Glycol,OCCOCCOCCO,150.17,328.15,
Triethylene Glycol,OCCOCCOCCO,150.17,333.15,
Tropical Oxathiane,CCCC1CCOC(S1)C,160.3,278.15,
Tropical Oxathiane,CCCC1CCOC(S1)C,160.3,283.15,
Tropical Oxathiane,CCCC1CCOC(S1)C,160.3,288.15,
Tropical Oxathiane,CCCC1CCOC(S1)C,160.3,293.15,
Tropical Oxathiane,CCCC1CCOC(S1)C,160.3,298.15,
Tropical Oxathiane,CCCC1CCOC(S1)C,160.3,303.15,
Tropical Oxathiane,CCCC1CCOC(S1)C,160.3,308.15,
Tropical Oxathiane,CCCC1CCOC(S1)C,160.3,313.15,
Tropical Oxathiane,CCCC1CCOC(S1)C,160.3,318.15,
Tropical Oxathiane,CCCC1CCOC(S1)C,160.3,323.15,
Tropical Oxathiane,CCCC1CCOC(S1)C,160.3,328.15,
Tropical Oxathiane,CCCC1CCOC(S1)C,160.3,333.15,
Vanilla Carboxylate,COC(=O)C1CCCCC1,142.2,278.15,
Vanilla Carboxylate,COC(=O)C1CCCCC1,142.2,283.15,
Vanilla Carboxylate,COC(=O)C1CCCCC1,142.2,288.15,
Vanilla Carboxylate,COC(=O)C1CCCCC1,142.2,293.15,
Vanilla Carboxylate,COC(=O)C1CCCCC1,142.2,298.15,
Vanilla Carboxylate,COC(=O)C1CCCCC1,142.2,303.15,
Vanilla Carboxylate,COC(=O)C1CCCCC1,142.2,308.15,
Vanilla Carboxylate,COC(=O)C1CCCCC1,142.2,313.15,
Vanilla Carboxylate,COC(=O)C1CCCCC1,142.2,318.15,
Vanilla Carboxylate,COC(=O)C1CCCCC1,142.2,323.15,
Vanilla Carboxylate,COC(=O)C1CCCCC1,142.2,328.15,
Vanilla Carboxylate,COC(=O)C1CCCCC1,142.2,333.15,
W321818 Trans-2-Pentenal,O=C/C=C/CC,84.1,278.15,
W321818 Trans-2-Pentenal,O=C/C=C/CC,84.1,283.15,
W321818 Trans-2-Pentenal,O=C/C=C/CC,84.1,288.15,
W321818 Trans-2-Pentenal,O=C/C=C/CC,84.1,293.15,
W321818 Trans-2-Pentenal,O=C/C=C/CC,84.1,298.15,
W321818 Trans-2-Pentenal,O=C/C=C/CC,84.1,303.15,
W321818 Trans-2-Pentenal,O=C/C=C/CC,84.1,308.15,
W321818 Trans-2-Pentenal,O=C/C=C/CC,84.1,313.15,
W321818 Trans-2-Pentenal,O=C/C=C/CC,84.1,318.15,
W321818 Trans-2-Pentenal,O=C/C=C/CC,84.1,323.15,
W321818 Trans-2-Pentenal,O=C/C=C/CC,84.1,328.15,
W321818 Trans-2-Pentenal,O=C/C=C/CC,84.1,333.15,
Water,[H]O[H],18.02,278.15,
Water,[H]O[H],18.02,283.15,
Water,[H]O[H],18.02,288.15,
Water,[H]O[H],18.02,293.15,
Water,[H]O[H],18.02,298.15,
Water,[H]O[H],18.02,303.15,
Water,[H]O[H],18.02,308.15,
Water,[H]O[H],18.02,313.15,
Water,[H]O[H],18.02,318.15,
Water,[H]O[H],18.02,323.15,
Water,[H]O[H],18.02,328.15,
Water,[H]O[H],18.02,333.15,
m-Diethylbenzene,CCC1=CC=CC(CC)=C1,134.2,278.15,
m-Diethylbenzene,CCC1=CC=CC(CC)=C1,134.2,283.15,
m-Diethylbenzene,CCC1=CC=CC(CC)=C1,134.2,288.15,
m-Diethylbenzene,CCC1=CC=CC(CC)=C1,134.2,293.15,
m-Diethylbenzene,CCC1=CC=CC(CC)=C1,134.2,298.15,
m-Diethylbenzene,CCC1=CC=CC(CC)=C1,134.2,303.15,
m-Diethylbenzene,CCC1=CC=CC(CC)=C1,134.2,308.15,
m-Diethylbenzene,CCC1=CC=CC(CC)=C1,134.2,313.15,
m-Diethylbenzene,CCC1=CC=CC(CC)=C1,134.2,318.15,
m-Diethylbenzene,CCC1=CC=CC(CC)=C1,134.2,323.15,
m-Diethylbenzene,CCC1=CC=CC(CC)=C1,134.2,328.15,
m-Diethylbenzene,CCC1=CC=CC(CC)=C1,134.2,333.15,
m-Dimethoxybenzene,COC1=CC(OC)=CC=C1,138.2,278.15,
m-Dimethoxybenzene,COC1=CC(OC)=CC=C1,138.2,283.15,
m-Dimethoxybenzene,COC1=CC(OC)=CC=C1,138.2,288.15,
m-Dimethoxybenzene,COC1=CC(OC)=CC=C1,138.2,293.15,
m-Dimethoxybenzene,COC1=CC(OC)=CC=C1,138.2,298.15,
m-Dimethoxybenzene,COC1=CC(OC)=CC=C1,138.2,303.15,
m-Dimethoxybenzene,COC1=CC(OC)=CC=C1,138.2,308.15,
m-Dimethoxybenzene,COC1=CC(OC)=CC=C1,138.2,313.15,
m-Dimethoxybenzene,COC1=CC(OC)=CC=C1,138.2,318.15,
m-Dimethoxybenzene,COC1=CC(OC)=CC=C1,138.2,323.15,
m-Dimethoxybenzene,COC1=CC(OC)=CC=C1,138.2,328.15,
m-Dimethoxybenzene,COC1=CC(OC)=CC=C1,138.2,333.15,
n-Butyl Acetate,CC(OCCCC)=O,116.16,278.15,
n-Butyl Acetate,CC(OCCCC)=O,116.16,283.15,
n-Butyl Acetate,CC(OCCCC)=O,116.16,288.15,
n-Butyl Acetate,CC(OCCCC)=O,116.16,293.15,
n-Butyl Acetate,CC(OCCCC)=O,116.16,298.15,
n-Butyl Acetate,CC(OCCCC)=O,116.16,303.15,
n-Butyl Acetate,CC(OCCCC)=O,116.16,308.15,
n-Butyl Acetate,CC(OCCCC)=O,116.16,313.15,
n-Butyl Acetate,CC(OCCCC)=O,116.16,318.15,
n-Butyl Acetate,CC(OCCCC)=O,116.16,323.15,
n-Butyl Acetate,CC(OCCCC)=O,116.16,328.15,
n-Butyl Acetate,CC(OCCCC)=O,116.16,333.15,
n-Butyl Cyclohexane,CCCCC1CCCCC1,140.27,278.15,
n-Butyl Cyclohexane,CCCCC1CCCCC1,140.27,283.15,
n-Butyl Cyclohexane,CCCCC1CCCCC1,140.27,288.15,
n-Butyl Cyclohexane,CCCCC1CCCCC1,140.27,293.15,
n-Butyl Cyclohexane,CCCCC1CCCCC1,140.27,298.15,
n-Butyl Cyclohexane,CCCCC1CCCCC1,140.27,303.15,
n-Butyl Cyclohexane,CCCCC1CCCCC1,140.27,308.15,
n-Butyl Cyclohexane,CCCCC1CCCCC1,140.27,313.15,
n-Butyl Cyclohexane,CCCCC1CCCCC1,140.27,318.15,
n-Butyl Cyclohexane,CCCCC1CCCCC1,140.27,323.15,
n-Butyl Cyclohexane,CCCCC1CCCCC1,140.27,328.15,
n-Butyl Cyclohexane,CCCCC1CCCCC1,140.27,333.15,
n-Heptyl Acetate,CC(OCCCCCCC)=O,158.24,278.15,
n-Heptyl Acetate,CC(OCCCCCCC)=O,158.24,283.15,
n-Heptyl Acetate,CC(OCCCCCCC)=O,158.24,288.15,
n-Heptyl Acetate,CC(OCCCCCCC)=O,158.24,293.15,
n-Heptyl Acetate,CC(OCCCCCCC)=O,158.24,298.15,
n-Heptyl Acetate,CC(OCCCCCCC)=O,158.24,303.15,
n-Heptyl Acetate,CC(OCCCCCCC)=O,158.24,308.15,
n-Heptyl Acetate,CC(OCCCCCCC)=O,158.24,313.15,
n-Heptyl Acetate,CC(OCCCCCCC)=O,158.24,318.15,
n-Heptyl Acetate,CC(OCCCCCCC)=O,158.24,323.15,
n-Heptyl Acetate,CC(OCCCCCCC)=O,158.24,328.15,
n-Heptyl Acetate,CC(OCCCCCCC)=O,158.24,333.15,
n-Propyl Acetate,CC(OCCC)=O,102.13,278.15,
n-Propyl Acetate,CC(OCCC)=O,102.13,283.15,
n-Propyl Acetate,CC(OCCC)=O,102.13,288.15,
n-Propyl Acetate,CC(OCCC)=O,102.13,293.15,
n-Propyl Acetate,CC(OCCC)=O,102.13,298.15,
n-Propyl Acetate,CC(OCCC)=O,102.13,303.15,
n-Propyl Acetate,CC(OCCC)=O,102.13,308.15,
n-Propyl Acetate,CC(OCCC)=O,102.13,313.15,
n-Propyl Acetate,CC(OCCC)=O,102.13,318.15,
n-Propyl Acetate,CC(OCCC)=O,102.13,323.15,
n-Propyl Acetate,CC(OCCC)=O,102.13,328.15,
n-Propyl Acetate,CC(OCCC)=O,102.13,333.15,
o-Methylanisole,COC1=CC=CC=C1C,122.2,278.15,
o-Methylanisole,COC1=CC=CC=C1C,122.2,283.15,
o-Methylanisole,COC1=CC=CC=C1C,122.2,288.15,
o-Methylanisole,COC1=CC=CC=C1C,122.2,293.15,
o-Methylanisole,COC1=CC=CC=C1C,122.2,298.15,
o-Methylanisole,COC1=CC=CC=C1C,122.2,303.15,
o-Methylanisole,COC1=CC=CC=C1C,122.2,308.15,
o-Methylanisole,COC1=CC=CC=C1C,122.2,313.15,
o-Methylanisole,COC1=CC=CC=C1C,122.2,318.15,
o-Methylanisole,COC1=CC=CC=C1C,122.2,323.15,
o-Methylanisole,COC1=CC=CC=C1C,122.2,328.15,
o-Methylanisole,COC1=CC=CC=C1C,122.2,333.15,
o-Xylene,CC1=C(C)C=CC=C1,106.17,278.15,
o-Xylene,CC1=C(C)C=CC=C1,106.17,283.15,
o-Xylene,CC1=C(C)C=CC=C1,106.17,288.15,
o-Xylene,CC1=C(C)C=CC=C1,106.17,293.15,
o-Xylene,CC1=C(C)C=CC=C1,106.17,298.15,
o-Xylene,CC1=C(C)C=CC=C1,106.17,303.15,
o-Xylene,CC1=C(C)C=CC=C1,106.17,308.15,
o-Xylene,CC1=C(C)C=CC=C1,106.17,313.15,
o-Xylene,CC1=C(C)C=CC=C1,106.17,318.15,
o-Xylene,CC1=C(C)C=CC=C1,106.17,323.15,
o-Xylene,CC1=C(C)C=CC=C1,106.17,328.15,
o-Xylene,CC1=C(C)C=CC=C1,106.17,333.15,
p-Cymene,CC(C1=CC=C(C)C=C1)C,134.2,278.15,
p-Cymene,CC(C1=CC=C(C)C=C1)C,134.2,283.15,
p-Cymene,CC(C1=CC=C(C)C=C1)C,134.2,288.15,
p-Cymene,CC(C1=CC=C(C)C=C1)C,134.2,293.15,
p-Cymene,CC(C1=CC=C(C)C=C1)C,134.2,298.15,
p-Cymene,CC(C1=CC=C(C)C=C1)C,134.2,303.15,
p-Cymene,CC(C1=CC=C(C)C=C1)C,134.2,308.15,
p-Cymene,CC(C1=CC=C(C)C=C1)C,134.2,313.15,
p-Cymene,CC(C1=CC=C(C)C=C1)C,134.2,318.15,
p-Cymene,CC(C1=CC=C(C)C=C1)C,134.2,323.15,
p-Cymene,CC(C1=CC=C(C)C=C1)C,134.2,328.15,
p-Cymene,CC(C1=CC=C(C)C=C1)C,134.2,333.15,
p-Methoxystyrene,C=CC1=CC=C(OC)C=C1,134.2,278.15,
p-Methoxystyrene,C=CC1=CC=C(OC)C=C1,134.2,283.15,
p-Methoxystyrene,C=CC1=CC=C(OC)C=C1,134.2,288.15,
p-Methoxystyrene,C=CC1=CC=C(OC)C=C1,134.2,293.15,
p-Methoxystyrene,C=CC1=CC=C(OC)C=C1,134.2,298.15,
p-Methoxystyrene,C=CC1=CC=C(OC)C=C1,134.2,303.15,
p-Methoxystyrene,C=CC1=CC=C(OC)C=C1,134.2,308.15,
p-Methoxystyrene,C=CC1=CC=C(OC)C=C1,134.2,313.15,
p-Methoxystyrene,C=CC1=CC=C(OC)C=C1,134.2,318.15,
p-Methoxystyrene,C=CC1=CC=C(OC)C=C1,134.2,323.15,
p-Methoxystyrene,C=CC1=CC=C(OC)C=C1,134.2,328.15,
p-Methoxystyrene,C=CC1=CC=C(OC)C=C1,134.2,333.15,
α-Angelica Lactone,CC1=CCC(=O)O1,98.1,278.15,
α-Angelica Lactone,CC1=CCC(=O)O1,98.1,283.15,
α-Angelica Lactone,CC1=CCC(=O)O1,98.1,288.15,
α-Angelica Lactone,CC1=CCC(=O)O1,98.1,293.15,
α-Angelica Lactone,CC1=CCC(=O)O1,98.1,298.15,
α-Angelica Lactone,CC1=CCC(=O)O1,98.1,303.15,
α-Angelica Lactone,CC1=CCC(=O)O1,98.1,308.15,
α-Angelica Lactone,CC1=CCC(=O)O1,98.1,313.15,
α-Angelica Lactone,CC1=CCC(=O)O1,98.1,318.15,
α-Angelica Lactone,CC1=CCC(=O)O1,98.1,323.15,
α-Angelica Lactone,CC1=CCC(=O)O1,98.1,328.15,
α-Angelica Lactone,CC1=CCC(=O)O1,98.1,333.15,
α-Terpinyl Acetate,CC1=CCC(CC1)C(C)(C)OC(=O)C,196.3,278.15,
α-Terpinyl Acetate,CC1=CCC(CC1)C(C)(C)OC(=O)C,196.3,283.15,
α-Terpinyl Acetate,CC1=CCC(CC1)C(C)(C)OC(=O)C,196.3,288.15,
α-Terpinyl Acetate,CC1=CCC(CC1)C(C)(C)OC(=O)C,196.3,293.15,
α-Terpinyl Acetate,CC1=CCC(CC1)C(C)(C)OC(=O)C,196.3,298.15,
α-Terpinyl Acetate,CC1=CCC(CC1)C(C)(C)OC(=O)C,196.3,303.15,
α-Terpinyl Acetate,CC1=CCC(CC1)C(C)(C)OC(=O)C,196.3,308.15,
α-Terpinyl Acetate,CC1=CCC(CC1)C(C)(C)OC(=O)C,196.3,313.15,
α-Terpinyl Acetate,CC1=CCC(CC1)C(C)(C)OC(=O)C,196.3,318.15,
α-Terpinyl Acetate,CC1=CCC(CC1)C(C)(C)OC(=O)C,196.3,323.15,
α-Terpinyl Acetate,CC1=CCC(CC1)C(C)(C)OC(=O)C,196.3,328.15,
α-Terpinyl Acetate,CC1=CCC(CC1)C(C)(C)OC(=O)C,196.3,333.15,
β-Ionone    ,O=C(C)/C=C/C1=C(C)CCCC1(C)C,192.3,278.15,
β-Ionone    ,O=C(C)/C=C/C1=C(C)CCCC1(C)C,192.3,283.15,
β-Ionone    ,O=C(C)/C=C/C1=C(C)CCCC1(C)C,192.3,288.15,
β-Ionone    ,O=C(C)/C=C/C1=C(C)CCCC1(C)C,192.3,293.15,
β-Ionone    ,O=C(C)/C=C/C1=C(C)CCCC1(C)C,192.3,298.15,
β-Ionone    ,O=C(C)/C=C/C1=C(C)CCCC1(C)C,192.3,303.15,
β-Ionone    ,O=C(C)/C=C/C1=C(C)CCCC1(C)C,192.3,308.15,
β-Ionone    ,O=C(C)/C=C/C1=C(C)CCCC1(C)C,192.3,313.15,
β-Ionone    ,O=C(C)/C=C/C1=C(C)CCCC1(C)C,192.3,318.15,
β-Ionone    ,O=C(C)/C=C/C1=C(C)CCCC1(C)C,192.3,323.15,
β-Ionone    ,O=C(C)/C=C/C1=C(C)CCCC1(C)C,192.3,328.15,
β-Ionone    ,O=C(C)/C=C/C1=C(C)CCCC1(C)C,192.3,333.15,
β-Ocimene,CC(=CCC=C(C)C=C)C,136.2,278.15,
β-Ocimene,CC(=CCC=C(C)C=C)C,136.2,283.15,
β-Ocimene,CC(=CCC=C(C)C=C)C,136.2,288.15,
β-Ocimene,CC(=CCC=C(C)C=C)C,136.2,293.15,
β-Ocimene,CC(=CCC=C(C)C=C)C,136.2,298.15,
β-Ocimene,CC(=CCC=C(C)C=C)C,136.2,303.15,
β-Ocimene,CC(=CCC=C(C)C=C)C,136.2,308.15,
β-Ocimene,CC(=CCC=C(C)C=C)C,136.2,313.15,
β-Ocimene,CC(=CCC=C(C)C=C)C,136.2,318.15,
β-Ocimene,CC(=CCC=C(C)C=C)C,136.2,323.15,
β-Ocimene,CC(=CCC=C(C)C=C)C,136.2,328.15,
β-Ocimene,CC(=CCC=C(C)C=C)C,136.2,333.15,
γ-Heptalactone,CCCC1CCC(=O)O1,128.2,278.15,
γ-Heptalactone,CCCC1CCC(=O)O1,128.2,283.15,
γ-Heptalactone,CCCC1CCC(=O)O1,128.2,288.15,
γ-Heptalactone,CCCC1CCC(=O)O1,128.2,293.15,
γ-Heptalactone,CCCC1CCC(=O)O1,128.2,298.15,
γ-Heptalactone,CCCC1CCC(=O)O1,128.2,303.15,
γ-Heptalactone,CCCC1CCC(=O)O1,128.2,308.15,
γ-Heptalactone,CCCC1CCC(=O)O1,128.2,313.15,
γ-Heptalactone,CCCC1CCC(=O)O1,128.2,318.15,
γ-Heptalactone,CCCC1CCC(=O)O1,128.2,323.15,
γ-Heptalactone,CCCC1CCC(=O)O1,128.2,328.15,
γ-Heptalactone,CCCC1CCC(=O)O1,128.2,333.15,
γ-Hexalactone,CCC1CCC(=O)O1,114.1,278.15,
γ-Hexalactone,CCC1CCC(=O)O1,114.1,283.15,
γ-Hexalactone,CCC1CCC(=O)O1,114.1,288.15,
γ-Hexalactone,CCC1CCC(=O)O1,114.1,293.15,
γ-Hexalactone,CCC1CCC(=O)O1,114.1,298.15,
γ-Hexalactone,CCC1CCC(=O)O1,114.1,303.15,
γ-Hexalactone,CCC1CCC(=O)O1,114.1,308.15,
γ-Hexalactone,CCC1CCC(=O)O1,114.1,313.15,
γ-Hexalactone,CCC1CCC(=O)O1,114.1,318.15,
γ-Hexalactone,CCC1CCC(=O)O1,114.1,323.15,
γ-Hexalactone,CCC1CCC(=O)O1,114.1,328.15,
γ-Hexalactone,CCC1CCC(=O)O1,114.1,333.15,
γ-Nonalactone,CCCCCC1CCC(=O)O1,156.2,278.15,
γ-Nonalactone,CCCCCC1CCC(=O)O1,156.2,283.15,
γ-Nonalactone,CCCCCC1CCC(=O)O1,156.2,288.15,
γ-Nonalactone,CCCCCC1CCC(=O)O1,156.2,293.15,
γ-Nonalactone,CCCCCC1CCC(=O)O1,156.2,298.15,
γ-Nonalactone,CCCCCC1CCC(=O)O1,156.2,303.15,
γ-Nonalactone,CCCCCC1CCC(=O)O1,156.2,308.15,
γ-Nonalactone,CCCCCC1CCC(=O)O1,156.2,313.15,
γ-Nonalactone,CCCCCC1CCC(=O)O1,156.2,318.15,
γ-Nonalactone,CCCCCC1CCC(=O)O1,156.2,323.15,
γ-Nonalactone,CCCCCC1CCC(=O)O1,156.2,328.15,
γ-Nonalactone,CCCCCC1CCC(=O)O1,156.2,333.15,
γ-Valerolactone,CC(CC1)OC1=O,100.1,278.15,
γ-Valerolactone,CC(CC1)OC1=O,100.1,283.15,
γ-Valerolactone,CC(CC1)OC1=O,100.1,288.15,
γ-Valerolactone,CC(CC1)OC1=O,100.1,293.15,
γ-Valerolactone,CC(CC1)OC1=O,100.1,298.15,
γ-Valerolactone,CC(CC1)OC1=O,100.1,303.15,
γ-Valerolactone,CC(CC1)OC1=O,100.1,308.15,
γ-Valerolactone,CC(CC1)OC1=O,100.1,313.15,
γ-Valerolactone,CC(CC1)OC1=O,100.1,318.15,
γ-Valerolactone,CC(CC1)OC1=O,100.1,323.15,
γ-Valerolactone,CC(CC1)OC1=O,100.1,328.15,
γ-Valerolactone,CC(CC1)OC1=O,100.1,333.15,
